is_salary_post,title,level,tenure_length,salary,currency,company_industry,education,relocation_signing_bonus,stock_recurring_bonuses,total_comp,additional_notes,comment_id,comment_url,post_id,username,created_at,upvotes,original_body,is_remote,location_string,country,city,prior_experience_description,had_internship,had_coop,location,prior_experience,thread_id,thread_title,thread_url
True,Data Scientist,,1 yr,175000.0,USD,Mid-size Tech,MS in Statistics,20000.0,20%,210000.0,,t1_j2nm679,https://www.reddit.com/r/datascience/comments/101hxlj/official_2022_end_of_year_salary_sharing_thread/j2nm679/,t3_101hxlj,pntbttrnjlly,2023-01-02T17:51:14.000Z,195,"* **Title:** Data Scientist
* **Tenure length:** 1 yr
* **Office Location:** Houston, TX
   * **Remote:** Yes
* **Salary:** $175,000
* **Company/Industry:** Mid-size Tech
* **Education:** MS in Statistics
* **Prior Experience:** 5 yrs
* **Relocation/Signing Bonus:** $20,000
* **Stock and/or recurring bonuses:** 20%
* **Total Comp:** $210,000",True,"Houston, TX",United States,Houston,5 yrs,,,,,101hxlj,[Official] 2022 End of Year Salary Sharing thread,https://www.reddit.com/r/datascience/comments/101hxlj/official_2022_end_of_year_salary_sharing_thread/
True,,,1 year,70000.0,GBP,Retail,PhD,,10%,75000.0,Hybrid (4D WFM); Relocation/Signing Bonus: NA,t1_j4n9orh,https://www.reddit.com/r/datascience/comments/101hxlj/official_2022_end_of_year_salary_sharing_thread/j4n9orh/,t3_101hxlj,Atleast-legal,2023-01-16T22:30:45.000Z,5,"• Title:
• Tenure length: 1 year
• Location: London
• $Remote: hybrid (4D WFM)
• Salary: £70,000
• Company Industry: Retail
• Education: PhD
• Prior Experience: 1 yr
. internship
• $Coop
• Relocation/Signing Bonus: NA
•Stock and/or recurring bonuses: 10%
• Total comp: £75,000",True,London,United Kingdom,London,1 yr internship,True,,,,101hxlj,[Official] 2022 End of Year Salary Sharing thread,https://www.reddit.com/r/datascience/comments/101hxlj/official_2022_end_of_year_salary_sharing_thread/
True,,,,92000.0,USD,,,,,,Salary stated as USD converted from HKD.,t1_j3l1vty,https://www.reddit.com/r/datascience/comments/101hxlj/official_2022_end_of_year_salary_sharing_thread/j3l1vty/,t3_101hxlj,ResearcherNo4728,2023-01-09T08:01:34.000Z,3,"And here I am with my US$ 92k salary (converted from HK$) in Hong Kong with 5 years of data science experience, trying not be sad looking at your numbers :')",,Hong Kong,Hong Kong,Hong Kong,5 years of data science experience,,,,,101hxlj,[Official] 2022 End of Year Salary Sharing thread,https://www.reddit.com/r/datascience/comments/101hxlj/official_2022_end_of_year_salary_sharing_thread/
True,Junior DS,Junior,2 months,,USD,Healthcare,MS,,,55000.0,Just graduated college.,t1_j2o5h3q,https://www.reddit.com/r/datascience/comments/101hxlj/official_2022_end_of_year_salary_sharing_thread/j2o5h3q/,t3_101hxlj,shadowBaka,2023-01-02T19:53:53.000Z,73,"Title: Junior DS

Tenure length: 2 months (just graduated college) 

Location: Remote, Europe 

Total comp: $55k 

Industry: Healthcare

Education: MS

Prior experience: None",True,"Remote, Europe",Europe,,None,,,,,101hxlj,[Official] 2022 End of Year Salary Sharing thread,https://www.reddit.com/r/datascience/comments/101hxlj/official_2022_end_of_year_salary_sharing_thread/
True,Data Analyst,,1.5 years,113000.0,USD,Public/Federal Subcontractor,Bachelor's Science Quantitative Finance,,"$6,000 year end bonus for 2022",119000.0,"Fully remote position with office location in Arlington, VA.",t1_j2nhrc7,https://www.reddit.com/r/datascience/comments/101hxlj/official_2022_end_of_year_salary_sharing_thread/j2nhrc7/,t3_101hxlj,refpuz,2023-01-02T17:22:50.000Z,55,"* **Title:** Data Analyst
* **Tenure length:** 1.5 years
* **Location:** Arlington, VA (office location)
   * **Remote:** Yes, fully remote position
* **Salary:** $113,000
* **Company/Industry:** Public/Federal Subcontractor
* **Education:** Bachelor's Science Quantitative Finance
* **Prior Experience:** 2 years in Finance, 3.5 years in Automotive, both similar positions in scope. 
   * **$Internship:** NA
* **Relocation/Signing Bonus:** NA
* **Stock and/or recurring bonuses:** $6,000 year end bonus for 2022
* **Total comp:** $119,000",True,"Arlington, VA (office location)",United States,Arlington,"2 years in Finance, 3.5 years in Automotive, both similar positions in scope.",False,,,,101hxlj,[Official] 2022 End of Year Salary Sharing thread,https://www.reddit.com/r/datascience/comments/101hxlj/official_2022_end_of_year_salary_sharing_thread/
True,"Engineering Manager, Data Science",,< 1 year,227000.0,USD,Healthcare,STEM PhD (Chemistry),10000.0,"40K in equity (funny money at this point), 20K in discretionary bonus",257000.0,Hybrid role; in-office 2 days/week. Equity may or may not be tradeable.,t1_j2nknr7,https://www.reddit.com/r/datascience/comments/101hxlj/official_2022_end_of_year_salary_sharing_thread/j2nknr7/,t3_101hxlj,seesplease,2023-01-02T17:41:33.000Z,57,"* **Title**: Engineering Manager, Data Science

* **Tenure length**: &lt; 1 year

* **Location**: HCOL, Northeast

 *  **Remote**: Hybrid, in the office 2 days a week

* **Salary**: $227,000 base

* **Company/Industry**: Healthcare

* **Education**: STEM PhD (Chemistry) 

* **Prior Experience**: 1 year in Data Science, 3 years in DS-relevant postdoc

 * **Internship**: NA

 * **Coop**: NA

* **Relocation/Signing Bonus**:  10K

* **Stock and/or recurring bonuses**: 40K in equity (funny money at this point), 20K in discretionary bonus

* **Total comp**: $257,000 + ~40,000 in equity that may or may not be tradeable some day",True,"HCOL, Northeast",United States,,"1 year in Data Science, 3 years in DS-relevant postdoc",,,,,101hxlj,[Official] 2022 End of Year Salary Sharing thread,https://www.reddit.com/r/datascience/comments/101hxlj/official_2022_end_of_year_salary_sharing_thread/
True,Data Analyst II,,1 year,75000.0,USD,Large Tech/Supply Chain,BA Economics; currently pursuing a Master's in Data Science,,None,75000.0,Received a raise to 80000 after first year despite company’s typical 5% cap; pursuing graduate studies while working.,t1_j2nl033,https://www.reddit.com/r/datascience/comments/101hxlj/official_2022_end_of_year_salary_sharing_thread/j2nl033/,t3_101hxlj,madbammen,2023-01-02T17:43:44.000Z,47,"**Title:** Data Analyst II

**Tenure length:** 1 year

**Location:** Bay Area

**$Remote:** Yes

**Salary:** 75k

**Company/Industry**: Large Tech/Supply Chain

**Education**: BA Economics / Currently Pursuing Master's in DS

**Prior Experience:** First job in a data capacity. I convinced the analytics team to give me a job after doing really well in an unrelated role and doing some work for them for free beforehand. I felt very lucky to move into the role despite the low salary, and then entered a Masters almost immediately. Got a raise to 80k after good performance in my first year which was technically more than my company allows (max 5%) which was validating for my imposter syndrome. Looking forward to not being so tight on money some day soon whenever I switch jobs and continuing to study and work hard in the meantime.

**$Internship:** N/a

**$Coop:** N/a

**Relocation/Signing Bonus:** N/a

**Stock and/or recurring bonuses:** None

**Total comp:** 75k",True,Bay Area,United States,San Francisco,First job in a data capacity; transitioned from an unrelated role after doing work for the analytics team beforehand.,False,False,,,101hxlj,[Official] 2022 End of Year Salary Sharing thread,https://www.reddit.com/r/datascience/comments/101hxlj/official_2022_end_of_year_salary_sharing_thread/
True,Data Analyst,,,105000.0,USD,,,,,,Commenter states they interviewed for Data Analyst roles in the SF Bay Area paying 105k+ base; not an accepted offer. Also notes that 75k in the Bay is difficult due to cost of living.,t1_j2o9s1d,https://www.reddit.com/r/datascience/comments/101hxlj/official_2022_end_of_year_salary_sharing_thread/j2o9s1d/,t3_101hxlj,gerkiiier,2023-01-02T20:21:42.000Z,30,"I would definitely consider job hopping in a year or 2. I interviewed for Data analyst roles in the bay that paid 105k+, 75k in the bay is rough if you have no roommates due to COL. Now that you have your foot in the door everything opens up! Best of luck!",,the bay,United States,San Francisco,,,,,,101hxlj,[Official] 2022 End of Year Salary Sharing thread,https://www.reddit.com/r/datascience/comments/101hxlj/official_2022_end_of_year_salary_sharing_thread/
True,Data Scientist,,< 6 months,125000.0,USD,healthcare,"BS in engineering, bootcamp grad for DS",,~6% base,132000.0,Career changer; very satisfied with current role.,t1_j2o8z7n,https://www.reddit.com/r/datascience/comments/101hxlj/official_2022_end_of_year_salary_sharing_thread/j2o8z7n/,t3_101hxlj,gerkiiier,2023-01-02T20:16:34.000Z,38,"
* **Title:** Data Scientist
* **Tenure length:** &lt; 6 months
* **Location:**  CA

   * **$Remote:** fully remote
* **Salary:** $125,000
* **Company/Industry:** healthcare
* **Education:** BS in engineering, bootcamp grad for DS
* **Prior Experience:**  3 years in different industry with some data analytics work. (Excel, dashboards)

   * **$Internship** NA
   * **$Coop** NA
* **Relocation/Signing Bonus:** NA 
* **Stock and/or recurring bonuses:** ~6% base
* **Total comp:** ~$132,000

I’m a career changer and couldn’t be happier with where I’m at. Here’s hoping to many more years as a Data Scientist!",True,CA,United States,,"3 years in different industry with some data analytics work. (Excel, dashboards)",False,False,,,101hxlj,[Official] 2022 End of Year Salary Sharing thread,https://www.reddit.com/r/datascience/comments/101hxlj/official_2022_end_of_year_salary_sharing_thread/
True,Data Scientist,Principal,3 years,218000.0,USD,Large Tech,GED / some college,0.0,"100% RSU, 60% cash bonus",565000.0,,t1_j2qarkf,https://www.reddit.com/r/datascience/comments/101hxlj/official_2022_end_of_year_salary_sharing_thread/j2qarkf/,t3_101hxlj,[deleted],2023-01-03T04:42:48.000Z,36,"•	⁠Title: Principal Data Scientist

•	⁠Tenure length: 3 yr

•	⁠Office Location: Remote
	⁠•	⁠Remote: Yes
•	⁠Salary: $218k

•	⁠Company/Industry:  Large Tech

•	⁠Education: GED / some college

•	⁠Prior Experience: 6 yrs

•	⁠Relocation/Signing Bonus: $0

•	⁠Stock and/or recurring bonuses: 100% RSU, 60% cash bonus

•	⁠Total Comp: $565k",True,Remote,,,6 years,,,,,101hxlj,[Official] 2022 End of Year Salary Sharing thread,https://www.reddit.com/r/datascience/comments/101hxlj/official_2022_end_of_year_salary_sharing_thread/
True,Senior Data Scientist,Senior,6 months,150000.0,USD,"Large e-commerce platform, marketing","Undergrad in finance+psychology, masters in economics",300000.0,Signing: 300K in RSUs; 15% bonus target; RSU refresh grant,185000.0,"Remote from an L/MCOL Midwest city. Other benefits: Full employer-sponsored insurance for self and family; $1700 lifestyle spending stipend. Total comp stated as ~$185,000 plus RSUs (excludes RSU value).",t1_j2nv1qj,https://www.reddit.com/r/datascience/comments/101hxlj/official_2022_end_of_year_salary_sharing_thread/j2nv1qj/,t3_101hxlj,save_the_panda_bears,2023-01-02T18:47:16.000Z,32,"* **Title:** Senior Data Scientist

* **Tenure length:** 6 months

* **Office Location:** NYC

   * $**Remote:** Yes, currently located in a L/MCOL Midwest city

* **Salary:** $150,000

* **Company/Industry:** Large e-commerce platform, marketing

* **Education:** Undergrad in finance+psychology, masters in economics

* **Prior Experience:** 6 years webdev, 3 years DS at an agency/consultancy, 1 year DS at a startup

   * **$Internship:** NA

   * **$Coop:** NA

* **Relocation/Signing Bonus:** 300K in RSUs

* **Stock and/or recurring bonuses:** 15% bonus target + RSU refresh grant

* **Other comp benefits worth noting:** Full employee sponsored insurance coverage for myself and family, $1700 lifestyle spending stipend

* **Total Comp:** ~$185,000 + RSUs",True,NYC,United States,New York City,"6 years webdev, 3 years DS at an agency/consultancy, 1 year DS at a startup",False,False,,,101hxlj,[Official] 2022 End of Year Salary Sharing thread,https://www.reddit.com/r/datascience/comments/101hxlj/official_2022_end_of_year_salary_sharing_thread/
True,sr mle,,1 yr,195000.0,USD,ai/nlp startup,msc stats,0.0,"15% bonus = $29,205, stock options between $0 - $90k (at price from last raise)",,"Fully remote; stated as working from Canada. Total compensation range mentioned: $224,250 - $314,250.",t1_j2nv35x,https://www.reddit.com/r/datascience/comments/101hxlj/official_2022_end_of_year_salary_sharing_thread/j2nv35x/,t3_101hxlj,koolaidman123,2023-01-02T18:47:31.000Z,35,"
    Title: sr mle
    Tenure length: 1 yr
    Location: sf, working from canada
        Remote: fully remote
    Salary: $195,000
    Company/Industry: ai/nlp startup
    Education: msc stats
    Prior Experience: ~4 years mle
    Relocation/Signing Bonus: 0
    Stock and/or recurring bonuses: 15% bonus = $29,205, stock options between $0 - $90k (at price from last raise)

    Total comp: $224,250 - $314,250",True,"sf, working from canada",United States,San Francisco,~4 years mle,,,,,101hxlj,[Official] 2022 End of Year Salary Sharing thread,https://www.reddit.com/r/datascience/comments/101hxlj/official_2022_end_of_year_salary_sharing_thread/
True,Data Migration Analyst,,1.5 years,70000.0,CAD,Software,"Bachelors, double major in Finance and Data Analytics (starting MS in DS next week)",,$1000 in vested options and 4-6% annual salary increase,,Still fighting to get my first DS/DA position! Hopefully the masters will help get me there.,t1_j2nkzde,https://www.reddit.com/r/datascience/comments/101hxlj/official_2022_end_of_year_salary_sharing_thread/j2nkzde/,t3_101hxlj,HercHuntsdirty,2023-01-02T17:43:36.000Z,27,"•	⁠Title: Data Migration Analyst

•	⁠Tenure length: 1.5 years

•	⁠Location: Toronto, ON (office location)

⁠•	⁠Remote: Yes, fully remote position

•	⁠Salary: $70,000

•	⁠Company/Industry: Software

•	⁠Education: Bachelors, double major in Finance and Data Analytics (starting MS in DS next week)

•	⁠Prior Experience: 6 month contract position as a Technical Operations Analyst

⁠•	⁠$Internship: NA

•	⁠Relocation/Signing Bonus: NA

•	⁠Stock and/or recurring bonuses: $1000 in vested options and 4-6% annual salary increase

Still fighting to get my first DS/DA position! Hopefully the masters will help get me there.",True,"Toronto, ON (office location)",Canada,Toronto,6 month contract position as a Technical Operations Analyst,False,,,,101hxlj,[Official] 2022 End of Year Salary Sharing thread,https://www.reddit.com/r/datascience/comments/101hxlj/official_2022_end_of_year_salary_sharing_thread/
True,Lead Machine Learning Scientist,Lead,<1 year,105000.0,GBP,Travel,STEM MSc,10000.0,"17.5% bonus, £90k/4 RSU",150000.0,"Total comp almost doubled from previous role (also lead), driven by RSU.",t1_j2nw9yl,https://www.reddit.com/r/datascience/comments/101hxlj/official_2022_end_of_year_salary_sharing_thread/j2nw9yl/,t3_101hxlj,Charming_Ice_3613,2023-01-02T18:55:03.000Z,30,"* **Title**: Lead Machine Learning Scientist

* **Tenure length**: &lt;1 year

* **Location**: London, UK

 *  **Remote**: Remote

* **Salary**: £105k base

* **Company/Industry**: Travel

* **Education**: STEM MSc

* **Prior Experience**: 6y Data Science

 * **Internship**: N/A

 * **Coop**: N/A

* **Relocation/Signing Bonus**:  £10K

* **Stock and/or recurring bonuses**: 17.5% bonus, £90k/4 RSU

* **Total comp**: £150k first year

Total comp almost doubled from my previous role (also lead), thanks to the RSU.",True,"London, UK",United Kingdom,London,6y Data Science,,,,,101hxlj,[Official] 2022 End of Year Salary Sharing thread,https://www.reddit.com/r/datascience/comments/101hxlj/official_2022_end_of_year_salary_sharing_thread/
True,Data Engineer,,5 months,15600.0,USD,Electronics,MSc. Big Data,,,,"Edit: Apparently I hold the record for lowest salary. My fav saying is ""Where you born is your destiny"".",t1_j2nrc2h,https://www.reddit.com/r/datascience/comments/101hxlj/official_2022_end_of_year_salary_sharing_thread/j2nrc2h/,t3_101hxlj,karaposu,2023-01-02T18:23:48.000Z,42,"* **Title:** Data Engineer
* **Tenure length:** 5 months
* **Location:**  Turkey

   * **$Remote:** Yes
* **Salary:** 15600$
* **Company/Industry:** Electronics 
* **Education:** MSc. Big Data
* **Prior Experience:**  NA


**Edit** : Apparently I hold the record for lowest salary. My fav saying is ""Where you born is your destiny"".",True,Turkey,Turkey,,,,,,,101hxlj,[Official] 2022 End of Year Salary Sharing thread,https://www.reddit.com/r/datascience/comments/101hxlj/official_2022_end_of_year_salary_sharing_thread/
True,Data Scientist,,8 months,150000.0,USD,Advertising,Master's in data science; Bachelor's in a life science,39000.0,Sign-on stock grant about 39k vesting ~13k per year starting on start date; yearly performance bonus ~12k (pending performance review),175000.0,"Hybrid schedule: 2 days remote per week, 3 days in office. Estimated total comp about 175k for first 3 years, then about 162k after stock vesting ends; bonus performance-dependent.",t1_j2ocyst,https://www.reddit.com/r/datascience/comments/101hxlj/official_2022_end_of_year_salary_sharing_thread/j2ocyst/,t3_101hxlj,Mukigachar,2023-01-02T20:42:14.000Z,25,"
* Title: Data scientist
* Tenure length: 8 months
* Office Location: NYC
  * Remote: 2 days remote per week, 3 days in office
* Salary: $150k
* Company/Industry: Advertising
* Education: Master's in data science, Bachelor's in a life science
* Prior Experience: Some analytical research in undergrad
  * Internship: At my current company
  * Co-op:
* Relocation/Signing Bonus: About $39k in stock, with about $13k vested each year on my start date
* Stock and/or recurring bonuses: Yearly bonus (pending performance review) every year, $12k total
* Total Comp: About $175k for first 3 years, then $162k after stock stops being vested. Unless I fuck up and miss that bonus lul",True,NYC,United States,New York City,Some analytical research in undergrad; internship at current company,True,,,,101hxlj,[Official] 2022 End of Year Salary Sharing thread,https://www.reddit.com/r/datascience/comments/101hxlj/official_2022_end_of_year_salary_sharing_thread/
True,Data Analyst,Senior,1yr,85000.0,USD,small logistics firm,BA,0.0,10%,93500.0,Hybrid; full remote possible,t1_j2ogwc3,https://www.reddit.com/r/datascience/comments/101hxlj/official_2022_end_of_year_salary_sharing_thread/j2ogwc3/,t3_101hxlj,curohn,2023-01-02T21:07:47.000Z,18,"• Title: Senior Data Analyst 

• Tenure length: 1yr

• Office Location: Atlanta, GA

	⁠• Remote: hybrid, full remote possible

• Salary: $85,000

• Company/Industry: small logistics firm

• Education: BA

• Prior Experience: 2.5yrs

• Relocation/Signing Bonus: $0

• Stock and/or recurring bonuses: 10%

• Total Comp: $93,500",True,"Atlanta, GA",United States,Atlanta,2.5yrs,,,,,101hxlj,[Official] 2022 End of Year Salary Sharing thread,https://www.reddit.com/r/datascience/comments/101hxlj/official_2022_end_of_year_salary_sharing_thread/
True,Sr. Data Scientist,Senior,8 Years,190000.0,USD,eCommerce,"B.S. Industrial Engineering, M.S. Computer Engineering",,Average $30K Bonus + $100K Refresher,320000.0,"Department: Advanced Analytics. Hybrid schedule (3 days in office, 2 from home).",t1_j2np8fe,https://www.reddit.com/r/datascience/comments/101hxlj/official_2022_end_of_year_salary_sharing_thread/j2np8fe/,t3_101hxlj,forbiscuit,2023-01-02T18:10:45.000Z,31,"* **Title:** Sr. Data Scientist (Department name is ""Advanced Analytics"")
* **Tenure length:** 8 Years
* **Location:** Silicon Valley/Bay Area, California
   * **$Remote:** Hybrid (3 days in office, 2 from home).
* **Salary:** $190K
* **Company/Industry:** eCommerce
* **Education:** B.S. Industrial Engineering, M.S. Computer Engineering
* **Prior Experience:** 1 Year Manufacturing, 2 Year Software Development, 3 Years Analytics Engineering, 5 Years Data Science.
   * **$Internship:** None
   * **$Coop:** 6 months at a logistics/manufacturing company
* **Relocation/Signing Bonus:** NA
* **Stock and/or recurring bonuses:** Average $30K Bonus + $100K Refresher
* **Total comp:** $320K",True,"Silicon Valley/Bay Area, California",United States,San Francisco,"1 Year Manufacturing, 2 Year Software Development, 3 Years Analytics Engineering, 5 Years Data Science; Co-op: 6 months at a logistics/manufacturing company",False,True,,,101hxlj,[Official] 2022 End of Year Salary Sharing thread,https://www.reddit.com/r/datascience/comments/101hxlj/official_2022_end_of_year_salary_sharing_thread/
True,,Lower L5/E5 range,,,,FAANG,,,Stock/RSUs valued around 100000 (currency unspecified); value dropped sharply since earlier this year,,No base salary or location provided; only noted that stock value (~100k) declined sharply earlier this year,t1_j2of4ys,https://www.reddit.com/r/datascience/comments/101hxlj/official_2022_end_of_year_salary_sharing_thread/j2of4ys/,t3_101hxlj,forbiscuit,2023-01-02T20:56:18.000Z,10,"It's a FAANG. Lower L5/E5 range. Though, the $100K value of the stock dropped sharply since earlier this year.",,,,,,,,,,101hxlj,[Official] 2022 End of Year Salary Sharing thread,https://www.reddit.com/r/datascience/comments/101hxlj/official_2022_end_of_year_salary_sharing_thread/
True,technical lead (director),Director,10 + 2 in tech,180000.0,GBP,"finance - am (front office, non alpha)",BSc,,£220k annual bonus; 50% paid in funds,400000.0,Last year's bonus figures; new bonus paid end of month and expected to increase roughly by inflation. Feels relatively low compared to peers; prioritizes interesting work and reasonable hours. Manages 12 reports located globally.,t1_j2nsvf6,https://www.reddit.com/r/datascience/comments/101hxlj/official_2022_end_of_year_salary_sharing_thread/j2nsvf6/,t3_101hxlj,[deleted],2023-01-02T18:33:35.000Z,30,"Title: technical lead (director)

Tenure: 10 + 2 in tech

Location: London. 2 days a week In office. 

Salary: £400k so around $480k. 180k base, 220 bonus. 50% bonus in funds.

Industry: finance - am (front office, non alpha)

Education: BSc


This is last years bonus as we won’t be paid till the end of the month. I’d expect to be up roughly by inflation. I’m probably fairly low compared to my peers in this kind of role. I’ve actively chosen interesting work and reasonable hours however. 12 reports who are located globally.",True,London. 2 days a week In office.,United Kingdom,London,,,,,,101hxlj,[Official] 2022 End of Year Salary Sharing thread,https://www.reddit.com/r/datascience/comments/101hxlj/official_2022_end_of_year_salary_sharing_thread/
True,Sr Business Analytics Consultant,,3 years,125000.0,USD,Large Insurance,BS in Supply Chain and MIS,,Recurring bonus: 20% (with up to 2x multiplier),151000.0,"Actual job: Works with engineers’ data in Snowflake, processes via Alteryx, and presents in Tableau; focuses on collaborating with engineering and helping end users define needs. Remote with small amount of hybrid.",t1_j2oeqeq,https://www.reddit.com/r/datascience/comments/101hxlj/official_2022_end_of_year_salary_sharing_thread/j2oeqeq/,t3_101hxlj,testrail,2023-01-02T20:53:40.000Z,12,"•	⁠**Title:** Sr Business Analytics Consultant

•	⁠Tenure length: 3 years

•	⁠Office Location: Midwest City

	⁠•	⁠Remote: Yes (small amount of hybrid)

•	⁠Salary: $125,000

•	⁠Company/Industry: Large Insurance

•	⁠Education: BS in Supply Chain and MIS

•	⁠Prior Experience: 7 yrs

•	⁠Recurring  bonuses: 20% (with up to 2x multiplier)

•	⁠Total Comp: $151K


•	⁠Actual job: I definitely wouldn’t call myself a data scientist at all, but considering how much creep has taken that title I’ll post here. I basically take what the engineers put in snowflake and massage it through Alteryx and present it in Tableau. Most of the job is the working with engineering side and and also getting the end user to understand what they actually needs.",True,Midwest City,United States,Midwest City,7 yrs,,,,,101hxlj,[Official] 2022 End of Year Salary Sharing thread,https://www.reddit.com/r/datascience/comments/101hxlj/official_2022_end_of_year_salary_sharing_thread/
True,Data Scientist,,~4 months,100000.0,,CPG/retail start-up,current undergrad (computational astrophysics),0.0,$10k (stock and/or recurring bonuses),110000.0,,t1_j2njdms,https://www.reddit.com/r/datascience/comments/101hxlj/official_2022_end_of_year_salary_sharing_thread/j2njdms/,t3_101hxlj,ChristianSingleton,2023-01-02T17:33:19.000Z,26,"* **Title:**  Data Scientist
* **Tenure length:** ~4 months
* **Location:** Remote (no offices)
     * **$Remote:** Indubitably 
* **Salary:** $100k
* **Company/Industry:** CPG/retail start-up
* **Education:** current undergrad (computational astrophysics)
* **Prior Experience:** 4 years in academia + previous start-up experience
     * **$Internship:** REU + NASA
     * **$Coop:** none
* **Relocation/Signing Bonus:** none
* **Stock and/or recurring bonuses:** $10k
* **Total comp:** $110k",True,Remote (no offices),,,4 years in academia + previous start-up experience,True,False,,,101hxlj,[Official] 2022 End of Year Salary Sharing thread,https://www.reddit.com/r/datascience/comments/101hxlj/official_2022_end_of_year_salary_sharing_thread/
True,Data Scientist,,2.5y,49000.0,EUR,Semi-government,MSc (STEM),,Recurring bonuses: 11000 EUR (13th month + holiday pay + fixed bonus),60000.0,"Around 50-75% remote (hybrid). 36-hour work week (typically 9-hour days, 4 days/week). Pension largely paid by company and not included in total comp.",t1_j2nmvju,https://www.reddit.com/r/datascience/comments/101hxlj/official_2022_end_of_year_salary_sharing_thread/j2nmvju/,t3_101hxlj,Mango-stickyrice,2023-01-02T17:55:40.000Z,26,"Salaries are quite a bit lower outside of the US, here's mine.

* **Title**: Data Scientist
* **Tenure length**: 2.5y
* **Location**: Netherlands (Amsterdam)
   * **$Remote**: Around 50-75% remote
* **Salary**: €49k
* **Company/Industry**: Semi-government
* **Education**: MSc (STEM)
* **Prior Experience**: \~1 year
* **Recurring bonuses**: €11k (13th month + holiday pay + fixed bonus)
* **Total comp**: \~€60k

This is for 36 hours a week, I usually work 9 hour days so 4 days a week. Also pension fund/401k gets paid largely by company, but that is not included in this.",True,Netherlands (Amsterdam),Netherlands,Amsterdam,~1 year,,,,,101hxlj,[Official] 2022 End of Year Salary Sharing thread,https://www.reddit.com/r/datascience/comments/101hxlj/official_2022_end_of_year_salary_sharing_thread/
True,,,,,EUR,,,,,,"States salary is significantly above the country average. Lives outside Amsterdam with a train commute to work. No kids, pets, or car; relies on public transport. Notes housing costs in Amsterdam with typical apartments around 2000 EUR/month and that life is getting harder for many people.",t1_j2o8bkv,https://www.reddit.com/r/datascience/comments/101hxlj/official_2022_end_of_year_salary_sharing_thread/j2o8bkv/,t3_101hxlj,Mango-stickyrice,2023-01-02T20:12:16.000Z,3,"Housing is fucked, in the entire country but it's the worst in Amsterdam. A normal appartment in the city can easily cost €2k a month. I get by by living outside of the city with a decent train connection to work. 

For me personally it's still fine as my salary already is significantly above the country average whilst I don't have kids, pets or a car (public transport is good). But in general life is getting harder for many people.",False,Amsterdam,Netherlands,Amsterdam,,,,,,101hxlj,[Official] 2022 End of Year Salary Sharing thread,https://www.reddit.com/r/datascience/comments/101hxlj/official_2022_end_of_year_salary_sharing_thread/
True,Senior Machine Learning Engineer,Senior,< 1 year,200000.0,USD,Green Tech,STEM MS (Mechanical Engineering),20000.0,"20% annual bonus, stock options at 1 yr tenure",240000.0,,t1_j2oiuan,https://www.reddit.com/r/datascience/comments/101hxlj/official_2022_end_of_year_salary_sharing_thread/j2oiuan/,t3_101hxlj,w4nkbank,2023-01-02T21:20:30.000Z,10,"•	⁠Title: Senior Machine Learning Engineer 

•	⁠Tenure length: &lt; 1 year

•	⁠Location: HCOL, Midwest

•	⁠Remote: Fully Remote

•	⁠Salary: $200,000 base

•	⁠Company/Industry: Green Tech

•	⁠Education: STEM MS (Mechanical Engineering)

•	⁠Prior Experience: 1.5 yr Systems Engineering, 1.5 yr Data Engineer, 2.5 yr Software Engineer

•	⁠Internship: NA

•	⁠Coop: NA

•	⁠Relocation/Signing Bonus:  20K

•	⁠Stock and/or recurring bonuses: 20% annual bonus, stock options at 1 yr tenure

•	⁠Total comp: $240,000",True,"HCOL, Midwest",United States,,"1.5 yr Systems Engineering, 1.5 yr Data Engineer, 2.5 yr Software Engineer",False,False,,,101hxlj,[Official] 2022 End of Year Salary Sharing thread,https://www.reddit.com/r/datascience/comments/101hxlj/official_2022_end_of_year_salary_sharing_thread/
True,Director,,-1 day (start new job tomorrow on the 3rd),253000.0,,Market Intelligence / Human Capital,"B.Sc. Social Sciences; M.A. Administration, Leadership and Technology; M.Sc. Learning Analytics; Ph.D. Cognitive Science",25000.0,"20%-30% cash bonus; 360k RSUs (3 years, vesting quarterly; 1-year cliff)",,Fringe: 50% 401k match on first 6%. Total compensation stated as approximately 450k-500k depending on company performance (cash bonus). Fully remote; office location listed as N/A.,t1_j2ojrso,https://www.reddit.com/r/datascience/comments/101hxlj/official_2022_end_of_year_salary_sharing_thread/j2ojrso/,t3_101hxlj,fatchad420,2023-01-02T21:26:37.000Z,21,"* **Title:** Director
* **Tenure length:** -1 day (start new job tomorrow on the 3rd)
* **Office Location:** N/A
    * **$Remote:** Yes, fully remote
* **Salary:** 253k Base
* **Company/Industry:** Market Intelligence / Human Capital
* **Education:** B.Sc. Social Sciences, M.A. Administration, Leadership and Technology, M.Sc. Learning Analytics, Ph.D. Cognitive Science
* **Prior Experience:** 8 years in data, 15 years in tech/FT work
    * **$Internship:** N/A
    * **$Co-op:** N/A
* **Relocation/Signing Bonus:** 25k Signing
* **Stock and/or recurring bonuses:** 20%-30% Cash bonus, 360k RSU's (3 years, vesting quarterly - 1 year cliff).
* **Fringe:** 50% 401k match on first 6%
* **Total Comp:** ~450k-500k (depending on company performance cash bonus).",True,N/A,,,"8 years in data, 15 years in tech/FT work",,,,,101hxlj,[Official] 2022 End of Year Salary Sharing thread,https://www.reddit.com/r/datascience/comments/101hxlj/official_2022_end_of_year_salary_sharing_thread/
True,Director of Selection & Assessment,Director,~3 months,190000.0,USD,Retail,PhD Industrial/Organizational Psychology,25000.0,$35k sign-on equity that vests quarterly over 3 years. Target annual bonus of 30% of base. $50k in equity that vests monthly over 3 years.,300000.0,"Role aligned with People Analytics/Data Science. Hybrid, office ~2 days/week. LCOL area. Fringe benefits: 6% 401k match on base and bonus.",t1_j2ovrs1,https://www.reddit.com/r/datascience/comments/101hxlj/official_2022_end_of_year_salary_sharing_thread/j2ovrs1/,t3_101hxlj,saber_data,2023-01-02T22:45:25.000Z,8,"Not sure if I officially qualify for the data science club anymore as I recently took a new position that uses data and science, but hasn't traditionally fallen into the DS bucket, I'd say it's most closely aligned with People Analytics/Data Science

Title: Director of Selection &amp; Assessment

Tenure Length: \~3 months

Location: US Midsouth, LCOL

Remote: Hybrid, Office \~2 days a week

Salary: Base of $190k

Industry: Retail

Education: PhD Industrial/Organizational Psychology

Prior Experience: \~10 years; 4 years on another selection team, 2 years as a Consumer Demand Research Scientist, 3 years as a Principal Data Scientist, 1 year as a Director of Data Science

Relocation/Signing Bonus: $25k Sign on Bonus and $35k in sign on Equity that vests quarterly over 3 years

Stock and/or recurring bonuses: Target Annual Bonus of 30% of base and $50k in equity that vests monthly over 3 years.

Fringe Benefits: 6% 401k match on base and bonus

&amp;#x200B;

Total Comp: \~$300k",True,"US Midsouth, LCOL",United States,,"~10 years; 4 years on another selection team, 2 years as a Consumer Demand Research Scientist, 3 years as a Principal Data Scientist, 1 year as a Director of Data Science",,,,,101hxlj,[Official] 2022 End of Year Salary Sharing thread,https://www.reddit.com/r/datascience/comments/101hxlj/official_2022_end_of_year_salary_sharing_thread/
True,Data Scientist,,,29500.0,GBP,FinTech,"MEng Mechanical Engineering, MSc Machine Learning",,,,Asks if this salary is low for their profile.,t1_j2pszr7,https://www.reddit.com/r/datascience/comments/101hxlj/official_2022_end_of_year_salary_sharing_thread/j2pszr7/,t3_101hxlj,rrp123,2023-01-03T02:30:48.000Z,9,"Title: Data Scientist  
  
Location: Fully Remote, United Kingdom   
  
Experience: 1.5 Years  
  
Company/Industry: FinTech   
  
Education: MEng Mechanical Engineering, MSc Machine Learning  
  
Salary: £29.5k   
  
Is this low for my profile?",True,"Fully Remote, United Kingdom",United Kingdom,,1.5 years,,,,,101hxlj,[Official] 2022 End of Year Salary Sharing thread,https://www.reddit.com/r/datascience/comments/101hxlj/official_2022_end_of_year_salary_sharing_thread/
True,Digital Marketing,,,24000.0,GBP,,Bachelor's degree,,,,"Offer was about five years ago and was considered too low by the poster. Poster lives in Ireland currently. Role described as a different, less-skilled area relative to the thread's topic; only bringing a Bachelor's at the time.",t1_j2r4odi,https://www.reddit.com/r/datascience/comments/101hxlj/official_2022_end_of_year_salary_sharing_thread/j2r4odi/,t3_101hxlj,FlimsyHuckleberry,2023-01-03T10:31:55.000Z,5,"I would say it is. I am not super familiar with the salaries in the UK (I live in Ireland), but that seems way too low. 


I got a job offer in Manchester about five years ago for a digital marketing position. Obviously that's a different, less-skilled area and also I was only bringing a Bachelor's to the table, but I was offered £24k. It was too low for me then.  


The fact that you are bringing more education and experience to a job that generally requires more skill makes me think you should be making way more. 


I see a few others in the UK responding here who are making a lot more than you are.",,Manchester,United Kingdom,Manchester,,,,,,101hxlj,[Official] 2022 End of Year Salary Sharing thread,https://www.reddit.com/r/datascience/comments/101hxlj/official_2022_end_of_year_salary_sharing_thread/
True,,SEO,,40000.0,GBP,Civil Service,,,,,Approximate pay mentioned: around 40k at SEO level. Refers to roles within the Civil Service and links to civilservicejobs.service.gov.uk.,t1_j71whqa,https://www.reddit.com/r/datascience/comments/101hxlj/official_2022_end_of_year_salary_sharing_thread/j71whqa/,t3_101hxlj,culturedindividual,2023-02-03T14:11:51.000Z,2,"You definitely could get a role within the Civil Service at your current experience level. At SEO level, they pay around £40k.

They have new vacancies every week, just setup a search alert on [https://www.civilservicejobs.service.gov.uk](https://www.civilservicejobs.service.gov.uk)",,,,,,,,,,101hxlj,[Official] 2022 End of Year Salary Sharing thread,https://www.reddit.com/r/datascience/comments/101hxlj/official_2022_end_of_year_salary_sharing_thread/
True,Senior Data Scientist,Senior,9 months,170000.0,USD,Big Tech,MS in Fisheries and Wildlife Sciences,40000.0,"RSUs approx 36,000 per year; up to 15% potential annual bonus; $2,000 wellness benefit",206000.0,Total yearly compensation stated as >$200K depending on stock performance; stock currently down; wellness benefit spent on ski pass and home gym equipment.,t1_j2rrh0z,https://www.reddit.com/r/datascience/comments/101hxlj/official_2022_end_of_year_salary_sharing_thread/j2rrh0z/,t3_101hxlj,MattDamonsTaco,2023-01-03T14:28:20.000Z,7,"* Title: Senior Data Scientist
* Tenure length: 9 months
* Office Location: Montana
   * Remote: yes
* Salary: $170,000K
* Company: Big Tech
* Education: MS in Fisheries and Wildlife Sciences (for real)
* Prior Experience: 7.5 yrs as ""analyst"" or ""data scientist"" (3 in 1099 gigs, 4.5 as W2), another \~7 as a fisheries scientist doing quantitative analyses
* Signing bonus: $40k
* Stock and/or recurring bonuses: $36K/year (stock currently in the shitter), up to 15% potential for bonus, $2K for ""wellness"" benefit (spent mine this year on ski pass and squat stand/weights/barbell for garage)
* Total yearly comp: &gt;$200K (depending upon stock performance)",True,Montana,United States,,"7.5 years as analyst/data scientist (3 years 1099 gigs, 4.5 years W2) plus ~7 years as a fisheries scientist doing quantitative analyses",,,,,101hxlj,[Official] 2022 End of Year Salary Sharing thread,https://www.reddit.com/r/datascience/comments/101hxlj/official_2022_end_of_year_salary_sharing_thread/
True,Data scientist,,7 months,160000.0,USD,Healthcare,PhD Stats,10000.0,N/A,170000.0,"Hybrid, office 1 day/week",t1_j2ovr5q,https://www.reddit.com/r/datascience/comments/101hxlj/official_2022_end_of_year_salary_sharing_thread/j2ovr5q/,t3_101hxlj,1Minnee,2023-01-02T22:45:18.000Z,7,"* **Title**: Data scientist
* **Tenure length**: 7 months
* **Location**: US MCOL
* **Remote**: Hybrid, office 1 day/week
* **Salary**: $160K
* **Company/Industry**: Healthcare
* **Education**: PhD Stats
* **Prior Experienc**e: 0 aside from internships
   * **Internship**: 2 DS summer internships 
* **Relocation/Signing Bonus**: $10K
* **Stock and/or recurring bonuses**: N/A
* **Total comp**: $170K",True,US MCOL,United States,,0 aside from internships; 2 DS summer internships,True,,,,101hxlj,[Official] 2022 End of Year Salary Sharing thread,https://www.reddit.com/r/datascience/comments/101hxlj/official_2022_end_of_year_salary_sharing_thread/
True,Senior Data Scientist,Senior,4 years,185000.0,USD,Big Tech,BA in Economics,25000.0,$30K bonus + ~$100K equity at today’s stock price + some nominal ESPP,,Total comp stated as $300K-$400K depending on stock price (likely lower end). Looking to leave the data science track and move into a technical PM role managing data and/or ML products.,t1_j2p8cvg,https://www.reddit.com/r/datascience/comments/101hxlj/official_2022_end_of_year_salary_sharing_thread/j2p8cvg/,t3_101hxlj,super_uninteresting,2023-01-03T00:10:11.000Z,8,"* Title: Senior Data Scientist

* Tenure length: 4 years

* Location: Fully Remote, but company is based in SF
* Salary: $185K
* Company: Big Tech
* Education: BA in Economics
* Prior experience: 4 years in management consulting and bizops 
* Relocation / signing bonus: $25K
* Stock / recurring bonuses: $30K bonus + ~$100K equity at today’s stock price + some nominal ESPP. 
* Total comp: $300K-$400K depending on stock price (it will probably stay on the lower end in the foreseeable future)


FWIW I’m looking to leave the data science track and move into a technical PM role managing data and/or ML products.",True,"Fully Remote, but company is based in SF",United States,San Francisco,4 years in management consulting and bizops,,,,,101hxlj,[Official] 2022 End of Year Salary Sharing thread,https://www.reddit.com/r/datascience/comments/101hxlj/official_2022_end_of_year_salary_sharing_thread/
True,Data Scientist,L6,1 year,200000.0,USD,Faang+,MS Mechanical Engineering,50000.0,200000 stock/equity; annual stock refreshers,,Total compensation stated as a range: 350000 to 450000 depending on stock price. Fully remote. Region noted as MCOL.,t1_j2pmgzi,https://www.reddit.com/r/datascience/comments/101hxlj/official_2022_end_of_year_salary_sharing_thread/j2pmgzi/,t3_101hxlj,ancientpenguin94,2023-01-03T01:48:11.000Z,7,"**Title**: Data Scientist (L6)

**Tenure length**: 1 year

**Location**: Midwest (MCOL)

**Remote**: Fully

**Salary**: $200K

**Company/Industry**: Faang+

**Education**: MS Mechanical Engineering

**Prior Experience**: 6 years

**Relocation/Signing Bonus**: $50K

**Stock and/or recurring bonuses**: $200K

**Total comp**: $350K to $450K depending on stock price. Annual refreshers on top of this figure aswell",True,Midwest (MCOL),United States,,6 years,,,,,101hxlj,[Official] 2022 End of Year Salary Sharing thread,https://www.reddit.com/r/datascience/comments/101hxlj/official_2022_end_of_year_salary_sharing_thread/
True,Data Scientist,,< 1 yr,70000.0,SGD,Mid-size FinTech,"BS in Accounting and Finance, DS Bootcamp Lewagon",0.0,"Recurring bonus: 0 - 15,000 SGD; Stock/equity: 0",,"Total compensation range stated as 70,000 - 85,000 SGD. Work arrangement: Hybrid.",t1_j3f04bt,https://www.reddit.com/r/datascience/comments/101hxlj/official_2022_end_of_year_salary_sharing_thread/j3f04bt/,t3_101hxlj,pikonakama,2023-01-08T02:25:17.000Z,7,"Title: Data Scientist

Tenure length: &lt; 1 yrOffice 

Location: Singapore

Remote:  Hybrid

Salary: $70k SGDCompany/Industry: Mid-size FinTech

Education: BS in Accounting and Finance,  DS Bootcamp Lewagon

Prior Experience: 1.5 years non data related role.

Relocation/Signing Bonus: $0Stock and/or

Recurring bonuses: $0 - $15K SGD

Total Comp: $70k SGD  - $ 85K SGD",True,Singapore,Singapore,Singapore,1.5 years non data related role,,,,,101hxlj,[Official] 2022 End of Year Salary Sharing thread,https://www.reddit.com/r/datascience/comments/101hxlj/official_2022_end_of_year_salary_sharing_thread/
True,BI Analyst,,3 years,79000.0,USD,Juvenile Hardgoods,"Bachelor's in Accounting/Finance, Pusued Masters in Data Analytics",,Stock and/or recurring bonuses: $10k,95000.0,"Hybrid: in office 3-4 days/week; typically a 4-day work week (3-day weekends). Solo analyst responsible for data transformation/prep and reporting. Tools: Power BI, Power Automate, Excel. Knows SQL and has rudimentary Python.",t1_j2oqbt7,https://www.reddit.com/r/datascience/comments/101hxlj/official_2022_end_of_year_salary_sharing_thread/j2oqbt7/,t3_101hxlj,Significant-Analyst9,2023-01-02T22:09:15.000Z,6,"Title: BI Analyst
Tenure length: 3 years
Location: Pennsylvania, USA

$Remote: Hybrid in office 3-4 days a week, usually only a 4 day work week i.e. 3 day weekends
Salary:$79k

Company/Industry: Juvenile Hardgoods

Education: Bachelor's in Accounting/Finance, Pusued Masters in Data Analytics

Prior Experience:
Inventory Analyst, BI Analyst in a variety of industries with both large and small business. Total analyst level experience is at 7 years.

Stock and/or recurring bonuses: $10k

Total comp: $95k

Honestly I am a one man analyst that has to do all the data transformation and preparation before loading it into a report visualization tool. Primary tools are Power BI, Power Automate, and excel. I know Sql and have a rudimentary understanding of Python.",True,"Pennsylvania, USA",United States,,"Inventory Analyst, BI Analyst across large and small businesses; total analyst-level experience: 7 years",,,,,101hxlj,[Official] 2022 End of Year Salary Sharing thread,https://www.reddit.com/r/datascience/comments/101hxlj/official_2022_end_of_year_salary_sharing_thread/
True,Data Scientist,,1.5 year,125000.0,CAD,consumer tech company,BS in Stats,5000.0,~12k CAD Yearly RSU w/ only 1 grant + 12k promo bonus for 2 yrs,155000.0,"Total comp also mentioned as ~115,000 USD equivalent.",t1_j2oqxwy,https://www.reddit.com/r/datascience/comments/101hxlj/official_2022_end_of_year_salary_sharing_thread/j2oqxwy/,t3_101hxlj,Ceedeekee,2023-01-02T22:13:20.000Z,7,"* Title: Data Scientist
* Tenure length: 1.5 year
* Location: Canada 
* Remote: Fully
* Salary: 125 000 CAD
* Company/Industry: consumer tech company
* Education: BS in Stats
* Prior Experience: 1.5 years
* Relocation/Signing Bonus: NA /  5k CAD
* Stock and/or recurring bonuses: ~12k CAD Yearly RSU w/ only 1 grant + 12k promo bonus for 2 yrs
* Total comp: 155 000CAD / ~115 000 USD",True,Canada,Canada,,1.5 years,,,,,101hxlj,[Official] 2022 End of Year Salary Sharing thread,https://www.reddit.com/r/datascience/comments/101hxlj/official_2022_end_of_year_salary_sharing_thread/
True,Machine Learning Engineer,,~2 years,,USD,Not too known company with limited tech presence (not a start up),BS Stats,0.0,~$0-40k cash bonus,,"Base salary range reported as ~$140,000-$150,000. Total compensation reported as ~$150,000-$190,000, likely on the lower end in the last year. Up for a promotion at the end of this quarter; feels underpaid and may start interviewing if the bump is small or promotion doesn’t come through.",t1_j2pf1mp,https://www.reddit.com/r/datascience/comments/101hxlj/official_2022_end_of_year_salary_sharing_thread/j2pf1mp/,t3_101hxlj,SuhDudeGoBlue,2023-01-03T00:56:48.000Z,7,"* ⁠**Title:** Machine Learning Engineer 
* ⁠**Tenure length:** \~2 years 
* **Office Location:** Chicago, IL 
   * Remote: Yes
* **Salary:** \~$140,000-$150k
* ⁠**Company/Industry:** Not too known company with limited tech presence (not a start up) 
* ⁠**Education:** BS Stats 
* ⁠**Prior Experience:** \~2 years (about 4 years total) 
* ⁠**Relocation/Signing Bonus:** N/A 
* ⁠**Stock and/or recurring bonuses:** \~$0-40k cash bonus
* ⁠**Total Comp:** Realistically ~$150,000-$190,000, and probably on the lower end of that for the last year, unfortunately.

I am up for a promotion at the end of this quarter, so hopefully I get a decent bump.  Feeling underpaid right now, so I'll start interviewing if the bump is small or the promotion doesn't come through.",True,"Chicago, IL",United States,Chicago,~2 years prior experience (about 4 years total),,,,,101hxlj,[Official] 2022 End of Year Salary Sharing thread,https://www.reddit.com/r/datascience/comments/101hxlj/official_2022_end_of_year_salary_sharing_thread/
True,Data Scientist,,<1 year,60000.0,GBP,Financial crime,STEM MSc,,,60000.0,Remote: Can usually swing international remote. Internship duration: 6 months.,t1_j2qnkro,https://www.reddit.com/r/datascience/comments/101hxlj/official_2022_end_of_year_salary_sharing_thread/j2qnkro/,t3_101hxlj,Lewba,2023-01-03T06:47:48.000Z,5,"* **Title**: Data Scientist 

* **Tenure length**: &lt;1 year

* **Location**: London, UK

 *  **Remote**: Can usually swing intl remote

* **Salary**: £60k

* **Company/Industry**: financial crime

* **Education**: STEM MSc

* **Prior Experience**: 2y

 * **Internship**: 6m

 * **Coop**: N/A

* **Relocation/Signing Bonus**: N/A

* **Stock and/or recurring bonuses**: N/A

* **Total comp**: £60k",True,"London, UK",United Kingdom,London,2 years,True,False,,,101hxlj,[Official] 2022 End of Year Salary Sharing thread,https://www.reddit.com/r/datascience/comments/101hxlj/official_2022_end_of_year_salary_sharing_thread/
True,Senior Data Scientist,Senior,1 month,90000.0,GBP,FTSE 100 firm,BSc,0.0,Approximately £25k in stock/recurring bonuses,115000.0,Remote within the U.K.; not central London (Zone 6) with relatively decent COL. Mentions NYC comparison via Numbeo.,t1_j2rx9v2,https://www.reddit.com/r/datascience/comments/101hxlj/official_2022_end_of_year_salary_sharing_thread/j2rx9v2/,t3_101hxlj,Chy-key,2023-01-03T15:11:46.000Z,6,"* Title: Senior Data Scientist
* Tenure length: 1 month  

* Location: London, U.K (Not central, Zone 6, COL relatively decent)
* Remote: U.K  

* Salary: \~£90k  

* Company/Industry: FTSE 100 firm  

* Education: BSc
* Prior Experience: 3 years  

* Relocation/Signing Bonus: N/A  

* Stock and/or recurring bonuses: \~£25k  

* Total comp: \~£115k  


Pleased with the job I've just landed given YOE and Education and would encourage people to seek out new roles if they're not happy, also, just be nice to work with.... it goes a long way.

On the comparison with US salaries, I would encourage those to use the below website to get an accurate view...

[https://www.numbeo.com/cost-of-living/comparison.jsp](https://www.numbeo.com/cost-of-living/comparison.jsp)

I usually compare London vs. New York as NYC is likely where I would move if I did to the US... **At the time of writing,** the site says \~$9000 in NYC = \~£5200 which makes my £115k roughly $200k after some assumptions. Doesn't completely make up for the difference I am sure but still worth being aware of.

Happy New Year everyone!!",True,"London, U.K (Not central, Zone 6, COL relatively decent)",United Kingdom,London,3 years,,,,,101hxlj,[Official] 2022 End of Year Salary Sharing thread,https://www.reddit.com/r/datascience/comments/101hxlj/official_2022_end_of_year_salary_sharing_thread/
True,Senior Data Scientist Lead,Senior Lead,"8 years (5 as DS, 2 as Senior, 1 as Senior Lead)",137500.0,USD,Large corporation in biotech/agrotech,PhD,5500.0,18% annual bonus (company performance dependent); 15% Long Term Incentive (4-year vest),183000.0,Full relocation costs covered; currently working from home in the St. Louis area,t1_ho53nqp,https://www.reddit.com/r/datascience/comments/re46xx/official_2021_end_of_year_salary_sharing_thread/ho53nqp/,t3_re46xx,Omega037,2021-12-11T17:18:25.000Z,105,"* **Title:** Senior Data Scientist Lead
* **Tenure length:** 8 Years (5 as normal DS, 2 as Senior, 1 as Senior Lead)
* **Location:** St Louis (office)
   * $**Remote:** Currently working from home (St Louis area)
* **Salary:** $137,500
* **Company/Industry:** Large corporation in biotech/agrotech
* **Education:** PhD
* **Prior Experience:** Joined current employer directly out of grad school
   * **$Internship:** 3 Summer Internships as Graduate Student
* **Relocation/Signing Bonus:** Full relocation costs + $5500
* **Stock and/or recurring bonuses:**
   * 18% annual bonus (depends on company performance)
   * 15% Long Term Incentive (4 year vest)
* **Total comp:** $183,000",True,St Louis (office),United States,St. Louis,Joined current employer directly out of grad school,True,,,,re46xx,[Official] 2021 End of Year Salary Sharing thread,https://www.reddit.com/r/datascience/comments/re46xx/official_2021_end_of_year_salary_sharing_thread/
True,"Data Scientist, Product Analytics",,3 years,127000.0,USD,travel tech,"BA in a liberal arts field, MS in Data Science",15000.0,"~$20k equity bonus per year, vests over 4 years",147000.0,Hybrid: supposed to go in 2x/week but lately ~2x/month. Signing/relocation bonus was received 3 years ago. Total comp ~$147k with $127k guaranteed base.,t1_j2s3klm,https://www.reddit.com/r/datascience/comments/101hxlj/official_2022_end_of_year_salary_sharing_thread/j2s3klm/,t3_101hxlj,SkyNet_is_listening,2023-01-03T15:54:41.000Z,6,"* **Title:** Data Scientist, Product Analytics 
* **Tenure length:** 3 years 
* **Location:**  Chicago 

   * **$Remote:** Hybrid, I’m supposed to go in 2x per week but lately it’s more like 2x per month 
* **Salary:** $127,000
* **Company/Industry:** travel tech 
* **Education:** BA in a liberal arts field, MS in Data Science 
* **Prior Experience:**  3 years marketing analytics, 10+ years before that in marketing, public relations, communication 

   * **$Internship** 20 years ago in PR roles 
   * **$Coop** n/a
* **Relocation/Signing Bonus:** $15k, 3 years ago 
* **Stock and/or recurring bonuses:** usually ~$20k equity bonus per year, vests over 4 years 
* **Total comp:** $147k but $127k is guaranteed",True,Chicago,United States,Chicago,"3 years in marketing analytics; 10+ years prior in marketing, public relations, communications",True,False,,,101hxlj,[Official] 2022 End of Year Salary Sharing thread,https://www.reddit.com/r/datascience/comments/101hxlj/official_2022_end_of_year_salary_sharing_thread/
True,Data Scientist,,<1 year,160000.0,CAD,Logistics Tech,BsC,,,160000.0,Co-op: 2 years; fully remote,t1_j37qxj7,https://www.reddit.com/r/datascience/comments/101hxlj/official_2022_end_of_year_salary_sharing_thread/j37qxj7/,t3_101hxlj,data_wizard_1867,2023-01-06T16:58:22.000Z,6,"* Title:Data Scientist
* Tenure length: &lt;1 year
* Location: Canada
    * $Remote: Yes (fully)
* Salary: $160k CAD
* Company/Industry: Logistics Tech
* Education: BsC
* Prior Experience: 3 years full time
    * $Coop: 2 years
* Relocation/Signing Bonus: n/a
* Stock and/or recurring bonuses: n/a
* Total comp: $160k CAD",True,Canada,Canada,,3 years full time,,True,,,101hxlj,[Official] 2022 End of Year Salary Sharing thread,https://www.reddit.com/r/datascience/comments/101hxlj/official_2022_end_of_year_salary_sharing_thread/
True,Data Scientist,,4 months current role (plus 4-month internship),90000.0,CAD,Mid-size non tech,"PhD, Physics",,"~10% profit sharing, ~10% performance bonus",108000.0,Hybrid (50% WFH). Total compensation noted as pro-rated. Comment edit: 'Jesus Christ I need to move to the US.',t1_ho5j6t5,https://www.reddit.com/r/datascience/comments/re46xx/official_2021_end_of_year_salary_sharing_thread/ho5j6t5/,t3_re46xx,lowballed_2021,2021-12-11T19:06:30.000Z,100,"-	**Title**: Data Scientist
-	**Tenure length**: 4 month internship, 4 months current role
-	**Location**: Vancouver, BC (50% WFH)
-	**Salary**: $90K (CAD)
-	**Company/Industry**: Mid-size non tech
-	**Education**: PhD, Physics
-	**Prior Experience**: 2 years various part-time and contract DS/DA work
-	**Relocation/Signing Bonus**: None
-	**Stock and/or recurring bonuses**: ~10% profit sharing, ~10% performance bonus 
-	**Total comp**: ~$108K (CAD, pro-rated)

Edit: Jesus Christ I need to move to the US",True,"Vancouver, BC (50% WFH)",Canada,Vancouver,2 years various part-time and contract DS/DA work,True,,,,re46xx,[Official] 2021 End of Year Salary Sharing thread,https://www.reddit.com/r/datascience/comments/re46xx/official_2021_end_of_year_salary_sharing_thread/
True,Data Scientist,,6 months,64000.0,EUR,Tech,"Masters in data science, PhD in computer science",,"Up to €6,400 yearly (10%)",,Salary also noted as ~$68k USD. Remote: hybrid.,t1_j2nrjdt,https://www.reddit.com/r/datascience/comments/101hxlj/official_2022_end_of_year_salary_sharing_thread/j2nrjdt/,t3_101hxlj,FlimsyHuckleberry,2023-01-02T18:25:06.000Z,9,"* **Title**: Data Scientist


* **Tenure length**: 6 months


* **Location**: Ireland


* **Remote**: hybrid


* **Salary**: €64,000 (~$68k usd)


* **Company/Industry**: Tech


* **Education**: Masters in data science, PhD in computer science


* **Prior Experience**: 4 years in digital marketing


* **Stock and/or recurring bonuses**: Up to €6,400 yearly (10%).",True,Ireland,Ireland,,4 years in digital marketing,,,,,101hxlj,[Official] 2022 End of Year Salary Sharing thread,https://www.reddit.com/r/datascience/comments/101hxlj/official_2022_end_of_year_salary_sharing_thread/
True,Data Scientist,,2 months,100000.0,USD,Energy,"BS CS, BS Bio",,10k,110000.0,,t1_j2o9iw8,https://www.reddit.com/r/datascience/comments/101hxlj/official_2022_end_of_year_salary_sharing_thread/j2o9iw8/,t3_101hxlj,gradhopeful5555,2023-01-02T20:20:05.000Z,5,"* **Title:** Data Scientist
* **Tenure length:** 2 months
* **Location:** US MCOL
* **Salary:** $100,000 USD
* **Company/Industry:** Energy
* **Education:** BS CS, BS Bio
* **Prior Experience:** 6 months full-time, 1 year DS internship
* **Relocation/Signing Bonus:** N/A
* **Stock and/or recurring bonuses:** 10k
* **Total comp:** $110,000",,US MCOL,United States,,"6 months full-time, 1 year DS internship",True,,,,101hxlj,[Official] 2022 End of Year Salary Sharing thread,https://www.reddit.com/r/datascience/comments/101hxlj/official_2022_end_of_year_salary_sharing_thread/
True,Lead ML Engineer,,less than 1 year,180000.0,USD,Retail,HS Diploma,5000.0,10% annual bonus,203000.0,,t1_j2osprv,https://www.reddit.com/r/datascience/comments/101hxlj/official_2022_end_of_year_salary_sharing_thread/j2osprv/,t3_101hxlj,Vnix7,2023-01-02T22:25:10.000Z,5,"

* **Title:** Lead ML Engineer
* **Tenure length:** less than 1 year
* **Location:**  Midwest

   * **$Remote:** yes, CA
* **Salary:** $180,000
* **Company/Industry:** Retail
* **Education:** HS Diploma
* **Prior Experience:**  4 years SWE/MLE

   * **$Internship**
   * **$Coop**
* **Relocation/Signing Bonus:** $5000 sign on 
* **Stock and/or recurring bonuses:** 10% annual bonus
* **Total comp:** $203,000",True,Midwest,United States,,4 years SWE/MLE,,,,,101hxlj,[Official] 2022 End of Year Salary Sharing thread,https://www.reddit.com/r/datascience/comments/101hxlj/official_2022_end_of_year_salary_sharing_thread/
True,,,,,CAD,,,,Startups may add a little equity. Mature companies often offer generous RRSP matching and better perks/benefits.,,"Canadian market observations: 
- Entry-level Data Scientist/Data Engineer (non-FAANG): typically 80–85K CAD with a STEM Master's or Data Analyst experience.
- Entry-level with STEM PhD or a Statistics/Data Science Master's: around 90K CAD.
- Mid-level roles at FAANG+M and senior roles in companies with multiple DS teams: roughly 130–160K CAD.
- Pay does not scale well with cost of living; Toronto and Vancouver only slightly higher than Calgary despite higher taxes and rents.",t1_hoeprtv,https://www.reddit.com/r/datascience/comments/re46xx/official_2021_end_of_year_salary_sharing_thread/hoeprtv/,t3_re46xx,lowballed_2021,2021-12-13T18:23:33.000Z,7,"&gt; I'm currently doing a DS masters at a Canadian university and was looking at all the other posts, getting excited at what I could hopefully maybe expect to earn a decade down the line...

&gt; ..and yours is the first Canadian one, and it was a genuine shock seeing the difference. Would you say your salary/compensation is typical for your role in Canada?

Yes. In my experience entry-level DS and DE roles (non-FAANG) typically pay $80-85K with a STEM Master's or DA experience, and ~$90K with a STEM PhD or a stats or DS Master's. Startups will add a little equity and mature companies will have generous RRSP matching and better perks and benefits. Mid-level roles at FAANG+M and senior roles in companies with multiple DS teams are in the ~$130K-$160K range. 

One unfortunate thing about Canada is that tech sector salaries don't really scale with COL; Toronto and Vancouver only pay slightly more than Calgary despite much higher taxes and rents.",,Canada,Canada,,,,,,,re46xx,[Official] 2021 End of Year Salary Sharing thread,https://www.reddit.com/r/datascience/comments/re46xx/official_2021_end_of_year_salary_sharing_thread/
True,Data Scientist,,1 yr,118000.0,CAD,Banking,MSc,0.0,"~$20,000 CAD",138000.0,Hybrid but very flexible,t1_j2prmfb,https://www.reddit.com/r/datascience/comments/101hxlj/official_2022_end_of_year_salary_sharing_thread/j2prmfb/,t3_101hxlj,Proper-Childhood-735,2023-01-03T02:21:56.000Z,5,"	•	Title: Data Scientist
	•	Tenure length: 1 yr
	•	Location: Toronto
	•	Remote: Hybrid but very flexible
	•	Salary: $118,000 CAD
	•	Company/Industry: Banking
	•	Education: MSc
	•	Prior Experience: 6 yrs
	•	Relocation/Signing Bonus: none
	•	Stock and/or recurring bonuses: ~$20,000 CAD
	•	Total comp: $138,000 CAD",True,Toronto,Canada,Toronto,6 yrs,,,,,101hxlj,[Official] 2022 End of Year Salary Sharing thread,https://www.reddit.com/r/datascience/comments/101hxlj/official_2022_end_of_year_salary_sharing_thread/
True,data scientist,,just accepted,100000.0,USD,Caterpillar,"marketing undergrad, MBA, self taught analytics and stats",,14% annual bonus,,Remote 100% until further notice,t1_ho68mpx,https://www.reddit.com/r/datascience/comments/re46xx/official_2021_end_of_year_salary_sharing_thread/ho68mpx/,t3_re46xx,zykezero,2021-12-11T22:14:29.000Z,95,"Title: data scientist

Tenure length: just accepted

Location: Illinois

$Remote: 100% until further notice

Salary: 100k, 14% bonus

Company/Industry: Caterpillar

Education: marketing undergrad, MBA, self taught analytics and stats",True,Illinois,United States,,,,,,,re46xx,[Official] 2021 End of Year Salary Sharing thread,https://www.reddit.com/r/datascience/comments/re46xx/official_2021_end_of_year_salary_sharing_thread/
True,Data Scientist,,1 year,76000.0,EUR,Healthcare / Pharma,STEM PhD,3000.0,9000€,85000.0,Contentment: I'm both content and happy.,t1_j2qjywg,https://www.reddit.com/r/datascience/comments/101hxlj/official_2022_end_of_year_salary_sharing_thread/j2qjywg/,t3_101hxlj,[deleted],2023-01-03T06:08:20.000Z,4,"* **Title:** Data Scientist
* **Tenure length:** 1 year
* **Location:** Germany
* **Remote:** hybrid
* **Salary:** 76000€
* **Company/Industry:** Healthcare / Pharma
* **Education:** STEM PhD
* **Prior Experience:** Industrial R&amp;D: 6 years (2 of which in Data Science topics)
* **Relocation/Signing Bonus:** 3000€
* **Stock and/or recurring bonuses:** 9000€
* **Total comp:** 85000€


* **Contentment:** I'm both content and happy.",True,Germany,Germany,,Industrial R&D: 6 years (2 of which in Data Science topics),,,,,101hxlj,[Official] 2022 End of Year Salary Sharing thread,https://www.reddit.com/r/datascience/comments/101hxlj/official_2022_end_of_year_salary_sharing_thread/
True,Internal Fraud Data Analyst,,3 yrs,112000.0,USD,Large Bank,MS in Business Analytics,0.0,10%,123000.0,Company HQ: Minneapolis,t1_j2rkr4h,https://www.reddit.com/r/datascience/comments/101hxlj/official_2022_end_of_year_salary_sharing_thread/j2rkr4h/,t3_101hxlj,zdunn,2023-01-03T13:32:23.000Z,6,"* **Title:** Internal Fraud Data Analyst
* **Tenure length:** 3 yrs
* **Office Location:** Albany, NY
   * **Remote:** Yes (Company HQ: Minneapolis)
* **Salary:** $112,000
* **Company/Industry:** Large Bank
* **Education:** MS in Business Analytics
* **Prior Experience:** 0 yrs in related position, 1.5 yrs in industry
* **Relocation/Signing Bonus:** $0
* **Stock and/or recurring bonuses:** 10%
* **Total Comp:** $123,000",True,"Albany, NY",United States,Albany,"0 yrs in related position, 1.5 yrs in industry",,,,,101hxlj,[Official] 2022 End of Year Salary Sharing thread,https://www.reddit.com/r/datascience/comments/101hxlj/official_2022_end_of_year_salary_sharing_thread/
True,Data Scientist,,1.5 yr,46000.0,GBP,Broadcast Media/ TV,MS in DS,0.0,20% Cash + 7% Pension contribution,54200.0,"Hybrid (3 home, 2 office)",t1_j2t917m,https://www.reddit.com/r/datascience/comments/101hxlj/official_2022_end_of_year_salary_sharing_thread/j2t917m/,t3_101hxlj,Rockingtits,2023-01-03T20:13:45.000Z,5,"Title: Data Scientist  
Tenure length: 1.5 yr  
Office Location: UK (North, not London)  
Remote: Hybrid (3 home, 2 office)  
Salary: £46,000  
Company/Industry: Broadcast Media/ TV  
Education: MS in DS  
Prior Experience: 0 yrs  
Relocation/Signing Bonus: $0  
Stock and/or recurring bonuses: 20% Cash + 7% Pension contribution  
Total Comp: £54,200 ($65000)",True,"UK (North, not London)",United Kingdom,,0 yrs,,,,,101hxlj,[Official] 2022 End of Year Salary Sharing thread,https://www.reddit.com/r/datascience/comments/101hxlj/official_2022_end_of_year_salary_sharing_thread/
True,Data Scientist,,6 months,122000.0,USD,Small Defense Contractor,"BSc Industrial Engineering, midst of MSc Data Analytics",9000.0,N/A,122000.0,,t1_j2th6wd,https://www.reddit.com/r/datascience/comments/101hxlj/official_2022_end_of_year_salary_sharing_thread/j2th6wd/,t3_101hxlj,ap2016,2023-01-03T21:02:37.000Z,4,"First time doing this!

* **Title**: Data Scientist
* **Tenure length**: 6 months
* **Location**: Arlington, VA
   * **Remote**: No
* **Salary**: $122,000
* **Company/Industry**: Small Defense Contractor
* **Education**: BSc Industrial Engineering, midst of MSc Data Analytics
* **Prior Experience**: 6 total years of prior but non-DS experience: 5 years ops research/data analysis, 3 years of modeling &amp; sim, 3 years of front/back-end for desktop apps, 1 year program management
   * **Internship**: Yes
   * **Coop**: N/A
* **Relocation/Signing Bonus**: $9K
* **Stock and/or recurring bonuses**: N/A
* **Total comp**: $122,000",False,"Arlington, VA",United States,Arlington,"6 total years of prior but non-DS experience: 5 years ops research/data analysis, 3 years of modeling & sim, 3 years of front/back-end for desktop apps, 1 year program management",True,,,,101hxlj,[Official] 2022 End of Year Salary Sharing thread,https://www.reddit.com/r/datascience/comments/101hxlj/official_2022_end_of_year_salary_sharing_thread/
True,Sr. Data Engineer,Senior,1 month,144000.0,USD,Hardware,MS in Chemical Engineering - Computational Chem (PhD drop out),,,144000.0,"Office location in New Jersey; works remotely from Philadelphia. Switched jobs in November via a friend's connection to move into data engineering temporarily with plan to switch back to data science once infrastructure matures. Prior role: Data Scientist in manufacturing at $95,000 base + 13% bonus, remote. Senior title used to justify an attractive compensation package; achieved ~50% raise after only 10 months of work.",t1_j2xkywx,https://www.reddit.com/r/datascience/comments/101hxlj/official_2022_end_of_year_salary_sharing_thread/j2xkywx/,t3_101hxlj,IndoorCloud25,2023-01-04T17:34:51.000Z,6,"* **Title:** Sr. Data Engineer
* **Tenure Length:** 1 month
* **Office Location:** New Jersey
   * **Remote:** Yes in Philadelphia
* **Salary:** $144,000
* **Company/Industry:** Hardware
* **Education:** MS in Chemical Engineering - Computational Chem (PhD drop out)
* **Prior Experience:** 10 months
* **Relocation/Signing Bonus:** N/A
* **Stock and/or recurring bonuses:** N/A
* **Total Comp:** $144,000

Switched jobs in November through a connection from a good friend to switch into a data engineering role for the time being with the plan of switching back to data science once the data infrastructure is built out more. My job prior was as a data scientist in manufacturing with a salary of $95,000 + 13% bonus also remote. The senior title was so my boss could present a compensation package that I couldn't turn down. I think this shows how valuable connections are because without them, I doubt I'd be getting a 50% raise after only 10 months of work.",True,New Jersey,United States,Philadelphia,10 months,,,,,101hxlj,[Official] 2022 End of Year Salary Sharing thread,https://www.reddit.com/r/datascience/comments/101hxlj/official_2022_end_of_year_salary_sharing_thread/
True,Senior Data Science Engineer,Senior,1.5 years,135000.0,,Cybersecurity Startup,BS in Computer Science,0.0,Stock/equity granted; value unknown as it is a private startup,135000.0,Fairly chill role; typically 30-35 hours of work per week.,t1_j2ybkw8,https://www.reddit.com/r/datascience/comments/101hxlj/official_2022_end_of_year_salary_sharing_thread/j2ybkw8/,t3_101hxlj,AttentionImaginary54,2023-01-04T20:16:34.000Z,5,"**Title**: Senior Data Science Engineer

**Tenure**: 1.5 years

**Location**: 100% remote. Actually moved to a cheaper area since taking this role to cut-down expenses.

**Salary**: $135,000

**Company/Industry**: Cybersecurity Startup

**Education:** BS in Computer Science

**Prior Experience**: 3.5 years (primarily as a data engineer but also some as a data analyst).

**Relocation/Signing Bonus:** None

**Stock:** We get stock/equity but have no idea how much it is worth since it is still a private startup.

**Total Comp:** Really only 135k.

Fairly chill role. Probably only work 30-35 hours a week most weeks.",True,100% remote. Actually moved to a cheaper area since taking this role to cut-down expenses.,,,3.5 years (primarily as a data engineer but also some as a data analyst),,,,,101hxlj,[Official] 2022 End of Year Salary Sharing thread,https://www.reddit.com/r/datascience/comments/101hxlj/official_2022_end_of_year_salary_sharing_thread/
True,Data Analyst,,,8000.0,USD,Firefighter Statistics,"Programmer Technician and Bachelor's Computer Science student at private university (50% completed). Learning Python, Excel and PowerBi for my own.",0.0,No stocks,,Not remote; can work from home 2–3 times per month. Poster notes challenges with taxes and aims to find a second remote job.,t1_j2pm7m7,https://www.reddit.com/r/datascience/comments/101hxlj/official_2022_end_of_year_salary_sharing_thread/j2pm7m7/,t3_101hxlj,Objective-Tea-1281,2023-01-03T01:46:21.000Z,10,"Title: Data Analyst 

Location: Argentina 

$Remote: No, just 2 or 3 times per month 

Salary: 8.000 dollars (yes, per year, not per month)

Company/Industry: Firefighter Statistics 

Education: Programmer Technician and Bachelor's Computes Science student at private university (50% completed). Learning Python, Excel and PowerBi for my own.

Prior Experience: 1 year as Data Analyst, 3 as a Firefighter, and 8 years working repairing banknote processing machines, in a national company.

Relocation/Signing Bonus:No bonus

Stock and/or recurring bonuses: No stocks

Yes, your salaries are a dream compared with me, my wish is work another year and looking for a second remote job but it's a little difficult for now. Taxes in my country are a nightmare, never vote for socialism.",False,Argentina,Argentina,,"1 year as Data Analyst, 3 as a Firefighter, and 8 years working repairing banknote processing machines in a national company.",,,,,101hxlj,[Official] 2022 End of Year Salary Sharing thread,https://www.reddit.com/r/datascience/comments/101hxlj/official_2022_end_of_year_salary_sharing_thread/
True,Data Scientist,,3 months,95000.0,CHF,FMCG,MSc in DS & ML (recent graduate),,~5% (from next year),100000.0,"Relocation benefits provided: goods transportation, initial rent subsidies, and real estate consultancy. Hybrid schedule: WFH 2/5.",t1_j2pmh7w,https://www.reddit.com/r/datascience/comments/101hxlj/official_2022_end_of_year_salary_sharing_thread/j2pmh7w/,t3_101hxlj,OpethPower,2023-01-03T01:48:13.000Z,5,"•	⁠Title: Data Scientist. 

•	⁠Tenure length: 3 months

•	⁠Office Location: Switzerland
	⁠•	⁠Remote: No (WFH 2/5)

•	⁠Salary: CHF 95,000

•	⁠Company/Industry: FMCG

•	⁠Education: MSc in DS &amp; ML (recent graduate)

•	⁠Prior Experience: 9 month internship in DA, same company. 

•	⁠Relocation/Signing Bonus: Relocation benefits (Goods transportation, initial rent subsidies, real estate consultancy)

•	⁠Stock and/or recurring bonuses: ~5% (from next year)

•	⁠Total Comp: CHF 100,000",True,Switzerland,Switzerland,,"9 month internship in DA, same company",True,,,,101hxlj,[Official] 2022 End of Year Salary Sharing thread,https://www.reddit.com/r/datascience/comments/101hxlj/official_2022_end_of_year_salary_sharing_thread/
True,Senior Staff Data Scientist,Senior Staff,3 years,240000.0,USD,Tech (not FAANG),MS in Mathematics; dropped out of a PhD program after Masters,0.0,30% of base salary as cash bonus (~$72k) and approximately $570k/year based on current valuation of stock,882000.0,"Started as Staff DS, moved to management, promoted to Senior Manager, and recently moved back to IC as part of going fully remote. Previously in the Bay Area; now fully remote in a MCOL area.",t1_hob1hif,https://www.reddit.com/r/datascience/comments/re46xx/official_2021_end_of_year_salary_sharing_thread/hob1hif/,t3_re46xx,[deleted],2021-12-12T22:45:58.000Z,92,"* **Title:** Senior Staff Data Scientist
* **Tenure length:** 3 years.
 * **Details:** started as Staff DS, moved to management, got promoted to Senior Manager, moved back to being an IC fairly recently as part of being fully remote.
* **Location:** Was in the bay area, now fully remote in a MCOL area
* **Salary:** $240,000
* **Company/Industry:** Tech, not FAANG
* **Education:** MS in Mathematics, dropped out of a phd program after Masters
* **Prior Experience:** 13 years, pretty much all of it in the Data / ML space. 
* **Relocation/Signing Bonus:** 0
* **Stock and/or recurring bonuses:** 30% of my base salary as cash bonus, which translates to $72k, and ~$570k per year based on current valuation of stock.
* **Total comp:** ~$882k per year",True,"Was in the bay area, now fully remote in a MCOL area",United States,,"13 years, pretty much all of it in the Data / ML space.",,,,,re46xx,[Official] 2021 End of Year Salary Sharing thread,https://www.reddit.com/r/datascience/comments/re46xx/official_2021_end_of_year_salary_sharing_thread/
True,BI Manager,,1.5 yr,120000.0,USD,retail banking,MSCS,,Up to 10% annual performance bonus; no equity,130000.0,Fully remote with comp adjusted to location. Boss avoids giving perfect performance review scores.,t1_j2ptxfu,https://www.reddit.com/r/datascience/comments/101hxlj/official_2022_end_of_year_salary_sharing_thread/j2ptxfu/,t3_101hxlj,[deleted],2023-01-03T02:36:59.000Z,4,"* Title: BI Manager

* Tenure length: 1.5 yr

* Location: West Coast US HCOL
    * $Remote: fully remote, but comp adjusted to location

* Salary: $120k base, no equity, 10% max perf bonus

* Company/Industry: retail banking

* Education: MSCS

* Prior Experience: 8 yrs various IT type “programmer” roles, 16 yrs other industry unrelated
    * $Internship: none

* Relocation/Signing Bonus: none

* Stock and/or recurring bonuses: 10% performance annual, no equity

* Total comp: $130k (boss has a thing for never giving perfect scores on perf review…)",True,West Coast US HCOL,United States,,"8 yrs various IT type “programmer” roles, 16 yrs other industry unrelated",False,,,,101hxlj,[Official] 2022 End of Year Salary Sharing thread,https://www.reddit.com/r/datascience/comments/101hxlj/official_2022_end_of_year_salary_sharing_thread/
True,Data Scientist,,(almost) 2 yrs,23000.0,USD,Small-size Tech,BS in Artificial Intelligence and BS in Robotics,,,23000.0,*Cries in Polish salary*,t1_j2rkuzf,https://www.reddit.com/r/datascience/comments/101hxlj/official_2022_end_of_year_salary_sharing_thread/j2rkuzf/,t3_101hxlj,Elsuvio,2023-01-03T13:33:23.000Z,5,"* **Title**: Data Scientist
* **Tenure length**:  (almost) 2 yrs
* **Office Location**: Poland
   * **Remote**: Yes
* **Salary**: \~$23,000
* **Company/Industry**: Small-size Tech
* **Education**: BS in Artificial Intelligence and BS in Robotics
* **Prior Experience**:
   * **Internship:** 6 months as Embedded Developer
* **Relocation/Signing Bonus**: NA
* **Stock and/or recurring bonuses**: NA
* **Total Comp**: \~$23,000

\*Cries in Polish salary\*",True,Poland,Poland,,6 months as Embedded Developer (internship),True,,,,101hxlj,[Official] 2022 End of Year Salary Sharing thread,https://www.reddit.com/r/datascience/comments/101hxlj/official_2022_end_of_year_salary_sharing_thread/
True,Data Scientist,,< 2 years,604000.0,INR,"Service based company (specialising in IT services and consulting, a Fortune Global 500 Company)","B. Sc. (Hons.) in Statistics, M. Sc. in Statistics",,Up to 21% based on company performance,8000.0,"Salary also listed as $7,550; remote within India. Internship: 3 months unpaid at an Ed-Tech company. Notes: feels underpaid; casually looking; believes India DS roles often require 3–4 years experience; plans to actively search from Sept '23 (reach ~2 years experience) and target international remote roles in Europe within 1–2 years.",t1_j3kxb9w,https://www.reddit.com/r/datascience/comments/101hxlj/official_2022_end_of_year_salary_sharing_thread/j3kxb9w/,t3_101hxlj,Imtiaz1729,2023-01-09T07:05:09.000Z,4,"I think I'm the only one from India in this comment section.

* **Title:** Data Scientist
* **Tenure Length:** &lt; 2 years
* **Office Location:** Kolkata, India (Globally they have offices in more than 200 cities)
* **Remote:** Yes (Within India)
* **Salary:** $7550 (604,000 INR)
* **Company:** Service based company (specialising in IT services and consulting, a Fortune Global 500 Company)
* **Education:** B. Sc. (Hons.) in Statistics, M. Sc. in Statistics
* **Internship:** 3 months (Unpaid by an Ed-Tech company)
* **Prior Experience:** N/A
* **Relocation/Signing Bonus:** N/A
* **Stock and/or recurring bonuses:** Upto 21% based on company performance
* **Total Comp:** $8000

**Note:** I know I am highly underpaid but due to certain financial issue I can't even stay at home without a job for a month. I am casually looking for new opportunities but every position (offices located in India) as data scientist needs at least 3-4 years of experience in their job description. I'll actively start looking for new offers from Sept. '23 (I'll have 2 years of experience by then.). Within a year or two I'll try to get a job based on European countries that offers international remote work. Till then I'll be focusing on learning as much as possible.",True,"Kolkata, India",India,Kolkata,,True,,,,101hxlj,[Official] 2022 End of Year Salary Sharing thread,https://www.reddit.com/r/datascience/comments/101hxlj/official_2022_end_of_year_salary_sharing_thread/
True,,,,,GBP,,Fresh graduate,,,,"Time series project experience and large ML projects planned over the next year. Mentions supportive data engineering and solid data infrastructure. Work-life balance described as great: most meetings in the morning, technical work in afternoons, finishes by 5pm or earlier with time for gym/walk. Salary characterized as pretty standard/above average for graduates with no experience in the UK outside of London/Cambridge.",t1_ho60bt9,https://www.reddit.com/r/datascience/comments/re46xx/official_2021_end_of_year_salary_sharing_thread/ho60bt9/,t3_re46xx,staye7mo,2021-12-11T21:12:13.000Z,31,"Yeah I was a little worried that it was going to be more of an analyst/BI role at first since its rare to find opportunities like this as a fresh graduate with 0 experience but I already have time series project experience under my belt and big machine learning projects to come for me over the next year. The data engineers have done well to make sure the data infrastructure is great for a newbie to go into, it's interesting to see how its put together. 

The work-life balance is great too most of my meetings are in the morning and I spend the afternoons getting technical work done, plenty of time to go to the gym or for a walk inbetween and have everything done by 5pm or earlier.

The salary is pretty standard/above average for whats currently on the market for graduates with no experience in general in the UK outside of London/Cambridge.",,UK outside of London/Cambridge,United Kingdom,,0 experience,,,,,re46xx,[Official] 2021 End of Year Salary Sharing thread,https://www.reddit.com/r/datascience/comments/re46xx/official_2021_end_of_year_salary_sharing_thread/
True,"Senior Data Scientist, Assistant Vice President",Senior; Assistant Vice President,3 months,120000.0,USD,Finance/Banking,"BS in Math, MS in Applied Math",0.0,10-15000 USD bonus,,"Hybrid schedule: 3 days in-office, 2 days remote. 4.5% + 1.5% matching 401K contribution vested immediately + vested after 1 year. Total comp range reported: 130,000-135,000 USD.",t1_j9jk087,https://www.reddit.com/r/datascience/comments/101hxlj/official_2022_end_of_year_salary_sharing_thread/j9jk087/,t3_101hxlj,NuBoston,2023-02-22T12:53:56.000Z,4,"Title: Senior Data Scientist, Assistant Vice President 

Tenure Length: 3 months

Location: NorthEast USA Coast HCOL 
Hybrid~ 3 days in, 2 days remote 

Salary: 120,000 USD 

Company/Industry: Finance/Banking 

Education: BS in Math, MS in Applied Math 

Prior Experience: 0 experience except for research during undergrad and grad school. Also did a statistical practicum 

Relocation/Signing Bonus: 0 USD 

Stock and/or recurring bonuses: 10-15000 USD bonus

4.5% + 1.5% matching 401K contribution vested immediately + vested after 1 year  

Total Comp: 130,000-135000 USD",True,NorthEast USA Coast HCOL,United States,,0 experience except for research during undergrad and grad school. Also did a statistical practicum,,,,,101hxlj,[Official] 2022 End of Year Salary Sharing thread,https://www.reddit.com/r/datascience/comments/101hxlj/official_2022_end_of_year_salary_sharing_thread/
True,Head of Machine Learning,,< 1 year,120000.0,EUR,Startup,PhD,0.0,"$20,000 yearly bonus",140000.0,,t1_ho6oju4,https://www.reddit.com/r/datascience/comments/re46xx/official_2021_end_of_year_salary_sharing_thread/ho6oju4/,t3_re46xx,throwawaynationx1,2021-12-12T00:14:54.000Z,70,"Looks like I'm the only person in this sub who's not from the US or UK...or the others are shy to post their salary because it looks less impressive if you don't take rent/cost of living/vacation days into account.

* **Title**: Head of Machine Learning
* **Tenure length**: &lt; 1 year
* **Location**: Germany
* **Remote**: no
* **Salary**: $120,000
* **Company/Industry**: Startup
* **Education**: PhD
* **Prior Experience**: 2 years DS, 2 years lead DS
* **Relocation/Signing Bonus**: no
* **Stock and/or recurring bonuses**: $20,000 yearly bonus
* **Total comp**: $140,000",False,Germany,Germany,,"2 years DS, 2 years lead DS",,,,,re46xx,[Official] 2021 End of Year Salary Sharing thread,https://www.reddit.com/r/datascience/comments/re46xx/official_2021_end_of_year_salary_sharing_thread/
True,,,,,EUR,,,,,125000.0,User states total compensation is in Euros and that they converted/rounded it.,t1_ho8mtjs,https://www.reddit.com/r/datascience/comments/re46xx/official_2021_end_of_year_salary_sharing_thread/ho8mtjs/,t3_re46xx,throwawaynationx1,2021-12-12T12:31:37.000Z,11,"It's 125k total comp in Euros, I converted/rounded it",,,,,,,,,,re46xx,[Official] 2021 End of Year Salary Sharing thread,https://www.reddit.com/r/datascience/comments/re46xx/official_2021_end_of_year_salary_sharing_thread/
True,UXR + D&A,,2 months,,,,No degree,,,,"Hired into a six-figure role (currency/location not specified) titled UXR + Data & Analytics; left after 2 months due to poor environment and blocked work. Previously joined a startup, then was recruited into its parent/sponsoring company; handled NLP, forecasting, marketing impact, and consumer behavior analysis with limited ML. Company previously refused to match a reasonable salary. Now joining a smaller company for a bit less in a Product role and starting to freelance between DS and Research. Learned programming as a pre-teen and has long-standing SQL experience.",t1_j2pcn7w,https://www.reddit.com/r/datascience/comments/101hxlj/official_2022_end_of_year_salary_sharing_thread/j2pcn7w/,t3_101hxlj,Nicolas_Mistwalker,2023-01-03T00:40:00.000Z,3,"Non-degreed and essentially was DS for almost 3 years but I chose to pursue more product/innovation side of things.

I applied to a fucktone of internships, joined a startup funded by a sizable company and once it failed I got recruited into that company (basically really good value for them as I couldn't say no)

Then the Senior Analyst left and I got to overtake everything within weeks. Managed, expanded the role, built out a lot of foundations and spent a few hours a week learning about data engineering, DS, business &amp; data and so on.

Not really much real ML (although learning basics on my time) but a lot of basic to semi-advanced NLP, statistical models for things like forecasting or marketing impact calculations and a lot of answering big questions behind consumer behavior. Nothing ground-breaking, kinda hovering between MS and Bsc level I guess. 

It turned out that 3/4 times a good survey or talking to a few users was much easier way to find things out, so I ended more towards UXR.

Thing is company refused to match a reasonable salary so I quit.

got hired for a 6 figure UXR + D&amp;A role. However, quit 2 months in as it was absolute BS with no foundations for research or data work at all and lots of internal conflict that left me blocked 24/7. A nothing job with bad environment and being overemployed is highly illegal problematic here legally speaking. 

Now am joining a smaller company for a bit less in a Product Role and starting to freelance on the crossroads between DS and Research.

I feel very much on the outskirts of DS, as my strength lies in combining research design, technical analytics and business skills. This is basically a technical definition of DS but it involves next to no machine learning, predictive models or all the super awesome complex stuff yall are doing.

But also I learned programming as a pre-teen and been doing SQL queries for longer than most people with 10y of experience, so for me it was mostly about making people believe in me. I did not learn the basics on the job but have known most of this for a long while.",,,,,Approximately 3 years functioning as a Data Scientist; managed and expanded analytics/research responsibilities after a Senior Analyst left,,,,,101hxlj,[Official] 2022 End of Year Salary Sharing thread,https://www.reddit.com/r/datascience/comments/101hxlj/official_2022_end_of_year_salary_sharing_thread/
True,Data Consultant,,5ish months,78500.0,USD,Consulting,BS in Statistics,2500.0,"TBD, not been with the company for long enough yet",81000.0,Hybrid role; can go fully remote anytime,t1_j2oi5lc,https://www.reddit.com/r/datascience/comments/101hxlj/official_2022_end_of_year_salary_sharing_thread/j2oi5lc/,t3_101hxlj,[deleted],2023-01-02T21:16:01.000Z,3,"•	⁠Title: Data Consultant

•	⁠Tenure length: 5ish months

•	⁠Office Location: VA

⁠•	⁠Remote: Hybrid, but I can go fully remote anytime

•	⁠Salary: $78,500

•	⁠Company/Industry: Consulting

•	⁠Education: BS in Statistics

•	⁠Prior Experience: 0 years

•	⁠Relocation/Signing Bonus: $2,500

•	⁠Stock and/or recurring bonuses: TBD, not been with the company for long enough yet

•	⁠Total Comp: $81,000",True,VA,United States,,0 years,,,,,101hxlj,[Official] 2022 End of Year Salary Sharing thread,https://www.reddit.com/r/datascience/comments/101hxlj/official_2022_end_of_year_salary_sharing_thread/
True,undergrad researcher,,,8.5,,university,almost BS,,,,Hourly pay (8.50 per hour),t1_ho5pzkh,https://www.reddit.com/r/datascience/comments/re46xx/official_2021_end_of_year_salary_sharing_thread/ho5pzkh/,t3_re46xx,[deleted],2021-12-11T19:55:44.000Z,234,"Title: undergrad researcher

Pay: $8.50/hr

Company: university

Prior experience: sklearn.fit on kaggle titanic dataset 
to predict survivors 

Education: almost BS",,,,,sklearn.fit on kaggle titanic dataset to predict survivors,,,,,re46xx,[Official] 2021 End of Year Salary Sharing thread,https://www.reddit.com/r/datascience/comments/re46xx/official_2021_end_of_year_salary_sharing_thread/
True,Data Scientist,,8 Months,110000.0,USD,Sensory Science,M.S. Statistics,0.0,$30k RSUs,140000.0,Company HQ in New York City; role is fully remote; employee lives in the Midwest.,t1_j2p755o,https://www.reddit.com/r/datascience/comments/101hxlj/official_2022_end_of_year_salary_sharing_thread/j2p755o/,t3_101hxlj,esperaporquejoe,2023-01-03T00:01:49.000Z,3,"Title: Data Scientist   
Tenure length: 8 Months  
Location: Remote, company is in NYC, I live in the midwest  
Salary: $110,000  
Company/Industry: Sensory Science  
Education: M.S. Statistics  
Prior Experience: 6 Month D.S. internship  
Relocation/Signing Bonus: $0  
Stock and/or recurring bonuses: $30k RSUs  
Total comp: $140,000",True,"Remote, company is in NYC, I live in the midwest",United States,,6 Month D.S. internship,True,,,,101hxlj,[Official] 2022 End of Year Salary Sharing thread,https://www.reddit.com/r/datascience/comments/101hxlj/official_2022_end_of_year_salary_sharing_thread/
True,,,,11.25,,,,,,,"Hourly rate mentioned as approximately 11.25 per hour ('about 11.25/hr'). No location, role, or company details provided; context appears humorous referencing 'iris dataset certification'.",t1_ho6cwz7,https://www.reddit.com/r/datascience/comments/re46xx/official_2021_end_of_year_salary_sharing_thread/ho6cwz7/,t3_re46xx,CkmCpvis,2021-12-11T22:46:36.000Z,176,Once you get that iris dataset certification you’ll bump that pay to about 11.25/hr,,,,,,,,,,re46xx,[Official] 2021 End of Year Salary Sharing thread,https://www.reddit.com/r/datascience/comments/re46xx/official_2021_end_of_year_salary_sharing_thread/
True,Data Scientist,,1 month,130000.0,USD,AgTech,PhD (social sciences),10000.0,10000 (stock and/or recurring bonuses),140000.0,Job is very science focused with many learning opportunities; aiming to upskill and seek promotion or new role in a couple of years.,t1_j2pbbbs,https://www.reddit.com/r/datascience/comments/101hxlj/official_2022_end_of_year_salary_sharing_thread/j2pbbbs/,t3_101hxlj,Sorry-Owl4127,2023-01-03T00:30:47.000Z,3,"•	__Title__: Data Scientist

•	⁠**Tenurelength** 1 month

•	⁠**Location**: Bay Area

•	⁠**Remote**: completely 

•	⁠**Salary**: 130k

•	⁠**Company/Industry** AgTech

•	⁠**Education** PhD (social sciences)

•	⁠**Prior Experience** 1 year in private sector, after postdoc 

•	⁠**Relocation/Signing Bonus**: 10k

•	⁠**Stock and/or recurring bonuses**: 10k

•	⁠**Total comp**:140,000 USD

My job is very science focused, which is nice, and there are a bunch of learning opportunities. I’m hoping to upskill and either get promoted in the company or jump ship in a couple years.",True,Bay Area,United States,San Francisco,"1 year in private sector, after postdoc",,,,,101hxlj,[Official] 2022 End of Year Salary Sharing thread,https://www.reddit.com/r/datascience/comments/101hxlj/official_2022_end_of_year_salary_sharing_thread/
True,NLP Scientist,,~5 months,110000.0,USD,Healthtech Startup,STEM PhD,,5k,115000.0,100% remote,t1_j2pdyr0,https://www.reddit.com/r/datascience/comments/101hxlj/official_2022_end_of_year_salary_sharing_thread/j2pdyr0/,t3_101hxlj,smilodon138,2023-01-03T00:49:13.000Z,3,"* **Title**: NLP Scientist 
* **Tenure length**: \~5months 
* **Location**: HCoL NortherEast USA 
* **Remote**: Yes. 100% 
* **Salary**: 110k 
* **Company/Industry**: Healthtech Startup 
* **Education**: STEM PhD 
* **Prior Experience**: served time in academia for way too long (5+ years as a postdoc). Transitioned to a startup as a data scientist a year ago to this day (@100k/yr) until the startup stopped 
* **Relocation/Signing Bonus**: NaN 
* **Stock and/or recurring bonuses**: 5k 
* **Total comp**: 115k",True,HCoL NortherEast USA,United States,,5+ years as a postdoc in academia; transitioned to a startup as a data scientist for ~1 year (@100k/yr) until the startup stopped,,,,,101hxlj,[Official] 2022 End of Year Salary Sharing thread,https://www.reddit.com/r/datascience/comments/101hxlj/official_2022_end_of_year_salary_sharing_thread/
True,Data scientist,,~2.5 years,130000.0,USD,Tech Start Up,BA,0.0,$0 (have options),130000.0,Total comp stated as $130k plus unvalued stock options ('monopoly money options').,t1_j2ph0pa,https://www.reddit.com/r/datascience/comments/101hxlj/official_2022_end_of_year_salary_sharing_thread/j2ph0pa/,t3_101hxlj,eipi-10,2023-01-03T01:10:33.000Z,3,"* Title: Data scientist 
* Tenure: ~2.5 years 
* Location: Northeast VHCOL 
* Remote: Fully 
* Salary: $130k 
* Industry: Tech Start Up 
* Education: BA 
* Prior experience: ~1 year 
* Reloc / Signing: $0 
* Stock / Recurring Bonuses: $0 (have options)
* Total Comp: $130k + monopoly money options",True,Northeast VHCOL,United States,,~1 year,,,,,101hxlj,[Official] 2022 End of Year Salary Sharing thread,https://www.reddit.com/r/datascience/comments/101hxlj/official_2022_end_of_year_salary_sharing_thread/
True,,,,8.5,,Academia,,,,,Hourly pay rate of 8.50 per hour; role described as cleaning data for a professor.,t1_ho8ll3w,https://www.reddit.com/r/datascience/comments/re46xx/official_2021_end_of_year_salary_sharing_thread/ho8ll3w/,t3_re46xx,[deleted],2021-12-12T12:16:01.000Z,29,It’s kinda sad that what I posted is the truth 😂. I get paid $8.50 per hour to clean data for a prof and my only experience was doing a kaggle comp on titanic dataset,,,,,Only experience: Kaggle competition on the Titanic dataset,,,,,re46xx,[Official] 2021 End of Year Salary Sharing thread,https://www.reddit.com/r/datascience/comments/re46xx/official_2021_end_of_year_salary_sharing_thread/
True,Sr. Data Scientist,Senior,5 yrs,150000.0,USD,CRE SaaS,"BS in Math, AA in CS",15000.0,20% annual bonus,190000.0,,t1_j2pplql,https://www.reddit.com/r/datascience/comments/101hxlj/official_2022_end_of_year_salary_sharing_thread/j2pplql/,t3_101hxlj,Magrik,2023-01-03T02:08:55.000Z,3,"Title: Sr. Data Scientist  
  
Tenure length: 5 yrs  
  
Location: Remote (SF home office)  
  
Salary: $150k  
  
Company/Industry: CRE SaaS  
  
Education: BS in Math, AA in CS  
  
Prior Experience: 7 yrs (no internship or coop)

Relocation/Signing Bonus: $15k signing bonus  
  
Stock and/or recurring bonuses: 20% annual bonus  
  
Total comp: \~$190k",True,Remote (SF home office),United States,San Francisco,7 yrs,False,False,,,101hxlj,[Official] 2022 End of Year Salary Sharing thread,https://www.reddit.com/r/datascience/comments/101hxlj/official_2022_end_of_year_salary_sharing_thread/
True,Sr. Data Scientist,Senior,1 year,135000.0,USD,healthcare,MS in Applied Stats,,ESPP,150000.0,,t1_j2qhxt6,https://www.reddit.com/r/datascience/comments/101hxlj/official_2022_end_of_year_salary_sharing_thread/j2qhxt6/,t3_101hxlj,[deleted],2023-01-03T05:48:04.000Z,3,"* **Title:** Sr. Data Scientist
* **Tenure length:** 1 year
* **Location:** SoCal
   * **$Remote:** Fully remote
* **Salary:** $135k
* **Company/Industry:** healthcare
* **Education:** MS in Applied Stats
* **Prior Experience:** 6 years as data analyst
* **Relocation/Signing Bonus:** N/A
* **Stock and/or recurring bonuses:** ESPP
* **Total comp:** \~$150k",True,SoCal,United States,,6 years as data analyst,,,,,101hxlj,[Official] 2022 End of Year Salary Sharing thread,https://www.reddit.com/r/datascience/comments/101hxlj/official_2022_end_of_year_salary_sharing_thread/
True,Information Systems Analyst,,3 Years,90000.0,USD,Agriculture,BS in Math/Statistics and MS in Economics (Company paid for),5000.0,8000 performance bonus this past year and 500 Christmas bonus,99000.0,"Started around 50000. Hybrid schedule: 4 days at home, 1 in office.",t1_j2rwq96,https://www.reddit.com/r/datascience/comments/101hxlj/official_2022_end_of_year_salary_sharing_thread/j2rwq96/,t3_101hxlj,[deleted],2023-01-03T15:07:51.000Z,3,"* **Title:** Information Systems Analyst
* **Tenure length:** 3 Years
* **Location:** Indianapolis, IN
   * **Remote:** Hybrid. 4 days at home, 1 in office
* **Salary:** $90,000. Started around $50k
* **Company/Industry:** Agriculture
* **Education:** BS in Math/Statistics and MS in Economics (Company paid for)
* **Prior Experience:** 0 yrs
   * **Internship:** Yes, with current company while in college
* **Relocation/Signing Bonus:** $5,000
* **Stock and/or recurring bonuses:** $8,000 performance bonus this past year and $500 Christmas bonus
* **Total comp:** $99,000",True,"Indianapolis, IN",United States,Indianapolis,0 yrs,True,,,,101hxlj,[Official] 2022 End of Year Salary Sharing thread,https://www.reddit.com/r/datascience/comments/101hxlj/official_2022_end_of_year_salary_sharing_thread/
True,Sr Product Analyst,L5,3.5 years,180000.0,USD,YouTube,PhD (Pure Math),,Stock: 160K granted / 300K vested; Annual Bonus: 30K,,Total comp: 370K (granted stock) / 510K (vested stock),t1_ho5bk7v,https://www.reddit.com/r/datascience/comments/re46xx/official_2021_end_of_year_salary_sharing_thread/ho5bk7v/,t3_re46xx,LtCmdrofData,2021-12-11T18:13:22.000Z,155,"* **Title:** Sr Product Analyst
* **Tenure length:** 3.5 years
* **Location:** Bay Area, CA
* **Salary:** $180K
* **Company/Industry:** YouTube
* **Level**: L5
* **Education:** PhD (Pure Math)
* **Prior Experience:** at a FAANG for 4.5 years
* **Stock**: $160K granted/$300K vested
* **Annual Bonus:** $30K
* **Total comp:** $370K (granted stock)/$510K (vested stock)",,"Bay Area, CA",United States,San Francisco,at a FAANG for 4.5 years,,,,,re46xx,[Official] 2021 End of Year Salary Sharing thread,https://www.reddit.com/r/datascience/comments/re46xx/official_2021_end_of_year_salary_sharing_thread/
True,Data Analyst/Analytics Engineer,,1.5 years,74000.0,CAD,Marketing Research/Geospatial Analytics,"BA in Social Science, Masters in Spatial Analysis",,,74000.0,Hybrid but super flexible,t1_j2s8jb4,https://www.reddit.com/r/datascience/comments/101hxlj/official_2022_end_of_year_salary_sharing_thread/j2s8jb4/,t3_101hxlj,SojuCondo,2023-01-03T16:27:29.000Z,3,"* **Title:** Data Analyst/Analytics Engineer
* **Tenure length:** 1.5 years
* **Location**: Toronto,  Canada
   * $Remote: Hybrid but super flexible
* **Salary**: $74,000 CAD
* **Company/Industry**: Marketing Research/Geospatial Analytics
* **Education**: BA in Social Science, Masters in Spatial Analysis
* **Prior Experience**: 6 months internship
* **Relocation/Signing Bonus**: N/A
* **Stock and/or recurring bonuses**: N/A
* **Total comp**: $74,000 CAD",True,"Toronto,  Canada",Canada,Toronto,6 months internship,True,,,,101hxlj,[Official] 2022 End of Year Salary Sharing thread,https://www.reddit.com/r/datascience/comments/101hxlj/official_2022_end_of_year_salary_sharing_thread/
True,Data Scientist,Entry Level,,120000.0,USD,Financial Services,Masters,15000.0,$12K - $24K,,Total compensation range reported as $147K-$159K.,t1_j2sfx0p,https://www.reddit.com/r/datascience/comments/101hxlj/official_2022_end_of_year_salary_sharing_thread/j2sfx0p/,t3_101hxlj,[deleted],2023-01-03T17:14:38.000Z,3,"- Title: Data Scientist 
- Tenure Length: Entry Level 
- Location: New York 
- Salary: $120K
- Company/Industry: Financial Services 
- Education: Masters 
- Prior Experience: Mostly just internships throughout undergrad and grad school ranging from data science internships at Fortune 200s to startups. Also did a bunch of computer vision research. 
- Relocation/ Signing bonus: $15K
- Stock and/or recurring bonuses: $12K - $24K
- Total Comp: $147K-$159K",,New York,United States,New York City,Mostly just internships throughout undergrad and grad school ranging from data science internships at Fortune 200s to startups. Also did a bunch of computer vision research.,True,,,,101hxlj,[Official] 2022 End of Year Salary Sharing thread,https://www.reddit.com/r/datascience/comments/101hxlj/official_2022_end_of_year_salary_sharing_thread/
True,Sr Machine Learning Engineer,Senior,0.5 years,140000.0,USD,biomedical device startup,Ph.D. Electrical Engineering,,"$20,000 stock",160000.0,,t1_j3ru2g3,https://www.reddit.com/r/datascience/comments/101hxlj/official_2022_end_of_year_salary_sharing_thread/j3ru2g3/,t3_101hxlj,madbadanddangerous,2023-01-10T17:22:37.000Z,3,"* **Title:** Sr Machine Learning Engineer
* **Tenure length:** 0.5 years
* **Location:** San Francisco, CA (office location)
   * **Remote:** Yes, fully remote position
* **Salary:** $140,000
* **Company/Industry:** biomedical device startup
* **Education:** Ph.D. Electrical Engineering 
* **Prior Experience:** 3 years post-PhD, with some industry experience between degrees as well
   * **$Internship:** NA
* **Relocation/Signing Bonus:** NA
* **Stock and/or recurring bonuses:** $20,000 stock
* **Total comp:** $160,000",True,"San Francisco, CA (office location)",United States,San Francisco,"3 years post-PhD, with some industry experience between degrees as well",,,,,101hxlj,[Official] 2022 End of Year Salary Sharing thread,https://www.reddit.com/r/datascience/comments/101hxlj/official_2022_end_of_year_salary_sharing_thread/
True,Sr Data Scientist,Senior,6 years,167000.0,,Mid-size tech,"MS in Data Science, MS Info. Systems, MBA",0.0,"15% yearly cash bonus, $40,000 in yearly stock grants",240000.0,,t1_j42q3iy,https://www.reddit.com/r/datascience/comments/101hxlj/official_2022_end_of_year_salary_sharing_thread/j42q3iy/,t3_101hxlj,U2Fan,2023-01-12T19:41:50.000Z,3,"Title: Sr Data Scientist  
Tenure length: 6 years  
Office: Remote   
Salary: $167,000  
Company/Industry: Mid-size tech  
Education: MS in Data Science, MS Info. Systems, MBA  
Prior Experience: 6 yrs  
Relocation/Signing Bonus: $0  
Stock and recurring bonuses: 15% yearly cash bonus, $40,000 in yearly stock grants  
Total Comp:  $240,000",True,Remote,,,6 yrs,,,,,101hxlj,[Official] 2022 End of Year Salary Sharing thread,https://www.reddit.com/r/datascience/comments/101hxlj/official_2022_end_of_year_salary_sharing_thread/
True,Senior Data Scientist,Senior,5 months,102000.0,USD,National Labs,PhD in math,,,102000.0,Medium cost of living in a rapidly growing city,t1_j4dqmqi,https://www.reddit.com/r/datascience/comments/101hxlj/official_2022_end_of_year_salary_sharing_thread/j4dqmqi/,t3_101hxlj,psssat,2023-01-15T00:09:36.000Z,3,"Title: Senior Data Scientist 

Tenure length: 5 months

Loc: Hybrid on the West Coast (med cost of living in a rapidly growing city) 

Salary/ Total: 102k

Industry: National Labs

Ed: Phd in math

Prior experience: none unless you count the phd",True,Hybrid on the West Coast (med cost of living in a rapidly growing city),United States,,None unless you count the PhD,,,,,101hxlj,[Official] 2022 End of Year Salary Sharing thread,https://www.reddit.com/r/datascience/comments/101hxlj/official_2022_end_of_year_salary_sharing_thread/
True,Director DS & ML,Director,4yrs,200000.0,USD,F500 Utility Company,"BS Risk Analysis, MS Data Science",15000.0,~40-70k RSUs; ~60-90k annual bonus (depends on company and individual performance),,Total comp mentioned as ~300-360k. Initial bonuses were approximately 10k relocation and 5k signing. Considering/considered promotions: received promotion and pay bump to Director; likely promotion to Sr. Director this year with a projected 50-60k TC increase. Considered Microsoft in 2022 but offer was not higher and required relocation to HCOL area. Industry noted as very stable.,t1_j55dtuh,https://www.reddit.com/r/datascience/comments/101hxlj/official_2022_end_of_year_salary_sharing_thread/j55dtuh/,t3_101hxlj,A_lonely_ds,2023-01-20T14:54:01.000Z,3,"Using throwaway but im a very regular poster on my main acct.

* **Title**: Director DS &amp; ML

* **Tenure:** 4yrs

* **Location:** LCOL area (east coast - near two major metros, but mostly suburban/rural), also now full remote.

* **Salary:** ~$200k

* **Industry:** F500 Utility Company

* **Education:** BS Risk Analysis, MS Data science

* **Prior Exp:** 12 years in data centric fields. Previously for some large contracting companies, and for the government (US intel community). Many years a go I had a few engineering internships (where I got my feet wet with data analytics).

* **Relocation/Signing Bonus:** Been 4 years now - but I think it was 10k/5k (so 15k total).

* **Stock/Bonus:** ~$40-70k RSUs, ~$60-90k bonus (depends on company performance as well as individual)

* **Total comp:** ~$300-360,000

Last year I was considering jumping ship if I didnt get a promotion and a good pay bump to director. I got both those things at my company. I almost made the jump to MSFT in 2022 as well - but ultimately they were not offering more than my current compensation and would require relo to a HCOL area. But with the current state of affairs (layoffs) I feel very fortunate to have my role - the industry I'm in is very very stable. Which, when things are booming, can suck a bit (our stock price stays pretty level), but during 'downturns' its a really really good value proposition. 

Also likely to receive a promotion to Sr. Director this year (some shuffling around in the C suite will open by boss' position up as he moves up) - that will probably be a 50-60k? TC increase.",True,"LCOL area (east coast - near two major metros, but mostly suburban/rural), also now full remote.",United States,,12 years in data-centric fields; previously at large contracting companies and in the US intelligence community.,True,,,,101hxlj,[Official] 2022 End of Year Salary Sharing thread,https://www.reddit.com/r/datascience/comments/101hxlj/official_2022_end_of_year_salary_sharing_thread/
True,Data Analyst,,2 months,60000.0,USD,Large International Company,BA in Psychology,,,60000.0,,t1_j5zesz9,https://www.reddit.com/r/datascience/comments/101hxlj/official_2022_end_of_year_salary_sharing_thread/j5zesz9/,t3_101hxlj,sparklepants9000,2023-01-26T17:06:47.000Z,3,"•	⁠Title: Data Analyst
•	⁠Tenure length: 2 months 
•	⁠Office Location: Charlotte, NC
	⁠•	⁠Remote: Yes
•	⁠Salary: $60,000
•	⁠Company/Industry: Large International Company
•	⁠Education: BA in Psychology
•	⁠Prior Experience: None
•	⁠Relocation/Signing Bonus: N/A
•	⁠Stock and/or recurring bonuses: N/A
•	⁠Total Comp: $60,000",True,"Charlotte, NC",United States,Charlotte,None,,,,,101hxlj,[Official] 2022 End of Year Salary Sharing thread,https://www.reddit.com/r/datascience/comments/101hxlj/official_2022_end_of_year_salary_sharing_thread/
True,DS Quant,,3 years,170000.0,USD,Finance,MS DS,,~20% annual bonus; 7% 401k matching; HSA matching,220000.0,,t1_j6i755i,https://www.reddit.com/r/datascience/comments/101hxlj/official_2022_end_of_year_salary_sharing_thread/j6i755i/,t3_101hxlj,mizmato,2023-01-30T14:49:56.000Z,3,"Update from last year's sharing thread:


    Title: DS Quant
    Tenure length: 3 years
    Location: Washington DC
        $Remote: Hybrid
    Salary: $170k
    Company/Industry: Finance
    Education: MS DS
    Prior Experience: No industry experience.
    Stock and/or recurring bonuses:
        ~20% annual bonus
        7% 401k matching
        HSA matching
    Total comp: $220k",True,Washington DC,United States,Washington DC,No industry experience.,,,,,101hxlj,[Official] 2022 End of Year Salary Sharing thread,https://www.reddit.com/r/datascience/comments/101hxlj/official_2022_end_of_year_salary_sharing_thread/
True,Sr. Data Scientist,Senior,1+ year,140000.0,,Big N,"STEM undergrad, analytics masters",0.0,$60k RSUs,200000.0,My 2021 salary post is higher than it was in actuality because my RSUs went down.,t1_jemgg5k,https://www.reddit.com/r/datascience/comments/101hxlj/official_2022_end_of_year_salary_sharing_thread/jemgg5k/,t3_101hxlj,screwmatlab111,2023-04-02T04:17:34.000Z,3,"* **Title:** Sr. Data Scientist
* **Tenure length:** 1+ year
* **Location:** LCOL
 * **$Remote:** Yes
* **Salary:** $140k
* **Company/Industry:** Big N
* **Education:** STEM undergrad, analytics masters
* **Prior Experience:** 1 year DS, 3 years DA
 * **$Internship:** None
 * **$Coop:** None
* **Relocation/Signing Bonus:** N/A this year
* **Stock and/or recurring bonuses:** $60k RSUs
* **Total comp:** $200k
* **Misc:** My 2021 salary post is higher than it was in actuality because my RSUs went 📉 lol",True,LCOL,,,"1 year DS, 3 years DA",False,False,,,101hxlj,[Official] 2022 End of Year Salary Sharing thread,https://www.reddit.com/r/datascience/comments/101hxlj/official_2022_end_of_year_salary_sharing_thread/
True,Senior Data Scientist,Senior,~ 1.5 years,130000.0,USD,,M.Sc. Data Science,,"20% annual bonus; undisclosed stock/equity (RSUs, private company)",157000.0,"Occasionally remote, but mostly office. Hoping the base comp can raise a bit; overall really happy with the work; equity is pretty significant (private company RSUs).",t1_j2p67b9,https://www.reddit.com/r/datascience/comments/101hxlj/official_2022_end_of_year_salary_sharing_thread/j2p67b9/,t3_101hxlj,Willy_Blanca,2023-01-02T23:55:20.000Z,2," • Title: Senior Data Scientist

 • Tenure length: ~ 1.5 years

 • Location: Denver, CO 

 ◦ $Remote: Occasionally remote, but mostly office 

 • Salary: $130,000

 • Education: M.Sc. Data Science 

 • Prior Experience: 1.5 years 

 • Relocation/Signing Bonus: N/A

 • Stock and/or recurring bonuses: 20% annual bonus, undisclosed stock 

 • Total comp: ~ $157K excluding equity 

Hoping the base comp can raise a bit but overall really happy with the work and the equity is pretty significant (private company so RSUs)",True,"Denver, CO",United States,Denver,1.5 years,,,,,101hxlj,[Official] 2022 End of Year Salary Sharing thread,https://www.reddit.com/r/datascience/comments/101hxlj/official_2022_end_of_year_salary_sharing_thread/
True,Lead Analyst,Lead,9 months,105000.0,USD,healthcare,BS Accounting/MBA,,20%,126000.0,,t1_j2pd27y,https://www.reddit.com/r/datascience/comments/101hxlj/official_2022_end_of_year_salary_sharing_thread/j2pd27y/,t3_101hxlj,snancyiv,2023-01-03T00:42:56.000Z,2,"* **Title:** Lead Analyst
* **Tenure length:** 9 months
* **Location:**  Philadelphia 

   * **$Remote:** yes
* **Salary:** $105k
* **Company/Industry:** healthcare 
* **Education:** BS Accounting/MBA
* **Prior Experience:**  4 years financial analyst/4 years data analyst

* **Relocation/Signing Bonus:** N/A
* **Stock and/or recurring bonuses:** 20%
* **Total comp:** $126k",True,Philadelphia,United States,Philadelphia,4 years financial analyst/4 years data analyst,,,,,101hxlj,[Official] 2022 End of Year Salary Sharing thread,https://www.reddit.com/r/datascience/comments/101hxlj/official_2022_end_of_year_salary_sharing_thread/
True,sr data scientist,Senior,6 years,120000.0,USD,,masters nearly finished,0.0,15000 stock and/or recurring bonuses,135000.0,,t1_j2pdfu5,https://www.reddit.com/r/datascience/comments/101hxlj/official_2022_end_of_year_salary_sharing_thread/j2pdfu5/,t3_101hxlj,PixelatedPanda1,2023-01-03T00:45:32.000Z,2,"Title: sr data scientist

Tenure length: 6 years

Location: MN (now remote)

Salary: $120k

Education: masters nearly finished

Prior Experience: 0 years

Relocation/Signing Bonus: 0

Stock and/or recurring bonuses: $15k

Total comp: $135k",True,MN (now remote),United States,,0 years,,,,,101hxlj,[Official] 2022 End of Year Salary Sharing thread,https://www.reddit.com/r/datascience/comments/101hxlj/official_2022_end_of_year_salary_sharing_thread/
True,Senior Data Scientist,Senior,3 years,145000.0,USD,Mid-size ad-tech,PhD in Physics,,Recurring bonus 3000,148000.0,"Hybrid, 2 days in-office",t1_j2phce1,https://www.reddit.com/r/datascience/comments/101hxlj/official_2022_end_of_year_salary_sharing_thread/j2phce1/,t3_101hxlj,chunkychapstick,2023-01-03T01:12:48.000Z,2,"* Title: Senior Data Scientist
* Tenure length: 3 years
* Location: Philadelphia, PA
   * $Remote: Hybrid, 2 days in-office
* Salary: $145,000
* Company/Industry: Mid-size ad-tech
* Education: PhD in Physics
* Prior Experience: 4 yrs
   * $Internship: N/A
   * $Coop: N/A
* Relocation/Signing Bonus: N/A
* Stock and/or recurring bonuses: $3,000
* Total comp: $148,000",True,"Philadelphia, PA",United States,Philadelphia,4 years,False,False,,,101hxlj,[Official] 2022 End of Year Salary Sharing thread,https://www.reddit.com/r/datascience/comments/101hxlj/official_2022_end_of_year_salary_sharing_thread/
True,Data Scientist,,6 months,112000.0,USD,Large Tech Company,"MS Business Analytics, BS Statistics",0.0,"Variable EoY cash bonus, 3-10%",120000.0,"Hybrid role. Internships: 2 summers as DS intern with large federal government contractor (Arlington, VA).",t1_j2pl29v,https://www.reddit.com/r/datascience/comments/101hxlj/official_2022_end_of_year_salary_sharing_thread/j2pl29v/,t3_101hxlj,Butthole_Steve,2023-01-03T01:38:28.000Z,2,"* **Title:** Data Scientist
* **Tenure length:** 6 months
* **Location:**  Austin, TX

   * **$Remote:** Hybrid
* **Salary:** $112,000
* **Company/Industry:** Large Tech Company
* **Education:** MS Business Analytics, BS Statistics
* **Prior Experience:**  0 

   * **$Internship** 2 summers as DS intern w/ large Fed Gov. Contractor (Arlington, VA)
   * **$Coop** N/A
* **Relocation/Signing Bonus:** $0
* **Stock and/or recurring bonuses:** Variable EoY cash bonus, 3-10%
* **Total comp:** ~$120,000",True,"Austin, TX",United States,Austin,0,True,False,,,101hxlj,[Official] 2022 End of Year Salary Sharing thread,https://www.reddit.com/r/datascience/comments/101hxlj/official_2022_end_of_year_salary_sharing_thread/
True,Data Analytics Lead,Lead,1 year 2 months,113000.0,USD,"Healthcare, Fortune 50",MS Analytics; Doctorate (just graduated; didn’t have it when first started),,"$30,000",143000.0,"Remote permanently. Going through a realignment; may see compensation changes in March. Responsibilities span data engineering, data science, and analytics. Tools used: SQL, Python, Power BI, R, Tableau.",t1_j2qnbgq,https://www.reddit.com/r/datascience/comments/101hxlj/official_2022_end_of_year_salary_sharing_thread/j2qnbgq/,t3_101hxlj,KeyboardsEverthing,2023-01-03T06:44:51.000Z,2,"Title: Data Analytics Lead

Tenure length: 1 Year 2 months

Location: Remote, Dallas, Tx

$Remote: Yes, remote permanently

Salary: $113,000

Company/Industry: Healthcare, Fortune 50

Education: MS Analytics, Doctorate (just graduated) didn’t have it when I first started)

Prior Experience: Self-employed. First job out after graduating 

$Internship Analytics intern for fitness app startup 

Stock and/or recurring bonuses: $30,000

Total comp: $143,000

Throwaway account but we are going through a realignment so hopefully looking for some upgrades. Won’t know till March. Pretty much do everything that relates to data. Mixture of Engineering, DS, and data analytics. Using a mixture of tools daily with sql, python, power bi, r, tableau",True,"Remote, Dallas, Tx",United States,Dallas,Self-employed. First job out after graduating. Internship: Analytics intern for fitness app startup.,True,,,,101hxlj,[Official] 2022 End of Year Salary Sharing thread,https://www.reddit.com/r/datascience/comments/101hxlj/official_2022_end_of_year_salary_sharing_thread/
True,data analyst,,~2 years,140000.0,USD,tech,masters (in progress),10000.0,12% + stocks,157000.0,Full remote; HQ in NYC,t1_j2thr62,https://www.reddit.com/r/datascience/comments/101hxlj/official_2022_end_of_year_salary_sharing_thread/j2thr62/,t3_101hxlj,[deleted],2023-01-03T21:06:01.000Z,2,"* **Title:** data analyst
* **Tenure length:** ~2 years
* **Location:**  nyc hq 

   * **$Remote:** full remote
* **Salary:** 140k
* **Company/Industry:** tech
* **Education:** masters (in progress)
* **Prior Experience:**  ~11 (5 years data)

   * **$Internship**
   * **$Coop**
* **Relocation/Signing Bonus:** 10k
* **Stock and/or recurring bonuses:** 12% + stocks
* **Total comp:** $157k + stocks",True,nyc hq,United States,New York City,~11 (5 years data),,,,,101hxlj,[Official] 2022 End of Year Salary Sharing thread,https://www.reddit.com/r/datascience/comments/101hxlj/official_2022_end_of_year_salary_sharing_thread/
True,Process Data Scientist,,7 months,150000.0,USD,Semiconductors,ChemE PhD,0.0,RSU comes out to ~20k/year and bonus is set to 20%,200000.0,Self-studied data science/programming to transition from a dead-end job for PhDs; now in a role combining DS skills with ChemE domain expertise and actively learning.,t1_ho6kcwe,https://www.reddit.com/r/datascience/comments/re46xx/official_2021_end_of_year_salary_sharing_thread/ho6kcwe/,t3_re46xx,candidFIRE,2021-12-11T23:42:24.000Z,44,"* Title: Process Data Scientist
* Tenure length: 7 months
* Location: SF Bay Area
* Salary: $150k
* Company/Industry: Semiconductors
* Education: ChemE PhD
* Prior Experience: brief stint as a postdoc + 3.5 years as ChE
* Relocation/Signing Bonus: 0
* Stock and/or recurring bonuses: RSU comes out to ~20k/year and bonus is set to 20%
* Total comp: $200k

I self-studied data science/programming while working a basically dead-end job for PhD's. It took awhile, but I was able to finally transition into a role where I can simultaneously improve my DS skills and keep my domain expertise in ChemE. I feel fortunate to be where I am at this stage of my career and am learning as much as I can each day!",,SF Bay Area,United States,San Francisco,brief stint as a postdoc + 3.5 years as ChE,,,,,re46xx,[Official] 2021 End of Year Salary Sharing thread,https://www.reddit.com/r/datascience/comments/re46xx/official_2021_end_of_year_salary_sharing_thread/
True,Decision Scientist,,8 months,100000.0,USD,Late stage tech startup,MA Economics,,10% annual bonus (depends on company performance); Stock options (4-year monthly vesting) worth unknown; $2500 annual lifestyle spending stipend; ~$1000 in yearly spot bonuses,130000.0,Working fully remote from a LCOL Midwest metro; office location Denver.,t1_ho5b5vj,https://www.reddit.com/r/datascience/comments/re46xx/official_2021_end_of_year_salary_sharing_thread/ho5b5vj/,t3_re46xx,save_the_panda_bears,2021-12-11T18:10:34.000Z,42,"* **Title:** Decision Scientist
* **Tenure length:** 8 months
* **Office Location:** Denver
   * $**Remote:** Working fully remote from a LCOL midwest metro
* **Salary:** $100,000
* **Company/Industry:** Late stage tech startup
* **Education:** MA Economics
* **Prior Experience:** 7.5 years at a marketing agency, 5 as QA/SWE, 2.5 as data scientist
   * **$Internship:** 1 summer internship as front end dev.
* **Relocation/Signing Bonus:** None
* **Stock and/or recurring bonuses:**

   * 10% annual bonus (depends on company performance)
   * Stock options (4 year monthly vesting) worth ????
   * $2500 annual lifestyle spending stipend
   * ~$1000 in yearly spot bonuses
* **Total Comp:** ~$130,000",True,Denver,United States,Denver,"7.5 years at a marketing agency, 5 as QA/SWE, 2.5 as data scientist",True,,,,re46xx,[Official] 2021 End of Year Salary Sharing thread,https://www.reddit.com/r/datascience/comments/re46xx/official_2021_end_of_year_salary_sharing_thread/
True,Data Scientist,,6 months,130000.0,USD,Insurance,BS Computer Science,,,130000.0,Fully remote,t1_j3mt5st,https://www.reddit.com/r/datascience/comments/101hxlj/official_2022_end_of_year_salary_sharing_thread/j3mt5st/,t3_101hxlj,MightBeRong,2023-01-09T17:38:36.000Z,2,"* **Title:** Data Scientist
* **Tenure length:** 6 months
* **Location:**  San Francisco 

   * **$Remote:** yes, fully remote
* **Salary:** $130k
* **Company/Industry:** Insurance
* **Education:** BS Computer Science, 
* **Prior Experience:**  5 years domain experience 

   * **$Internship** NA
   * **$Coop** NA
* **Relocation/Signing Bonus:** NA 
* **Stock and/or recurring bonuses:** NA
* **Total comp:** $130k",True,San Francisco,United States,San Francisco,5 years domain experience,False,False,,,101hxlj,[Official] 2022 End of Year Salary Sharing thread,https://www.reddit.com/r/datascience/comments/101hxlj/official_2022_end_of_year_salary_sharing_thread/
True,Senior Data Scientist,Senior,1 yr,130000.0,USD,Advertising Tech,"MSc Data Science, MEng Mechanical Engineering",0.0,15%,150000.0,Hoping to leave soon; got laid off this week.,t1_j3o8snw,https://www.reddit.com/r/datascience/comments/101hxlj/official_2022_end_of_year_salary_sharing_thread/j3o8snw/,t3_101hxlj,Wonderful-Feeling393,2023-01-09T22:54:24.000Z,2,"* **Title**: Senior Data Scientist
* **Tenure length**: 1 yr
* **Office Location**: NYC
   * **Remote:** Yes
* **Salary:** $130,000
* **Company/Industry:** Advertising Tech
* **Education:** MSc Data Science, MEng Mechanical Engineering
* **Prior Experience:** 3 yrs
* **Relocation/Signing Bonus:** 0
* **Stock and/or recurring bonuses**: 15%
* **Total Comp:** $150,000

Hoping to leave soon tbh.

Edit: Got laid off this week...",True,NYC,United States,New York City,3 yrs,,,,,101hxlj,[Official] 2022 End of Year Salary Sharing thread,https://www.reddit.com/r/datascience/comments/101hxlj/official_2022_end_of_year_salary_sharing_thread/
True,AI Engineer,,3 months,50000.0,GBP,Consulting (Gov),"MSc Software Development, BEng Mechanical Engineering",,,50000.0,Remote status noted as: 'depends who's asking',t1_ho5nozl,https://www.reddit.com/r/datascience/comments/re46xx/official_2021_end_of_year_salary_sharing_thread/ho5nozl/,t3_re46xx,Lewba,2021-12-11T19:38:48.000Z,41,"* Title: AI Engineer
* Tenure length: 3 months
* Location: London, UK
* Remote: depends who's asking
* Salary: £50,000
* Company/Industry: Consulting (Gov)
* Education: MSc Software Development, BEng Mechanical Engineering
* Prior Experience: 2 YOE Machine Learning Engineer
* Total comp: £50,000",,"London, UK",United Kingdom,London,2 YOE Machine Learning Engineer,,,,,re46xx,[Official] 2021 End of Year Salary Sharing thread,https://www.reddit.com/r/datascience/comments/re46xx/official_2021_end_of_year_salary_sharing_thread/
True,Senior Analyst,,4+ years,90000.0,USD,Downstream Oil,Some College,0.0,Stock and Bonus: 14000,104000.0,,t1_j4dcuc3,https://www.reddit.com/r/datascience/comments/101hxlj/official_2022_end_of_year_salary_sharing_thread/j4dcuc3/,t3_101hxlj,TxVet1865,2023-01-14T22:37:21.000Z,2,"Title: Senior Analyst

Tenure Length: 4+ years 

Location: Dayton, OH 
                Hybrid 

Salary: $90,000 

Industry: Downstream Oil 

Education: Some College 

Prior Experience: Military, Government Acquisitions 

Signing Bonus: None 

Stock and Bonus: $14,000

Total Comp: $104,000",True,"Dayton, OH 
                Hybrid",United States,Dayton,"Military, Government Acquisitions",,,,,101hxlj,[Official] 2022 End of Year Salary Sharing thread,https://www.reddit.com/r/datascience/comments/101hxlj/official_2022_end_of_year_salary_sharing_thread/
True,Lead Data Scientist,,4.5 years,190000.0,USD,"Boutique Consultancy (primarily Fortune 100 size clients, specializing in pricing analytics)",M.S. from Ivy League school,60000.0,Revenue sharing from projects I lead,260000.0,,t1_j5o1jpe,https://www.reddit.com/r/datascience/comments/101hxlj/official_2022_end_of_year_salary_sharing_thread/j5o1jpe/,t3_101hxlj,Mr_MeowMeowMeow,2023-01-24T10:55:27.000Z,2,"    •	Title: Lead Data Scientist
    •	Tenure length: 4.5 years
    •	Location: Washington, D.C. area
    •	$Remote: 100%
    •	Salary: $190,000
    •	Company/Industry: Boutique Consultancy (primarily Fortune 100 size clients, specializing in pricing analytics)
    •	Education: M.S. from Ivy League school
    •	Prior Experience: 4 years of non-technical work before transitioning during grad school
    •	Relocation/Signing Bonus: $60,000
    •	Stock and/or recurring bonuses: Revenue sharing from projects I lead
    •	Total comp: ~$260,000/year",True,"Washington, D.C. area",United States,Washington DC,4 years of non-technical work before transitioning during grad school,,,,,101hxlj,[Official] 2022 End of Year Salary Sharing thread,https://www.reddit.com/r/datascience/comments/101hxlj/official_2022_end_of_year_salary_sharing_thread/
True,,,,60000.0,GBP,,,,,,"States that for 2 YOE, £50k is competitive. Mentions they will move to a £60k role in February. Notes compensation can depend on role and industry.",t1_hodzvo9,https://www.reddit.com/r/datascience/comments/re46xx/official_2021_end_of_year_salary_sharing_thread/hodzvo9/,t3_re46xx,Lewba,2021-12-13T15:31:12.000Z,9,"For 2 YOE, £50k is competitive, but in February I'll be moving to a £60k role, so it's possible to eek out more depending on the role etc. Also very dependent on the industry.",,,,,2 years,,,,,re46xx,[Official] 2021 End of Year Salary Sharing thread,https://www.reddit.com/r/datascience/comments/re46xx/official_2021_end_of_year_salary_sharing_thread/
True,ML Engineer,,2 Years,23300.0,INR,Restraunt Tech/PoS,MS,,1.5K,25000.0,,t1_j6ckxt4,https://www.reddit.com/r/datascience/comments/101hxlj/official_2022_end_of_year_salary_sharing_thread/j6ckxt4/,t3_101hxlj,[deleted],2023-01-29T10:59:59.000Z,2,"Title: ML Engineer  
Tenure length: 2 Years  
Location: Jaipur, India  
$Remote: Hybrid  
Salary: 23300  
Company/Industry: Restraunt Tech/PoS  
Education: MS   
Prior Experience:   
$Internship: 1, Building ML PoCs  
$Coop: 1.5 Years as Data Analyst  
Stock and/or recurring bonuses: 1.5K  
Total comp: \~25000",True,"Jaipur, India",India,Jaipur,"Internship: 1, Building ML PoCs; Co-op: 1.5 Years as Data Analyst",True,True,,,101hxlj,[Official] 2022 End of Year Salary Sharing thread,https://www.reddit.com/r/datascience/comments/101hxlj/official_2022_end_of_year_salary_sharing_thread/
True,Data Scientist,,~2y,160000.0,USD,FAANG,BS+MS,25000.0,"~$190k/yr stock after appreciation, ~20% annual bonus",390000.0,"Remember, this thread suffers from tremendous voluntary response bias!",t1_ho7ec8e,https://www.reddit.com/r/datascience/comments/re46xx/official_2021_end_of_year_salary_sharing_thread/ho7ec8e/,t3_re46xx,nine100dollarydoos,2021-12-12T03:45:35.000Z,82,"* **Title:** Data Scientist
* **Tenure:** \~2y
* **Location:** Bay Area
* **Salary:** $160k
* **Company/Industry:** FAANG
* **Education:** BS+MS
* **Prior Experience:**
   * 1y, non-FAANG, non-DS
* **Relocation/Signing Bonus: $**25k
* **Stock and/or recurring bonuses**:  \~$190k/yr stock after appreciation, \~20% annual bonus
* **Total comp:** \~$390k

Remember, this thread suffers from tremendous voluntary response bias!",,Bay Area,United States,San Francisco,"1y, non-FAANG, non-DS",,,,,re46xx,[Official] 2021 End of Year Salary Sharing thread,https://www.reddit.com/r/datascience/comments/re46xx/official_2021_end_of_year_salary_sharing_thread/
True,Associate Data Scientist,Associate,1 yr in current role,100000.0,USD,Small Tech,BS in Computer Science,5000.0,20%,125000.0,,t1_j9aw7m0,https://www.reddit.com/r/datascience/comments/101hxlj/official_2022_end_of_year_salary_sharing_thread/j9aw7m0/,t3_101hxlj,lanciferp,2023-02-20T16:15:12.000Z,2,"- Title: Associate Data Scientist
- Tenure length: 1 yr in current role
- Office Location: Salt Lake, Utah
- Remote: Yes
- Salary: $100,000
- Company/Industry: Small Tech
- Education: BS in Computer Science
- Prior Experience: 1 year internship (6 months with current company)
- Relocation/Signing Bonus: $5,000
- Stock and/or recurring bonuses: 20%
- Total Comp: $125,000",True,"Salt Lake, Utah",United States,Salt Lake,1 year internship (6 months with current company),True,,,,101hxlj,[Official] 2022 End of Year Salary Sharing thread,https://www.reddit.com/r/datascience/comments/101hxlj/official_2022_end_of_year_salary_sharing_thread/
True,Data Scientist (soon to be ML Engineer),,1 year,80000.0,USD,Health Tech startup,"BS Computational Data Science, Minor in Statistics",,< 0.4% equity amounting to $7000,87000.0,"Current title likely to change; Data Scientist in name only and ML Engineer is the best description. Compensation under renegotiation after excellent performance review, increasing responsibilities, and below-market salary.",t1_ho63gjb,https://www.reddit.com/r/datascience/comments/re46xx/official_2021_end_of_year_salary_sharing_thread/ho63gjb/,t3_re46xx,PLxFTW,2021-12-11T21:35:32.000Z,32,"- **Title:** Data Scientist, soon to be ML Engineer

- **Tenure length:** 1 year

- **Location:**
 - **$Remote:** Philly

- **Salary:** $80,000 -&gt; TBD

- **Company/Industry:** Health Tech startup

- **Education:** BS Computational Data Science, Minor in Statistics

- **Prior Experience:** 2.5 YoE
 - **$Internship:** ML Engineer at industrial analytics company

- **Relocation/Signing Bonus:** N/A

- **Stock and/or recurring bonuses:** &lt; 0.4% amounting to $7000

- **Total comp:** $87,000


Current position title is likely to change as I am a Data Scientist in name only and ML Engineer is the best description.

Compensation will change as I have initiated a renegotiation as a result of excellent performance review, increasing responsibilities, and below market salary.",True,Philly,United States,Philadelphia,2.5 YoE,True,,,,re46xx,[Official] 2021 End of Year Salary Sharing thread,https://www.reddit.com/r/datascience/comments/re46xx/official_2021_end_of_year_salary_sharing_thread/
True,Director of Data Science,,1 year,185000.0,USD,Health/Wellness,PhD,,15% bonus; $10k incentive; Company RSUs,200000.0,,t1_ho6eua9,https://www.reddit.com/r/datascience/comments/re46xx/official_2021_end_of_year_salary_sharing_thread/ho6eua9/,t3_re46xx,3rdlifepilot,2021-12-11T23:00:57.000Z,29,"* **Title:** Director of Data Science 
* **Tenure length:** 1 year
* **Location:** Minnesota (Hybrid/As Wanted)
* **Salary:** $185,000
* **Company/Industry:** Health/Wellness
* **Education:** PhD
* **Prior Experience:** 2 years DS manager (150k-165k + equity), 2 years Principle DS (120k-135k), 3 years Data Science/Software Engineer hybrid (85k-105k)
* **Stock and/or recurring bonuses:**
   * 15% bonus
   * $10k incentive
   * Company RSUs
* **Total comp:** ~$200,000.",True,Minnesota (Hybrid/As Wanted),United States,,"2 years DS manager (150k-165k + equity), 2 years Principle DS (120k-135k), 3 years Data Science/Software Engineer hybrid (85k-105k)",,,,,re46xx,[Official] 2021 End of Year Salary Sharing thread,https://www.reddit.com/r/datascience/comments/re46xx/official_2021_end_of_year_salary_sharing_thread/
True,Senior Data Scientist,Senior,< 1 year,205000.0,USD,Tech (FAANG-adjacent),BA Poli Sci,,$297k RSUs (publicly traded company) yearly,502000.0,Held 3 DS positions at 3 companies in 2 years.,t1_ho5vw0r,https://www.reddit.com/r/datascience/comments/re46xx/official_2021_end_of_year_salary_sharing_thread/ho5vw0r/,t3_re46xx,HoneyIAteTheCat,2021-12-11T20:39:19.000Z,83,"Title: Senior Data Scientist

Tenure length: &lt; 1 year at this position. Held 3 DS positions at 3 companies in 2 years.

Location: NYC / remote

Salary: 205k

Industry: Tech (FAANG-adjacent)

Education: BA Poli Sci

Prior Experience: 4 years Data Analyst, 2 years DS

Stock and/or recurring bonuses: $297k RSUs (publicly traded company) yearly

Total comp: $502k",True,NYC / remote,United States,New York City,"4 years Data Analyst, 2 years DS",,,,,re46xx,[Official] 2021 End of Year Salary Sharing thread,https://www.reddit.com/r/datascience/comments/re46xx/official_2021_end_of_year_salary_sharing_thread/
True,Data Scientist,L5,,,,,,,,,"Current role at company 3 as L5 with significantly higher compensation than prior L5 at company 2. Company 2 was a FAANG firm with public ethical issues; tenure there was less than a year before moving. Market described as very hot for senior-level candidates. No specific salary figures, location, or currency mentioned.",t1_hofdnu2,https://www.reddit.com/r/datascience/comments/re46xx/official_2021_end_of_year_salary_sharing_thread/hofdnu2/,t3_re46xx,HoneyIAteTheCat,2021-12-13T21:05:11.000Z,13,"Yeah sure. 

I had been promoted from Data Analyst to entry-level (L3) DS, then again from L3 to L4,  at company 1. That took place over a period of just over 2 years. I then went to company 2 (FAANG), which involved a promo to L5. I did not like this FAANG company, so I jumped to company 3, also at L5, but with significantly higher comp.

Company 1 to company 2 wasn't a super fast jump - 2 years - and it involved a level change and a jump in prestige, so that one didn't raise any eyebrows. 

You will probably be able to guess what company 2 is from this, but let's just say it was a company with some prominent ethical issues playing out very, very publicly. Jumping from this company was an easy narrative to sell, as I was jumping because of those issues specifically.

I think the best way to summarize this history is in two points:

  
1. Having a narrative around why you made a move is paramount. When interviewing at company 3, I brought it up proactively in every interview, from recruiter screen to hiring manager, at the beginning of the interview - something like, ""I'm sure it will come up so I wanted to proactively address the fact that I've been at \[company 2\] for less than a year, and explain both why I'm looking to leave so soon, but also why I'm looking specifically to join \[company 2\]."" If you are proactive and have an actual narrative, jumping ship doesn't matter so much. I think I'd be in trouble if I jumped shipped again within 18 months or so from company 3.

2. The market is crazy hot for senior folks right now. It's the hottest anyone I know can remember it being. A lot can be looked over in this market.",,,,,"Promoted from Data Analyst to DS L3, then to L4 at company 1 over just over 2 years; later moved to company 2 (FAANG) as L5 before moving to company 3 as L5.",,,,,re46xx,[Official] 2021 End of Year Salary Sharing thread,https://www.reddit.com/r/datascience/comments/re46xx/official_2021_end_of_year_salary_sharing_thread/
True,Sr Data Analyst,,5 mo. 4.5 yrs total,110000.0,USD,SaaS Startup,Bachelors in Mathematics,,Stock. Begins vesting after 1 year,110000.0,,t1_ho5bbwp,https://www.reddit.com/r/datascience/comments/re46xx/official_2021_end_of_year_salary_sharing_thread/ho5bbwp/,t3_re46xx,Cosmic__Walrus,2021-12-11T18:11:45.000Z,28,"* **Title:** Sr Data Analyst
* **Tenure length:** 5 mo. 4.5 yrs total
* **Location:** Company: PNW. Me: Ohio
   * **$Remote:** Y
* **Salary:** 110k
* **Company/Industry:** ~~SAS~~ SaaS Startup
* **Education:** Bachelors in Mathematics
* **Prior Experience:** DA/BI/DS Entry to Managerial
   * **$Internship** N/A
   * **$Coop** N/A
* **Relocation/Signing Bonus:** N/A
* **Stock and/or recurring bonuses:** Stock. Begins vesting after 1 year
* **Total comp:** 110k",True,Company: PNW. Me: Ohio,United States,,DA/BI/DS Entry to Managerial,,,,,re46xx,[Official] 2021 End of Year Salary Sharing thread,https://www.reddit.com/r/datascience/comments/re46xx/official_2021_end_of_year_salary_sharing_thread/
True,Senior Data Analyst,Senior,5 months,,USD,Fortune 500,Undergraduate degree in economics,,No equity,,States making 30k less than a referenced figure; exact salary not provided.,t1_ho7dkge,https://www.reddit.com/r/datascience/comments/re46xx/official_2021_end_of_year_salary_sharing_thread/ho7dkge/,t3_re46xx,AcridAcedia,2021-12-12T03:39:04.000Z,9,"Okay I'm a senior data analyst at a F500 company in the midwest and making 30k less than that with exactly the same experience (5m in SrDA + 5 years total). The only difference is an undergrad in economics.

EDIT: With no equity",,midwest,United States,,5 years total experience,,,,,re46xx,[Official] 2021 End of Year Salary Sharing thread,https://www.reddit.com/r/datascience/comments/re46xx/official_2021_end_of_year_salary_sharing_thread/
True,,,,,USD,Fortune 50 (previous employer),,,,,"Changed jobs and received a 15000 raise, then left 5 months later for another 10000 raise. Current employer is located in Seattle; poster lives in Ohio and works from home. States being underpaid relative to Seattle market but overpaid relative to Ohio. Dislikes WFH, starting a family, and likes current team.",t1_hoet1et,https://www.reddit.com/r/datascience/comments/re46xx/official_2021_end_of_year_salary_sharing_thread/hoet1et/,t3_re46xx,Cosmic__Walrus,2021-12-13T18:45:13.000Z,9,"I hear ya. I was the first analytics hire at my first job and quickly climbed a ladder until I was part of nearly every cross departmental initiative. Steadily my pay was going up every 6 months. Then they decided to stop. So I left to go elsewhere and got a 15k raise. F50 company and hated every second of it. So 5 months later I left again for another 10k.

I'm underpaid what id be making if I lived in Seattle (where my current employer is located) but they are able to overpay me what I would be making here in Ohio.

I hate working from home but I'm trying to start a family and i love my current team.",True,Ohio,United States,,First analytics hire at first job; worked on cross-department initiatives; brief stint at Fortune 50 (left after ~5 months).,,,,,re46xx,[Official] 2021 End of Year Salary Sharing thread,https://www.reddit.com/r/datascience/comments/re46xx/official_2021_end_of_year_salary_sharing_thread/
True,,,,,,Non-profit,,,,,States they work in the non-profit sector and believe they could earn 50-100% more in for-profit; describes their salary as much smaller than average but sufficient to pay bills.,t1_ho7m0am,https://www.reddit.com/r/datascience/comments/re46xx/official_2021_end_of_year_salary_sharing_thread/ho7m0am/,t3_re46xx,Cmgeodude,2021-12-12T04:52:36.000Z,3,"Same. I work in the non-profit world. I could probably get 50-100% more out the gate if I moved into for-profit, but my much-smaller-than-average salary pays the bills.",,,,,,,,,,re46xx,[Official] 2021 End of Year Salary Sharing thread,https://www.reddit.com/r/datascience/comments/re46xx/official_2021_end_of_year_salary_sharing_thread/
True,,,,,,,,,,,Took approximately a 30% pay cut to leave the United States and live in northern Europe. Reports current pay covers bills and vacations; spouse does not need to work. States work/life balance is perfect. Previous location: United States; current specific country in northern Europe not specified.,t1_ho7qy19,https://www.reddit.com/r/datascience/comments/re46xx/official_2021_end_of_year_salary_sharing_thread/ho7qy19/,t3_re46xx,ds_salary_throwaway,2021-12-12T05:38:36.000Z,12,"Same boat here.  I took a 30% or so pay cut to leave the US and live a quieter, happier life in northern Europe.  I see people in this thread more than tripling my salary, but I still make enough money to pay my bills, vacation, and my wife doesn't have to work.  Anything more than that is just more than I need.  And my work/life balance is perfect.",,northern Europe,,,,,,,,re46xx,[Official] 2021 End of Year Salary Sharing thread,https://www.reddit.com/r/datascience/comments/re46xx/official_2021_end_of_year_salary_sharing_thread/
True,Incoming Data Analyst Developer,,"4 month internship / training, then NA",75000.0,,Accounting / Tax Consulting,Finishing MSc (BS in unrelated field),0.0,"Bonuses depending on client…not sure, haven’t started yet",75000.0,Total comp stated as at least 75K; hasn’t started yet. Edit: correction,t1_ho5vbxt,https://www.reddit.com/r/datascience/comments/re46xx/official_2021_end_of_year_salary_sharing_thread/ho5vbxt/,t3_re46xx,Glucosquidic,2021-12-11T20:35:06.000Z,26,"* **Title**: Incoming Data Analyst Developer
* **Tenure Length**: 4 month internship / training, then NA
* **Location**: Fully Remote (Multiple Office locations )
* **Salary**: $75K
* **Company/Industry**: Accounting / Tax Consulting
* **Education**: Finishing MSc (BS in unrelated field)
* **Prior Experience**: NA
* **Relocation / Signing Bonus**: None
* **Stock and/or recurring bonuses**: Bonuses depending on client…not sure, haven’t started yet
* **Total comp**: at least $75K

Edit: correction",True,Fully Remote (Multiple Office locations ),,,NA,,,,,re46xx,[Official] 2021 End of Year Salary Sharing thread,https://www.reddit.com/r/datascience/comments/re46xx/official_2021_end_of_year_salary_sharing_thread/
True,Data Analyst,,Starting shortly,125000.0,USD,Finance/Investment,BS/MS in Industrial Engineering,10000.0,10000 in equity; eligible for annual bonus (~10000),,Total compensation range stated as 135000-145000,t1_ho6l8ny,https://www.reddit.com/r/datascience/comments/re46xx/official_2021_end_of_year_salary_sharing_thread/ho6l8ny/,t3_re46xx,Justise_Better,2021-12-11T23:49:00.000Z,27,"- **Title**: Data Analyst
- **Tenure:** Starting shortly 
- **Location:** Florida, USA
- **Salary**: $125,000
- **Industry**: Finance/Investment
- **Education:** BS/MS in Industrial Engineering
- **Prior Experience:** 8 month internship as industrial engineer
- **Signing bonus:** $10,000
- **Stock/Bonus:** $10,000 in equity, eligible for annual bonus (~$10,000)
- **Total Comp:** $135,000 - $145,000",,"Florida, USA",United States,,8 month internship as industrial engineer,True,,,,re46xx,[Official] 2021 End of Year Salary Sharing thread,https://www.reddit.com/r/datascience/comments/re46xx/official_2021_end_of_year_salary_sharing_thread/
True,Senior Data Scientist,Senior,3 years,92000.0,GBP,Logistics,BSc Mathematics,,Upto 18% depending on company performance,,Salary noted as approximate.,t1_ho5mjua,https://www.reddit.com/r/datascience/comments/re46xx/official_2021_end_of_year_salary_sharing_thread/ho5mjua/,t3_re46xx,Dosnox,2021-12-11T19:30:33.000Z,26,"Title: Senior Data Scientist

Tenure: 3 Years

Location: London, UK but Fully remote

Salary: $92,000 approximately

Industry: Logistics

Education: BSc Mathematics

Prior Experience: 6 Years as a data analyst

Bonus: Upto 18% depending on company performance",True,"London, UK but Fully remote",United Kingdom,London,6 years as a data analyst,,,,,re46xx,[Official] 2021 End of Year Salary Sharing thread,https://www.reddit.com/r/datascience/comments/re46xx/official_2021_end_of_year_salary_sharing_thread/
True,,,,62000.0,,,,,Up to 8% bonus,,"Base salary stated as roughly 62,000; no location or other details provided.",t1_ho5xhda,https://www.reddit.com/r/datascience/comments/re46xx/official_2021_end_of_year_salary_sharing_thread/ho5xhda/,t3_re46xx,Dosnox,2021-12-11T20:51:07.000Z,8,"Sure salary was $62,000 roughly with upto 8% bonus.",,,,,,,,,,re46xx,[Official] 2021 End of Year Salary Sharing thread,https://www.reddit.com/r/datascience/comments/re46xx/official_2021_end_of_year_salary_sharing_thread/
True,Data Scientist,,< 1 year,120000.0,,Big N,"STEM undergrad, analytics masters",5000.0,min $30k but variable,160000.0,,t1_ho62laa,https://www.reddit.com/r/datascience/comments/re46xx/official_2021_end_of_year_salary_sharing_thread/ho62laa/,t3_re46xx,screwmatlab111,2021-12-11T21:29:01.000Z,23,"* **Title:** Data Scientist
* **Tenure length:** &lt; 1 year
* **Location:** LCOL

* **$Remote:** Yes
* **Salary:** $120k
* **Company/Industry:** Big N
* **Education:** STEM undergrad, analytics masters
* **Prior Experience:** 1 year DS, 3 years DA
* **$Internship:** None
* **$Coop:** None
* **Relocation/Signing Bonus:** $5k
* **Stock and/or recurring bonuses:** min $30k but variable
* **Total comp:** ~$160k",True,LCOL,,,"1 year DS, 3 years DA",False,False,,,re46xx,[Official] 2021 End of Year Salary Sharing thread,https://www.reddit.com/r/datascience/comments/re46xx/official_2021_end_of_year_salary_sharing_thread/
True,Analytics Engineering Manager,Manager,1 year,150000.0,USD,SaaS,BS Economics; BA Int’l Studies,,15% bonus; ~$70k annual RSUs,240000.0,,t1_ho55f7y,https://www.reddit.com/r/datascience/comments/re46xx/official_2021_end_of_year_salary_sharing_thread/ho55f7y/,t3_re46xx,dataguy24,2021-12-11T17:30:47.000Z,49,"-	**Title**: Analytics Engineering Manager
-	**Tenure length**: 1 year current role; 6 prior years along data analyst track, ending at Sr Data Analyst
-	**Location**: Pacific Northwest, USA (hybrid remote)
-	**Salary**: $150k
-	**Company/Industry**: SaaS
-	**Education**: BS Economics; BA Int’l Studies
-	**Prior Experience**: 4 years customer success
-	**Relocation/Signing Bonus**: None
-	**Stock and/or recurring bonuses**: 15% bonus; ~$70k annual RSUs. 
-	**Total comp**: ~$240k",True,"Pacific Northwest, USA (hybrid remote)",United States,,6 years along data analyst track (ending at Sr Data Analyst); 4 years customer success,,,,,re46xx,[Official] 2021 End of Year Salary Sharing thread,https://www.reddit.com/r/datascience/comments/re46xx/official_2021_end_of_year_salary_sharing_thread/
True,VP of Data Science,VP,"6 years: 1 @ VP, 2 @ director, 2 @ manager, 1 @ data scientist",200000.0,USD,"Marketing agency, ~500 people",PhD in STEM field. BA in Physics.,0.0,Bonus target: 40000; Equity bonus equivalent to about 10% of salary yearly,260000.0,,t1_ho672z5,https://www.reddit.com/r/datascience/comments/re46xx/official_2021_end_of_year_salary_sharing_thread/ho672z5/,t3_re46xx,aspera1631,2021-12-11T22:02:43.000Z,36,"**Title:** VP of Data Science

**Tenure length:** 6 years: 1 @ VP, 2 @ director, 2 @ manager, 1 @ data scientist

**Location**: Boston Area. WFH optional. I go in 1-2 days/week.

**Salary**: $200k base, $40k bonus target

**Company/Industry**: Marketing agency, \~500 people

**Education**: PhD in STEM field. BA in Physics.

**Prior Experience**: Postdoc related to PhD, then Insight Data Science

**Relocation/Signing Bonus**: None

**Stock**: Equity bonus equivalent to about 10% of salary yearly

**Total comp**: \~$260k",True,Boston Area. WFH optional. I go in 1-2 days/week.,United States,Boston,"Postdoc related to PhD, then Insight Data Science",,,,,re46xx,[Official] 2021 End of Year Salary Sharing thread,https://www.reddit.com/r/datascience/comments/re46xx/official_2021_end_of_year_salary_sharing_thread/
True,"Data Scientist, Analytics Intern",Intern,,7700.0,USD,FAANG,Senior year in undergrad,300.0,,,"Salary is per month. Benefits include free relocation, reimbursement for transportation and mental/physical health needs, health insurance, and a choice between corporate housing or a housing stipend (amount not specified).",t1_ho69zbc,https://www.reddit.com/r/datascience/comments/re46xx/official_2021_end_of_year_salary_sharing_thread/ho69zbc/,t3_re46xx,[deleted],2021-12-11T22:24:39.000Z,17,"* Title: Data Scientist, Analytics Intern
* Location: New York City
* Salary: $7700 per month
* Company/Industry: FAANG
* Education: Senior year in undergrad
* Prior Experience/Internship: 8 month DA co-op in semiconductor company
* Relocation/Signing Bonus: Free relocation, $300 to ship personal items, reimbursement for transportation and mental/physical health needs, health insurance,  choice between corporate housing or stipend.",,New York City,United States,New York City,8 month DA co-op in semiconductor company,,True,,,re46xx,[Official] 2021 End of Year Salary Sharing thread,https://www.reddit.com/r/datascience/comments/re46xx/official_2021_end_of_year_salary_sharing_thread/
True,Lead Data Scientist,Lead,1.5 years,55000.0,USD,Tech/O&G/Mining/IoT pre-IPO spinoff; AI/MLE consultancy (most clients in O&G or Mining),"BS Geological Engineering, MS Mechanical Engineering",,No idea; I have equity but the company is less than a year old,,"Remote is optional; goes to the office every 2 weeks for important meetings. Salary also noted as ~310k BRL. Employed initially by the F500 parent company to develop product that the spinoff now sells, so tenure predates the spinoff's existence.",t1_ho7sjm5,https://www.reddit.com/r/datascience/comments/re46xx/official_2021_end_of_year_salary_sharing_thread/ho7sjm5/,t3_re46xx,SufficientType1794,2021-12-12T05:53:46.000Z,15,"Seeing US salaries makes me a little bit sick.

* **Title:** Lead Data Scientist
* **Tenure length:** 1.5 years
* **Location:** São Paulo, Brazil
   * **Remote:** Yes (optional), but I go to the office every 2 weeks for important meetings. 
* **Salary:** $55k USD (310k BRL)
* **Company/Industry:** Tech/O&amp;G/Mining/IoT/Other pre-IPO spinoff (we are an AI/MLE consultancy, most clients are in O&amp;G or Mining).
* **Education:** BS Geological Engineering, MS Mechanical Engineering
* **Prior Experience:** 2.5 years as a DS in oil exploration between startups and a F500 O&amp;G company.
   * **Internship** 1 year doing signal processing for a geophysics startup
* **Stock and/or recurring bonuses:** No idea, I have equity but the company is less than a year old*.


\* I'm at the company longer than it exists because I was initially hired by the parent company (the F500 O&amp;G company) with the goal of developing the product that the spinoff sells.",True,"São Paulo, Brazil",Brazil,São Paulo,2.5 years as a Data Scientist in oil exploration between startups and a F500 O&G company,True,,,,re46xx,[Official] 2021 End of Year Salary Sharing thread,https://www.reddit.com/r/datascience/comments/re46xx/official_2021_end_of_year_salary_sharing_thread/
True,Data Scientist,,2 years,187000.0,USD,"Startup, tech (work involves inventing paths forward for new potentially impossible tech; different from standard DS/DA).",None,,Just annual bonus,200000.0,No relocation/signing bonus (they tend to do that there).,t1_ho7benp,https://www.reddit.com/r/datascience/comments/re46xx/official_2021_end_of_year_salary_sharing_thread/ho7benp/,t3_re46xx,proverbialbunny,2021-12-12T03:20:54.000Z,14,"Title: Data Scientist

Tenure length: 2 years

Location: SF/Bay Area

$Remote: Yes

Salary: $187k + bonus

Company/Industry: Startup, tech. (I figure out and invent paths forward for new potentially impossible tech, so it's a bit different than standard business DS/DA type work.)

Education: None.  I got in before the DS title was used in silicon valley.

Prior Experience: 11 years

$Internship: No.

$Coop:  No.

Relocation/Signing Bonus:  No, but they tend to do that here.

Stock and/or recurring bonuses:  Just annual bonus.

Total comp: 200k",True,SF/Bay Area,United States,San Francisco,11 years,False,False,,,re46xx,[Official] 2021 End of Year Salary Sharing thread,https://www.reddit.com/r/datascience/comments/re46xx/official_2021_end_of_year_salary_sharing_thread/
True,Data Scientist,,4 years at company (1 has DS),95000.0,CAD,Oil and Gas,Bachelor in mechanical engineering (almost done Msc in software),,10%,105000.0,Remote 90%. Internship not related to DS.,t1_ho6a64k,https://www.reddit.com/r/datascience/comments/re46xx/official_2021_end_of_year_salary_sharing_thread/ho6a64k/,t3_re46xx,Imstuckmtl,2021-12-11T22:26:07.000Z,14,"Title: Data Scientist  
  
Tenure length: 4 years at company (1 has DS)  
  
Location: Montreal  
  
$Remote: 90%  
  
Salary: 95k$ (CAD)  
  
Company/Industry: Oil and Gas  
  
Education: Bachelor in mechanical engineering (almost done Msc in software)  
  
Prior Experience: None  
  
$Internship: Not related to DS  
  
Relocation/Signing Bonus: N/A  
  
Stock and/or recurring bonuses: 10%  
  
Total comp:  105k$",True,Montreal,Canada,Montreal,None,True,,,,re46xx,[Official] 2021 End of Year Salary Sharing thread,https://www.reddit.com/r/datascience/comments/re46xx/official_2021_end_of_year_salary_sharing_thread/
True,"Staff SWE, ML",Staff,6 months,300000.0,USD,Tech,PhD,0.0,~$500k,800000.0,,t1_ho62iua,https://www.reddit.com/r/datascience/comments/re46xx/official_2021_end_of_year_salary_sharing_thread/ho62iua/,t3_re46xx,RUDE_AND_MEME,2021-12-11T21:28:31.000Z,36,"* **Title:** Staff SWE, ML  

* **Tenure length:** 6 months
* **Location:** SF Bay Area
* **Salary:** $300k
* **Company/Industry:** Tech
* **Education:** PhD  

* **Prior Experience:** 5yrs PostDoc, 4yrs Industry
* **Relocation/Signing Bonus:** 0
* **Stock and/or recurring bonuses:** \~$500k
* **Total comp:** \~$800k",,SF Bay Area,United States,San Francisco,"5yrs PostDoc, 4yrs Industry",,,,,re46xx,[Official] 2021 End of Year Salary Sharing thread,https://www.reddit.com/r/datascience/comments/re46xx/official_2021_end_of_year_salary_sharing_thread/
True,Solutions Architect,,6 months,160000.0,,Consulting,"Masters in Business Intelligence, Undergrad in Economics with a concentration in Computer Science",5000.0,"Quarterly bonus: 20% of salary (~$8k quarterly, ~$32k annual)",192000.0,,t1_ho6g8g4,https://www.reddit.com/r/datascience/comments/re46xx/official_2021_end_of_year_salary_sharing_thread/ho6g8g4/,t3_re46xx,Drict,2021-12-11T23:11:25.000Z,13,"   **Title:** Solutions Architect


   **Tenure length:** 6 months


   **Location:** WFH
  

**Remote:** Y


**Salary:** $160,000


**Company/Industry:** Consulting


**Education:** Masters in Business Intelligence, Undergrad in Economics with a concentration in Computer Science


**Prior Experience:** 3 years with telecommunications company


   **Relocation/Signing Bonus:** $5k


   **Stock and/or recurring bonuses:** Qtrly Bonus- 20% of my salary during that period ~$8k Qterly = $32k Annual
   

  **Total comp:** $192k",True,WFH,,,3 years with telecommunications company,,,,,re46xx,[Official] 2021 End of Year Salary Sharing thread,https://www.reddit.com/r/datascience/comments/re46xx/official_2021_end_of_year_salary_sharing_thread/
True,Senior Data Scientist/Applied Scientist,Senior,Offer,175000.0,USD,E-commerce,"BS, MS in Math/Stats",,"10% target bonus, 400k/4 years",292000.0,,t1_ho738er,https://www.reddit.com/r/datascience/comments/re46xx/official_2021_end_of_year_salary_sharing_thread/ho738er/,t3_re46xx,csdstaway,2021-12-12T02:13:00.000Z,13,"**Title:** Senior Data Scientist/Applied Scientist  
  
**Tenure length:** Offer  
  
**Location:** NYC  
  
**Salary:** 175k  
  
**Company/Industry:** E-commerce  
  
**Education:** BS, MS in Math/Stats  
  
**Prior Experience:** 3 YOE  
  
**Stock and/or recurring bonuses:** 10% target bonus, 400k/4 years  
  
**Total comp:** 292k",,NYC,United States,New York City,3 YOE,,,,,re46xx,[Official] 2021 End of Year Salary Sharing thread,https://www.reddit.com/r/datascience/comments/re46xx/official_2021_end_of_year_salary_sharing_thread/
True,Data Analyst,,Accepting in a couple of days,50000.0,GBP,FinTech,BSc Maths with Stats,,"Up to 15% bonus, typically 10%",55000.0,"Total comp estimated using typical 10% bonus; with max 15% bonus, total would be 57,500",t1_ho6hf2r,https://www.reddit.com/r/datascience/comments/re46xx/official_2021_end_of_year_salary_sharing_thread/ho6hf2r/,t3_re46xx,PixelLight,2021-12-11T23:20:08.000Z,11,"* **Title**: Data Analyst
* **Tenure length**: Accepting in a couple of days
* **Location**: London, UK
* **Salary**: 50k GBP
* **Company/Industry**: FinTech 
* **Education**: BSc Maths with Stats
* **Prior Experience**: 2 years Data Analyst
* **Bonus**:  Up to 15%, typically 10% apparently",,"London, UK",United Kingdom,London,2 years Data Analyst,,,,,re46xx,[Official] 2021 End of Year Salary Sharing thread,https://www.reddit.com/r/datascience/comments/re46xx/official_2021_end_of_year_salary_sharing_thread/
True,DS Quant,,1.5 years,150000.0,USD,Finance,MS DS,,Approx. 20% annual bonus; 7% 401k matching; Potential RSU with more experience,190000.0,Remote until 2022,t1_ho725ur,https://www.reddit.com/r/datascience/comments/re46xx/official_2021_end_of_year_salary_sharing_thread/ho725ur/,t3_re46xx,mizmato,2021-12-12T02:04:18.000Z,10,"* **Title:** DS Quant
* **Tenure length:** 1.5 years
* **Location:** Washington DC
   * $**Remote:** Remote until 2022
* **Salary:** $150k
* **Company/Industry:** Finance
* **Education:** MS DS
* **Prior Experience:** No industry experience.
* **Stock and/or recurring bonuses:**
   * Approx. 20% annual bonus
   * 7% 401k matching
   * Potential RSU with more experience
* **Total comp:** $190k",,Washington DC,United States,Washington DC,No industry experience.,,,,,re46xx,[Official] 2021 End of Year Salary Sharing thread,https://www.reddit.com/r/datascience/comments/re46xx/official_2021_end_of_year_salary_sharing_thread/
True,Senior Data Scientist,Senior,3 years,100000.0,USD,Healthcare,"B.S. Physics, working on M.S. Computer Science",,"Private company, no bonuses",100000.0,"Total comp includes full tuition assistance (non-cash benefit). Earlier (pre-YER) details: Title: Data Scientist, Salary: 88500 USD, Total comp: 88500 USD + full tuition assistance. Updated after year-end review to Senior Data Scientist at 100000 USD base.",t1_hogw5hk,https://www.reddit.com/r/datascience/comments/re46xx/official_2021_end_of_year_salary_sharing_thread/hogw5hk/,t3_re46xx,seeaemearohin,2021-12-14T03:53:01.000Z,11,"* Title: Data Scientist
* Tenure Length: 3 years
* Location: Midwest but I WFH
* Salary: $88.5k
* Industry: Healthcare
* Education: B.S. Physics, working on M.S. Computer Science
* Prior Experience: Academic researcher
* Relocation/Signing Bonus: -
* Stock and/or recurring bonuses: Private company, no bonuses
* Total comp: $88.5k + full tuition assistance

YER coming up this week, will update.

\*\*\*UPDATE AFTER YEAR END REVIEW\*\*\*

* Title: Senior Data Scientist
* Tenure Length: 3 years
* Location: Midwest but I WFH
* Salary: $100k
* Industry: Healthcare
* Education: B.S. Physics, working on M.S. Computer Science
* Prior Experience: Academic researcher
* Relocation/Signing Bonus: -
* Stock and/or recurring bonuses: Private company, no bonuses
* Total comp: $100k + full tuition assistance",True,Midwest but I WFH,United States,,Academic researcher,,,,,re46xx,[Official] 2021 End of Year Salary Sharing thread,https://www.reddit.com/r/datascience/comments/re46xx/official_2021_end_of_year_salary_sharing_thread/
True,Data Analyst,,5 months,110000.0,USD,Public/Federal Subcontractor,Bachelor's Science Quantitative Finance,,,,"Role is fully remote; office location listed as Arlington, VA.",t1_ho5it3g,https://www.reddit.com/r/datascience/comments/re46xx/official_2021_end_of_year_salary_sharing_thread/ho5it3g/,t3_re46xx,refpuz,2021-12-11T19:03:53.000Z,17,"* **Title:** Data Analyst
* **Tenure length:** 5 months
* **Location:** Arlington, VA (office location)
   * $**Remote:** Yes, fully remote position
* **Salary:** $110,000
* **Company/Industry:** Public/Federal Subcontractor
* **Education:** Bachelor's Science Quantitative Finance
* **Prior Experience:** 2 years in Finance, 3.5 years in Automotive, both similar positions in scope. 
   * **$Internship:** NA
* **Relocation/Signing Bonus:** NA
* **Stock and/or recurring bonuses:** NA",True,"Arlington, VA (office location)",United States,Arlington,"2 years in Finance, 3.5 years in Automotive, both similar positions in scope.",False,,,,re46xx,[Official] 2021 End of Year Salary Sharing thread,https://www.reddit.com/r/datascience/comments/re46xx/official_2021_end_of_year_salary_sharing_thread/
True,Product Analyst,,2 mo,125000.0,USD,FinTech Unicorn,M.Sc (biomedical engineering),0.0,RSUs worth $300k over 4 years; no recurring bonuses,200000.0,Total comp is the offer and fluctuates with stock value.,t1_ho6fr9o,https://www.reddit.com/r/datascience/comments/re46xx/official_2021_end_of_year_salary_sharing_thread/ho6fr9o/,t3_re46xx,HiddenNegev,2021-12-11T23:07:49.000Z,8,"* Title: Product Analyst
* Tenure length: 2 mo
* Location: Seattle, WA
* Salary: $125k
* Company/Industry: FinTech Unicorn
* Education: [M.Sc](https://M.Sc) (biomedical engineering)
* Prior Experience: 1½ YOE at another fintech unicorn as an analyst
* Relocation/Signing Bonus: 0
* Stock and/or recurring bonuses: $300k over 4 years, no bonuses
* Total comp: $200k (offer) however fluctuates with stock value.",,"Seattle, WA",United States,Seattle,1½ YOE at another fintech unicorn as an analyst,,,,,re46xx,[Official] 2021 End of Year Salary Sharing thread,https://www.reddit.com/r/datascience/comments/re46xx/official_2021_end_of_year_salary_sharing_thread/
True,Date Engineer,,9 Months,44000.0,GBP,Finance,Masters,0.0,0,44000.0,Fulltime WFH,t1_ho6v1o7,https://www.reddit.com/r/datascience/comments/re46xx/official_2021_end_of_year_salary_sharing_thread/ho6v1o7/,t3_re46xx,CingKan,2021-12-12T01:06:22.000Z,7,"**Title**: Date Engineer

**Tenure length**: 9 Months

**Location**: Manchester, UK

**$Remote**: fulltime WFH

**Salary**:  £44,000

**Company/Industr**y:  Finance

**Education**: Masters

**Prior Experience**:  3 years consultancy

**$Internship**

$Coop

Relocation/Signing Bonus:  0

Stock and/or recurring bonuses: 0

Total comp: £44000",True,"Manchester, UK",United Kingdom,Manchester,3 years consultancy,,,,,re46xx,[Official] 2021 End of Year Salary Sharing thread,https://www.reddit.com/r/datascience/comments/re46xx/official_2021_end_of_year_salary_sharing_thread/
True,Data Analyst,,1 year+,40320.0,SGD,Bank,Bsc Finance & Economy,,,,"Technically doing Data Scientist tasks (ETL, productivity dashboards, applying ML models). Currently WFH; could resume 50/50 hybrid next year. Self-taught coding and ML; coursework in statistics/econometrics helped understanding.",t1_ho7t95b,https://www.reddit.com/r/datascience/comments/re46xx/official_2021_end_of_year_salary_sharing_thread/ho7t95b/,t3_re46xx,In_consistent,2021-12-12T06:00:45.000Z,7,"Title: Data Analyst   
(But technically doing Data Scientist task -&gt; from ETL + Productivity Dashboard + Applying ML models)   
  
Tenure length: 1year +  
  
Location: Singapore  
  
$Remote: Currently WFH, could resume back to 50/50 next year  
  
Salary: $40,320   
  
Company/Industry: Bank  
  
Education: Bsc Finance &amp; Economy   
(TLDR: Got interested in DS during last year of University, hence self-taught on coding+ML along the way. Fortunate enough that some of the modules that I took, like statistic/econometric assisted me in understanding ML concept smoothly.)  
  
Prior Experience: Fresh Grad",True,Singapore,Singapore,Singapore,Fresh Grad,,,,,re46xx,[Official] 2021 End of Year Salary Sharing thread,https://www.reddit.com/r/datascience/comments/re46xx/official_2021_end_of_year_salary_sharing_thread/
True,Data Scientist,,1 year,152000.0,USD,FAANG,Masters (quit my PhD program),,$30k bonus; $60k annual vested stock,242000.0,,t1_ho7wwhf,https://www.reddit.com/r/datascience/comments/re46xx/official_2021_end_of_year_salary_sharing_thread/ho7wwhf/,t3_re46xx,latte214270,2021-12-12T06:40:47.000Z,7,"Data Scientist 

1 year (3 years in a peripherally related field prior to grad school)

Bay Area

Salary: $152k

FAANG

Masters (quit my PhD program) 

$30k bonus

$60k annual vested stock

Total comp: $242k",,Bay Area,United States,San Francisco,3 years in a peripherally related field prior to grad school,,,,,re46xx,[Official] 2021 End of Year Salary Sharing thread,https://www.reddit.com/r/datascience/comments/re46xx/official_2021_end_of_year_salary_sharing_thread/
True,HPC Systems Engineer,,Less than a year,186000.0,USD,Healthcare AI Startup,College Dropout,7500.0,"15,000 options; 25% target bonus",247500.0,"I build the stuff your science runs on. I have been an infrastructure architect in past lives. My work is adjacent to a lot of what you do, but I figured I add context on what the supporting cast gets paid.",t1_ho8w2zl,https://www.reddit.com/r/datascience/comments/re46xx/official_2021_end_of_year_salary_sharing_thread/ho8w2zl/,t3_re46xx,The-Protomolecule,2021-12-12T14:02:20.000Z,7,"* **Title:** HPC Systems Engineer. I build the stuff your science runs on. I have been an infrastructure architect in past lives.
* ⁠**Tenure length:** Less than a year
* ⁠**Location:** NY-Based, Remote. I never actually go in.
* **Salary:** $186,000
* **Company/Industry:** Healthcare AI Startup
* **Education:** College Dropout
* **Prior Experience:** About 10 years at fortune 50s prior
* **Relocation/Signing Bonus:** $7,500
* **Stock and/or recurring bonuses:** 15,000 options. 25% target bonus
* **Total comp:** $247.5k


My work is adjacent to a lot of what you do, but I figured I add context on what the supporting cast gets paid.",True,"NY-Based, Remote. I never actually go in.",United States,,About 10 years at fortune 50s prior,,,,,re46xx,[Official] 2021 End of Year Salary Sharing thread,https://www.reddit.com/r/datascience/comments/re46xx/official_2021_end_of_year_salary_sharing_thread/
True,Data Science Research Assistant,,2 months,15000.0,EUR,University,Currently involved on a degree,,,,Total comp explicitly stated as 'None LOL'.,t1_ho9i5av,https://www.reddit.com/r/datascience/comments/re46xx/official_2021_end_of_year_salary_sharing_thread/ho9i5av/,t3_re46xx,[deleted],2021-12-12T16:39:24.000Z,8,"- **Title:** Data Science Research Assistant
- **Tenure length:** 2 months
- **Location:** North of Spain
- **Salary:** 15k€
- **Company/Industry:** University
- **Education:** Currently involved on a degree
- **Prior Experience:** 4 months, same position, other laboratory
- **Total comp:** None LOL",,North of Spain,Spain,,"4 months, same position, other laboratory",,,,,re46xx,[Official] 2021 End of Year Salary Sharing thread,https://www.reddit.com/r/datascience/comments/re46xx/official_2021_end_of_year_salary_sharing_thread/
True,Data Scientist,,1.5y,45000.0,EUR,Government,BSc + MSc,,€10k (13th month + holiday pay + bonus),55000.0,"36-hour workweek (4x9h days). Pension/401k largely paid by company but not included in compensation. Remote 100% now, typically 50–75%.",t1_hoazqmc,https://www.reddit.com/r/datascience/comments/re46xx/official_2021_end_of_year_salary_sharing_thread/hoazqmc/,t3_re46xx,Mango-stickyrice,2021-12-12T22:33:36.000Z,8,"Not seeing many non-US/UK posts, so here is  mine from the Netherlands to bring those crazy Bay area numbers down a bit:

 • **Title**: Data Scientist 

 • **Tenure length**: 1.5y

 • **Location**: Netherlands (randstad) 

 • **$Remote**: 100% now, 50-75% normally 

 • **Salary**: €45k

 • **Company/Industry**: Government 

 • **Education**: BSc + MSc

 • **Prior Experience**: ~1 year

 • **Recurring bonuses**: €10k (13th month + holiday pay + bonus) 

 • **Total comp**: €55k (~$62k)


Notable is that this is for 36 hours a week, I work 9 hour days so 4 days a week. Also pension fund/401k gets paid largely by company, but that is not included in this.",True,Netherlands (randstad),Netherlands,,~1 year,,,,,re46xx,[Official] 2021 End of Year Salary Sharing thread,https://www.reddit.com/r/datascience/comments/re46xx/official_2021_end_of_year_salary_sharing_thread/
True,Product DS,,2 Years,113000.0,CAD,Fin tech,BA Sociology,7500.0,"No annual cash bonuses. ~$128,000 USD in options (~$163,000 CAD), 4-year vesting. ~$60,000 USD in RSUs (~$76,000 CAD), 4-year vesting. Annual RSU refreshers (equity sharing).",173000.0,Company is San Francisco-based; currently working from home in Toronto.,t1_hodmijg,https://www.reddit.com/r/datascience/comments/re46xx/official_2021_end_of_year_salary_sharing_thread/hodmijg/,t3_re46xx,nhal6120,2021-12-13T13:49:22.000Z,8,"* Title: Product DS
* Tenure length: 2 Years
* Location: Toronto (but SF based company)
   * Remote: Currently working from home (Toronto)
* Salary: $113,000 CAD (base)
* Company/Industry: Fin tech
* Education: BA Sociology
* Prior Experience: Joined current employer through acquihire
   * Data analyst at another tech company
   * Moved into data from customer success/ops role
* Relocation/Signing Bonus:
   * Signing bonus: $7500 CAD (10% of original base salary)
* Stock and/or recurring bonuses:
   * No annual bonuses
   * \~ $128,000 USD in options ($163,000CAD), 4 yr vesting
   * \~ $60,000 USD in RSUs ($76,000 CAD), 4 yr vesting
   * Annual refreshers for RSUs (equity sharing)
* Total comp: \~$173,000 CAD",True,Toronto (but SF based company),Canada,Toronto,Joined current employer through acquihire; previously a Data Analyst at another tech company; transitioned into data from a customer success/operations role,,,,,re46xx,[Official] 2021 End of Year Salary Sharing thread,https://www.reddit.com/r/datascience/comments/re46xx/official_2021_end_of_year_salary_sharing_thread/
True,Sr. Director,Senior,<1 year,250000.0,,Tech (non-FAANGMULAPIKACHU),PhD in Engineering (non-CS),15000.0,$100K,350000.0,,t1_hoiuerg,https://www.reddit.com/r/datascience/comments/re46xx/official_2021_end_of_year_salary_sharing_thread/hoiuerg/,t3_re46xx,dfphd,2021-12-14T15:54:24.000Z,8,"* Title: Sr. Director
* Tenure length: &lt;1 year
* Location: Remote (living in above average COL city)
   * $Remote:
* Salary: $250K
* Company/Industry: Tech (non-FAANGMULAPIKACHU)
* Education: PhD in Engineering (non-CS)
* Prior Experience: 8 years
   * $Internship
   * $Coop
* Relocation/Signing Bonus: $15K
* Stock and/or recurring bonuses: $100K
* Total comp: $350K",True,Remote (living in above average COL city),,,8 years,,,,,re46xx,[Official] 2021 End of Year Salary Sharing thread,https://www.reddit.com/r/datascience/comments/re46xx/official_2021_end_of_year_salary_sharing_thread/
True,Quantitative UX Researcher,L4,5 years,160000.0,USD,Google,B.S. Mathematics,,"$30k bonus, $110k RSUs",300000.0,"Low to medium stress job, average 40 hours a week. Predominately use R and SQL in my role. Compensation for my role/level/location probably varies between $250k - $350k.",t1_hoxifzn,https://www.reddit.com/r/datascience/comments/re46xx/official_2021_end_of_year_salary_sharing_thread/hoxifzn/,t3_re46xx,throwaway_data_,2021-12-17T15:52:05.000Z,8,"**Title:** Quantitative UX Researcher (L4)  
  
**Tenure length:** 5 years  
  
**Location:** SF Bay Area/NYC  
  
**Salary:** $160k  
  
**Company/Industry:** Google  
  
**Education:** B.S. Mathematics  
  
**Prior Experience:** N/A  
  
**Stock and/or recurring bonuses:** $30k bonus, $110k RSUs  
  
**Total comp:** $300k  


Low to medium stress job, average 40 hours a week.

Predominately use R and SQL in my role.

Compensation for my role/level/location probably varies between $250k - $350k",,SF Bay Area/NYC,United States,,N/A,,,,,re46xx,[Official] 2021 End of Year Salary Sharing thread,https://www.reddit.com/r/datascience/comments/re46xx/official_2021_end_of_year_salary_sharing_thread/
True,Head of <program related to data science>,,6 YOE in tech + 2 in a startup in a pseudo technical role,150000.0,USD,500-employee SaaS company,master's in computer science,0.0,"Profit sharing $0–22,500. Probably $15k–22.5k this year.",170000.0,In-person after COVID.,t1_ho5rxpx,https://www.reddit.com/r/datascience/comments/re46xx/official_2021_end_of_year_salary_sharing_thread/ho5rxpx/,t3_re46xx,throwaway_1234500000,2021-12-11T20:09:58.000Z,6,"- **Title**: Head of &lt;program related to data science&gt;

- **Tenure length**: 6 YOE in tech + 2 in a startup in a pseudo technical role

- **Location**: Upper Midwest, USA, medium cost of living city

- **Remote**: in-person after COVID

- **Salary**: $150k

- **Company/Industry**: 500-employee SaaS company

- **Education**: master's in computer science

- **Prior Experience**: technical product manager at a startup

- **Internship**: 1 FAANG internship

- **Relocation/Signing Bonus**: N/A

- **Stock and/or recurring bonuses**: profit sharing $0-22,500. Probably $15-22.5k this year.

- **Total comp**: ~$170k",False,"Upper Midwest, USA, medium cost of living city",United States,,6 YOE in tech + 2 in a startup in a pseudo technical role; technical product manager at a startup,True,,,,re46xx,[Official] 2021 End of Year Salary Sharing thread,https://www.reddit.com/r/datascience/comments/re46xx/official_2021_end_of_year_salary_sharing_thread/
True,Data Analyst,,1 year,70000.0,USD,Secured Loan Financing,BS Data Science,,"Depends, ~$500",70000.0,,t1_ho6lpdd,https://www.reddit.com/r/datascience/comments/re46xx/official_2021_end_of_year_salary_sharing_thread/ho6lpdd/,t3_re46xx,Cadven,2021-12-11T23:52:31.000Z,7,"Title: Data Analyst  
  
Tenure length: 1yr  
  
Location: South Carolina  
  
$Remote: Hybrid   
  
Salary: $70K  
  
Company/Industry: Secured Loan Financing   
  
Education: BS Data Science  
  
Prior Experience: N/A, first job after undergrad  
  
$Internship: 3 years mobile app dev with engineering   
  
Relocation/Signing Bonus: N/A  
  
Stock and/or recurring bonuses: Depends, \~$500  
   
Total comp: $70K",True,South Carolina,United States,,"N/A, first job after undergrad; internship: 3 years mobile app dev with engineering",True,,,,re46xx,[Official] 2021 End of Year Salary Sharing thread,https://www.reddit.com/r/datascience/comments/re46xx/official_2021_end_of_year_salary_sharing_thread/
True,Economist/Senior Data Scientist,Senior,3 months,84000.0,GBP,American well-known (but not FAANG) tech firm,"MSc Economics, MSc Data Science",5000.0,"~£2k (?) stock; ~£9k bonus, paid twice yearly; didn’t push very hard on stock due to tax complexity for Americans living abroad",93000.0,"USD equivalents mentioned: ~$111,000 salary and ~$123,000 total comp. Forced 100% on-site at the moment.",t1_ho8xf3z,https://www.reddit.com/r/datascience/comments/re46xx/official_2021_end_of_year_salary_sharing_thread/ho8xf3z/,t3_re46xx,formerlyfed,2021-12-12T14:13:47.000Z,7,"Title: Economist/Senior Data Scientist

Tenure length: 3 months

Location: London, UK

Remote: Unfortunately forced to be 100% at the moment 

Salary: £84,000 (~$111,000)

Company/Industry: American well-known (but not FAANG) tech firm

Education: MSc Economics, MSc Data Science

Prior experience: 2 YOE in Econ research in America

Signing bonus: £5,000

Stock and/or reoccurring bonuses: ~2k (?) stock - didn’t push very hard on this cause taxes on stocks are a nightmare for Americans living abroad

~£9k bonus, paid twice yearly 

Total comp: ~£93k ($123,000)",False,"London, UK",United Kingdom,London,2 YOE in Econ research in America,,,,,re46xx,[Official] 2021 End of Year Salary Sharing thread,https://www.reddit.com/r/datascience/comments/re46xx/official_2021_end_of_year_salary_sharing_thread/
True,Product Marketer,,,250000.0,,,"Economics degree (so-so university), graduated 2016",,,,"Former co-worker (age 26) was making 180000 and now around 250000; total compensation unknown. General market claims from commenter: some 750000 jobs are outliers; DS salaries are decreasing and starting pay hasn't risen much in 3 years; ML Engineer is currently hot; last year Data Engineer; previously React developers. A product marketer with 5 years of experience can make 400000 not including stock. A React developer with ~12 months experience can make 200000 salary. No location provided, so currency and location not inferred.",t1_hr56mz3,https://www.reddit.com/r/datascience/comments/re46xx/official_2021_end_of_year_salary_sharing_thread/hr56mz3/,t3_re46xx,TheFastestDancer,2022-01-04T00:03:18.000Z,6,"Yeah, but some of these $750K jobs are outliers. DS salaries are coming down quite a bit. All the one year grad programs and now bachelors programs are really filling the pipeline. At my last job when I was hired, there were 4 candidates. When they needed to fill a role a year later, it was 150 candidates. My buddy's work was hiring for a data scientist - 300 applicants. Let that sink in for a minute. Starting pay hasn't gone up much in 3 years. We've also dropped interest rates to 0 and done QE so tech stocks are at insane levels. Lastly, ML engineer seems to be the hot job right now. Last year it was data engineer, before that it was anyone who knew React. 

Just to give you some perspective. As a DS, you need to know a ton of stuff, the list is endless and keep growing. My former co-worker had 2-3 years of experience in product marketing and had graduated in 2016. She was already making $180K, and now makes around $250K (don't know her total comp). She's 26 and has an Econ degree from a so-so university. She doesn't have to go home at night and practice the new framework for ML, doesn't have to learn AWS and Google Cloud to put models into production, doesn't have to know the particulars of when to use parametric or non-parametric tests. A product marketer makes $400K with 5 years of experience not including stock. A React dev with 12 months experience makes $200K salary. DS you have to know a ton but make very little compared.",,,,,2-3 years in product marketing,,,,,re46xx,[Official] 2021 End of Year Salary Sharing thread,https://www.reddit.com/r/datascience/comments/re46xx/official_2021_end_of_year_salary_sharing_thread/
True,Senior Data Scientist,Senior,2 years,60000.0,GBP,Tech,"PhD Physics, Mphys",,3% bonus; £45k stock vesting over 3 years,76800.0,Edited for correction,t1_ho89pvt,https://www.reddit.com/r/datascience/comments/re46xx/official_2021_end_of_year_salary_sharing_thread/ho89pvt/,t3_re46xx,matt_ice25,2021-12-12T09:29:49.000Z,6,"**- Title**: Senior Data Scientist

\- **Tenure**: 2 years

\- **Location**: Cambridge, U.K.

 \- **Salary**: 60k 

\- **Company/industry:** Tech 

**- Education**: PhD Physics, Mphys

 **- Prior Experience:**  Research Fellow at CERN 

**- Bonus**: 3%

**- Stock**: £45k vesting schedule over 3 years

**- Total comp:** £76,800

Edited for correction",,"Cambridge, U.K.",United Kingdom,Cambridge,Research Fellow at CERN,,,,,re46xx,[Official] 2021 End of Year Salary Sharing thread,https://www.reddit.com/r/datascience/comments/re46xx/official_2021_end_of_year_salary_sharing_thread/
True,Senior Data Scientist,Senior,4+ years,155000.0,USD,Mid-size Tech Company,Master's in Applied Statistics,15000.0,20% annual bonus,200000.0,,t1_ho98evj,https://www.reddit.com/r/datascience/comments/re46xx/official_2021_end_of_year_salary_sharing_thread/ho98evj/,t3_re46xx,pntbttrnjlly,2021-12-12T15:32:06.000Z,6,"* **Title:** Senior Data Scientist
* **Tenure length:** 4+ years
* **Location:** Houston, TX (Permanently Remote)
* **Salary:** $155,000
* **Company/Industry:** Mid-size Tech Company
* **Education:** Master's in Applied Statistics
* **Prior Experience:** 2+ years actuarial experience
* **Relocation/Signing Bonus:** $15,000 signing bonus
* **Stock and/or recurring bonuses:** 20% annual bonus
* **Total comp:** $200,000",True,"Houston, TX (Permanently Remote)",United States,Houston,2+ years actuarial experience,,,,,re46xx,[Official] 2021 End of Year Salary Sharing thread,https://www.reddit.com/r/datascience/comments/re46xx/official_2021_end_of_year_salary_sharing_thread/
True,Senior Data Scientist,Senior,13+ years (8 years as senior analyst and 5 years as senior DS),225000.0,USD,FAANG,MS in Industrial Engg,100000.0,Stock: 500K (over 4 years) + annual refreshers 130K (over 4 years); Bonus: 10%,425000.0,,t1_htubsyz,https://www.reddit.com/r/datascience/comments/re46xx/official_2021_end_of_year_salary_sharing_thread/htubsyz/,t3_re46xx,bomhay,2022-01-23T04:51:53.000Z,7,"Title: Senior Data Scientist

Tenure Length: 13+ years (8 years as senior analyst and 5 years as senior DS)

Location: SF Bay Area

Base Salary: 225K

Company/Industry: FAANG

Education: MS in Industrial Engg

Signon: 100K

Stock: 500K (over 4 years) + annual refreshers 130K (over 4 years)

Bonus: 10% 

Total Comp: 425K",,SF Bay Area,United States,San Francisco,8 years as senior analyst and 5 years as senior DS,,,,,re46xx,[Official] 2021 End of Year Salary Sharing thread,https://www.reddit.com/r/datascience/comments/re46xx/official_2021_end_of_year_salary_sharing_thread/
True,Senior DS,Senior,5 YOE,160000.0,USD,FAANG,Bachelors,,RSU/Bonus ~ 190k,350000.0,,t1_ho5ad5f,https://www.reddit.com/r/datascience/comments/re46xx/official_2021_end_of_year_salary_sharing_thread/ho5ad5f/,t3_re46xx,Quantumage,2021-12-11T18:05:03.000Z,21,"- **Title**: Senior DS

- **Tenure length**: 5 YOE

- **Location**: Bay Area, CA

- **Remote**: WFH

- **Salary**: $160k

- **Company/Industry**: FAANG

- **Education**: Bachelors

- **Prior Experience**: DS related experience, 4 companies

- **Internship**: 1 internship

- **Relocation/Signing Bonus**: N/A

- **Stock and/or recurring bonuses**: RSU/Bonus ~ 190k

- **Total comp**: ~350k",True,"Bay Area, CA",United States,San Francisco,"DS related experience, 4 companies",True,,,,re46xx,[Official] 2021 End of Year Salary Sharing thread,https://www.reddit.com/r/datascience/comments/re46xx/official_2021_end_of_year_salary_sharing_thread/
True,Jr. Data Scientist,Junior,4 months,5500.0,USD,Digital Marketing Agency,B.S in economics,,Stock: 450 USD,5950.0,How you like that ? Dghdh,t1_ho6lw8b,https://www.reddit.com/r/datascience/comments/re46xx/official_2021_end_of_year_salary_sharing_thread/ho6lw8b/,t3_re46xx,HappyEnvironment8225,2021-12-11T23:53:58.000Z,9,"Title: Jr. Data Scientist 

Tenure Length: 4 months

Company: Digital Marketing Agency

Location: Istanbul/Turkey ,remote

Salary: 5500 USD(YES  ANNUALLY)

Education: B.S in economics 

Prior exp: 

- data science intern(2 months) at the same company

- datacamp data analyst track

- udacity ds nanodegree

Stock: 450 USD .d

Total compensation: 5950 USD

How you like that ? Dghdh",True,"Istanbul/Turkey ,remote",Turkey,Istanbul,Data science intern (2 months) at the same company; DataCamp Data Analyst track; Udacity Data Science Nanodegree,True,,,,re46xx,[Official] 2021 End of Year Salary Sharing thread,https://www.reddit.com/r/datascience/comments/re46xx/official_2021_end_of_year_salary_sharing_thread/
True,Senior Data Scientist,Senior,3 months,160000.0,USD,SAAS,"BS. Mech Engineering, MS. Computer Science",,10% a year bonus,176000.0,,t1_hog7n0m,https://www.reddit.com/r/datascience/comments/re46xx/official_2021_end_of_year_salary_sharing_thread/hog7n0m/,t3_re46xx,ds_throwaway2021,2021-12-14T00:46:26.000Z,4,"* **Title:** Senior Data Scientist
* **Tenure length:** 3 months
* **Location:** New England Area
* **$Remote:** Yes (fully remote)
* **Salary:** $160K/year
* **Company/Industry:** SAAS
* **Education:** BS. Mech Engineering, MS. Computer Science
* **Prior Experience:** 3 years as mech eng in medical devices, 2 years as DS at another company
* **$Internship** 3 internships as a mech eng in undergrad
* **$Coop**
* **Relocation/Signing Bonus:** N/A
* **Stock and/or recurring bonuses:** 10% a year bonus
* **Total comp:** $176k",True,New England Area,United States,,"3 years as mech eng in medical devices, 2 years as DS at another company",True,,,,re46xx,[Official] 2021 End of Year Salary Sharing thread,https://www.reddit.com/r/datascience/comments/re46xx/official_2021_end_of_year_salary_sharing_thread/
True,Data Scientist 2,2,< 6 Months,145000.0,USD,Large corporation in Tech,B.S.,70000.0,RSUs vesting over 4 years (current value 180000),250000.0,Full relocation costs covered. Currently working from home in Colorado area.,t1_hqy5zwp,https://www.reddit.com/r/datascience/comments/re46xx/official_2021_end_of_year_salary_sharing_thread/hqy5zwp/,t3_re46xx,ExplosionNoise,2022-01-02T16:27:38.000Z,5,"* **Title:** Data Scientist 2
* **Tenure length:** &lt; 6 Months
* **Location:** Seattle
   * **$Remote:** Currently working from home (Colorado area)
* **Salary:** $145,000
* **Company/Industry:** Large corporation in Tech
* **Education:** B.S.
* **Prior Experience:** 4 years in data science at mid-size consultancy 
   * **$Internship:** 3 Summer Internship at former consultancy
* **Relocation/Signing Bonus:** Full relocation costs + $70,000 signing bonus
* **Stock and/or recurring bonuses:** RSUs vesting over 4 years (current value 180,000), 
* **Total comp:** $250,000",True,Seattle,United States,Seattle,4 years in data science at mid-size consultancy; 3 summer internships at former consultancy,True,,,,re46xx,[Official] 2021 End of Year Salary Sharing thread,https://www.reddit.com/r/datascience/comments/re46xx/official_2021_end_of_year_salary_sharing_thread/
True,Data Scientist,,8 months,65000.0,USD,Transportation Planning (regional governmental agency),BA (International Studies) + MS (Business Analytics),0.0,None; no bonuses/equity at regional governmental agency,65000.0,"Hybrid role. Emphasizes portfolio focused on investigative work, reproducibility over model performance, strong data cleaning/wrangling/visualization and communication. Passion-driven industry alignment (transportation/infrastructure).",t1_hsiteke,https://www.reddit.com/r/datascience/comments/re46xx/official_2021_end_of_year_salary_sharing_thread/hsiteke/,t3_re46xx,[deleted],2022-01-13T18:58:01.000Z,5,"* **Title:** Data Scientist

* **Tenure length:** 8 months

* **Location:** Midwest (not Chicago, Detroit, nor Twin Cities)

   * **$Remote:** Hybrid

* **Salary:** $65,000

* **Company/Industry:** Transportation Planning (regional governmental agency)

* **Education:** BA (International Studies) + MS (Business Analytics) 

* **Prior Experience:** None, straight from bachelors to masters to employment 

* **Relocation/Signing Bonus:** none 

* **Stock and/or recurring bonuses:** try telling the American taxpayer that their hard earned cash needs to go toward the bonuses of bureaucrats

* **Total comp:** $65,000

My advice: when building a portfolio of projects, make sure it looks more like that of an investigative journalist rather than someone who knows how to tell a computer how to run XGboost for a Kaggle competition. Also reproducibility &gt; model performance. I feel like the more you demonstrate how good you can clean, wrangle and visualize data, the more likely it is you will get an interview. Being able to research and communicate is crucial. 

And please have a passion that isn’t directly derived from “data”, “data science”, or even worse “machine learning/AI”. I know that I can make double my salary working for a celebrated big tech firm, but I couldn’t be happier with where I work right now because I get to solve problems that matter to ME. Ever since I was a child I can remember being obsessed with trains and looking at highway maps and seeing why we built infrastructure where. And through that passion I learned how data science can play a role in an industry that aligns with or is adjacent to it.",True,"Midwest (not Chicago, Detroit, nor Twin Cities)",United States,,"None, straight from bachelors to masters to employment",,,,,re46xx,[Official] 2021 End of Year Salary Sharing thread,https://www.reddit.com/r/datascience/comments/re46xx/official_2021_end_of_year_salary_sharing_thread/
True,Quantitative Researcher,,10+ years,250000.0,USD,Finance,"STEM PHD, top 5 university",500000.0,"Highly variable year to year; pay is a mix of cash and deferred compensation (e.g., profit sharing).",,"Total compensation stated as X,000,000 where 3 <= X < 10 (i.e., between 3,000,000 and under 10,000,000 USD), varies significantly by year. Throwaway account; some details fuzzed.",t1_ho7paxc,https://www.reddit.com/r/datascience/comments/re46xx/official_2021_end_of_year_salary_sharing_thread/ho7paxc/,t3_re46xx,throwaway20211211,2021-12-12T05:22:21.000Z,12,"Note: throwaway account, some details fuzzed a bit to avoid getting doxxed.

**Title:**  Quantitative Researcher

**Tenure length:**  10+ years

**Location:**  Chicago

**Salary:** $250k

**Company/Industry:**  Finance

**Education:**  STEM PHD, top 5 university

**Prior Experience:**   Several other similar quant finance jobs

**Relocation/Signing Bonus:**  $500k signing

**Stock and/or recurring bonuses:**  highly variable from year to year.  Pay is a mix of cash and deferred comp of various sorts (like profit sharing).

**Total comp:**  $X,000,000,  where  3 &lt;= X &lt; 10",,Chicago,United States,Chicago,Several other similar quant finance jobs,,,,,re46xx,[Official] 2021 End of Year Salary Sharing thread,https://www.reddit.com/r/datascience/comments/re46xx/official_2021_end_of_year_salary_sharing_thread/
True,,Senior,,,,Finance,PhD from an elite school,,,,"Commenter is pretty senior at a large fund and says their compensation is not typical. Reports that more junior colleagues in their field commonly make around 300000-1000000 per year depending on the firm size; at smaller funds you typically will not make millions per year. Notes that senior developers at FAANG can make about 500000-1000000 with better work-life balance and mobility (mentions non-compete clauses in finance). Mentions friends making well into 7 figures, while others capped around 500000 and left for FAANG. No specific base/bonus/stock breakdown or location provided.",t1_hoca7za,https://www.reddit.com/r/datascience/comments/re46xx/official_2021_end_of_year_salary_sharing_thread/hoca7za/,t3_re46xx,throwaway20211211,2021-12-13T04:26:27.000Z,16,"&gt; Would you recommend leaving the workforce for 4 years to pursue a Finance PhD?

Finance?  Absolutely not.  If you want to be a quant, get a STEM PhD.  Math, physics, CS with a specialty in AI/ML, statistics.  Definitely not Finance or Econ.  (And honestly, probably not physics.  Just do math/CS.).  The nice part is if the quant thing doesn't work out, you still have marketable skills.  

As for whether you should get *any* PhD, my default answer is ""no"" unless it's just something that you yearn for strongly - you give up *a lot* going to a PhD.  Some people have a great time, many do not.  And it'll be hard to go from making a lot of money (if you are now) to eating ramen for 4-6 years.  It's a rough life.  My advisor was great and I went to an elite school, but I still don't look back that fondly on getting my PhD.   A masters is almost always worth it, but a PhD is a really big gamble.

&gt;  Is there much demand for people able to do quantitative research in finance or is it saturated? 

There's plenty of demand, in the sense that many people get hired, but it's very competitive because there are a lot of PhDs these days.  Probably too many.  If you get a STEM PhD from a good school, you'll have no trouble getting interviews, but that's no guarantee you'll get a decent offer.   I wouldn't recommend getting a PhD just to goose your job prospects (in finance or otherwise).  That's part of it, but it's a bit of a slog, so make sure you actually enjoy the work and don't count on getting a job at one of a small number of firms.  You'll definitely get a job, but it might not be a dream job and it might not be in finance.  (OTOH, it might be a dream job!  You never know.)

&gt; Is your compensation level typical for the field? What if you do not attend a top 5 school?

Uh, not what I would call typical, regardless of which school you go to.  I'm (a) pretty senior and (b) at one of the bigger funds.   I would guess most of my more junior colleagues make $300k-$1 million/year, heavily depending on which firm they work for.   It doesn't matter how smart you are, if you're at a smaller fund, you're not making millions/year.    Of course that still a lot of money, but you can make $500k-$1 million as a senior developer at a FAANG company and have a more sane work-life balance and better job mobility (no non-compete clauses).

Just to be clear, I reported this to add information to the thread, but you definitely shouldn't take it as an endorsement of this career path.  There's a lot of variance of outcomes.  I have a number of friends who make well into 7 figures, but I also have a number who capped out at like $500k and left the industry in disgust to go work at a FAANG company because they hated the finance culture.   I would actually rather do something else, but I want to milk it for another couple of years before quitting finance forever.  If I got fired tomorrow, I honestly wouldn't be too upset.",,,,,,,,,,re46xx,[Official] 2021 End of Year Salary Sharing thread,https://www.reddit.com/r/datascience/comments/re46xx/official_2021_end_of_year_salary_sharing_thread/
True,Lead Data Scientist,Lead,2 years,143500.0,USD,Higher Ed,MS- Computer Information Sciences,,Yearly 2.5% + performance based,143500.0,,t1_ho6c422,https://www.reddit.com/r/datascience/comments/re46xx/official_2021_end_of_year_salary_sharing_thread/ho6c422/,t3_re46xx,aaronswar43,2021-12-11T22:40:36.000Z,9,"Title: Lead Data Scientist  
Tenure length: 2 years  
Location: Boston, MA  
$Remote: Currently remote  
Salary: 143,500$  
Company/Industry: Higher Ed  
Education: MS- Computer Information Sciences   
Prior Experience: 2 years in DevOps, 1 year as a software dev

Stock and/or recurring bonuses: Yearly 2.5% + performance based .  
Total comp: 143,500$",True,"Boston, MA",United States,Boston,"2 years in DevOps, 1 year as a software dev",,,,,re46xx,[Official] 2021 End of Year Salary Sharing thread,https://www.reddit.com/r/datascience/comments/re46xx/official_2021_end_of_year_salary_sharing_thread/
True,Data Scientist,,2 Months,110000.0,USD,Technology,MS Comp. Sci.,,"Signing bonus: <500 shares in non-IPO company. Recurring bonus: ~$2,500 annually. Insurance premium covered (valued at ~$2,500 compared to prior employers).",115000.0,,t1_ho6l7du,https://www.reddit.com/r/datascience/comments/re46xx/official_2021_end_of_year_salary_sharing_thread/ho6l7du/,t3_re46xx,ThrowRA_98329,2021-12-11T23:48:45.000Z,4,"* Title: Data Scientist
* Tenure Length: 2 Months
* Location: Ohio, USA
* Remote: Yes
* Salary: $110,000
* Company/Industry: Technology
* Education: MS Comp. Sci.
* Prior Experience : 1 Year DS (Automotive), 2 Years DS/Analyst Blend (Finance)
   * $Internship: 2 Summers + Part Time during Undergrad, Finance &amp; Insurance
* Relocation/Signing Bonus : &lt;500 shares in non-IPO'd company, 
* Stock and/or other bonuses: \~$2,500/annually, insurance premium covered (valued at \~2500 compared to prior employers' programs)
* Total Comp: \~$115,000",True,"Ohio, USA",United States,,"1 Year DS (Automotive), 2 Years DS/Analyst Blend (Finance)",True,,,,re46xx,[Official] 2021 End of Year Salary Sharing thread,https://www.reddit.com/r/datascience/comments/re46xx/official_2021_end_of_year_salary_sharing_thread/
True,Manager Data Science,Manager,3 years,165000.0,,F500 Utility Company,"BS Risk Analysis, MS Data science",15000.0,"~$30k RSUs, ~$30k bonus",230000.0,Company provides sizeable year-over-year pay increases; expects base to reach around 170k after upcoming pay bumps. Recently had a child. Considering switching jobs later this year if not promoted to Director.,t1_ho76343,https://www.reddit.com/r/datascience/comments/re46xx/official_2021_end_of_year_salary_sharing_thread/ho76343/,t3_re46xx,A_lonely_ds,2021-12-12T02:36:14.000Z,4,"Using throwaway but im a very regular poster on my main acct.

* **Title**: Manager Data Science
* **Tenure**: 3yrs
* **Location**: LCOL area (near two major metros, but mostly suburban/rural), also now full remote.
* **Salary**: $165k
* **Industry**: F500 Utility Company
* **Education**: BS Risk Analysis, MS Data science
* **Prior Exp**: 12 years in data centric fields. Previously for some large contracting companies, and for the government (US intel community). Many years a go I had a few engineering internships (where I got my feet wet with data analytics).
* **Relocation/Signing Bonus**: Been a few years now - but I think it was 10k/5k (so 15k total).
* **Stock/Bonus:** \~$30k RSUs, \~$30k bonus
* **Total comp:** \~$230,000

Overall, I'm happy with my salary/role - company is good at giving sizeable pay increases year over year (would expect to land somewhere in the 170k range after paybumps come early in the new year). Just had a kid, so not necessarily looking at jumping into a whole new venture. But now that so many roles have gone remote, I feel like I could easily increase my salary by jumping ship - which I will likely do later this year if I dont get the Director level promotion I'm looking for.",True,"LCOL area (near two major metros, but mostly suburban/rural), also now full remote.",,,12 years in data-centric fields; previously at large contracting companies and in the US intelligence community; had a few engineering internships years ago.,True,,,,re46xx,[Official] 2021 End of Year Salary Sharing thread,https://www.reddit.com/r/datascience/comments/re46xx/official_2021_end_of_year_salary_sharing_thread/
True,Senior Data Scientist,Senior,3 years,165000.0,USD,Health tech,PhD,,20K bonus; ~35K stock (stock had a tough year),220000.0,Enjoys the work environment and interesting medical questions; notes comp is lower than FAANG. Works remote from Marin County.,t1_hoca9bw,https://www.reddit.com/r/datascience/comments/re46xx/official_2021_end_of_year_salary_sharing_thread/hoca9bw/,t3_re46xx,edinburghpotsdam,2021-12-13T04:26:47.000Z,4,"Title: Senior Data Scientist  
Tenure length: 3 years  
Location: SF  
$Remote: Marin County  
Salary: $165K  
Company/Industry: Health tech  
Education: PhD  
Stock and/or recurring bonuses: 20K bonus, 35K or so stock (stock had a tough year)  
Total comp: $220K-ish  
Not as high as those amazing faangers, but I have a damned pleasant time at work, and work on a lot of interesting medical questions, both of which mean a lot to me.",True,SF; Remote: Marin County,United States,San Francisco,,,,,,re46xx,[Official] 2021 End of Year Salary Sharing thread,https://www.reddit.com/r/datascience/comments/re46xx/official_2021_end_of_year_salary_sharing_thread/
True,"Director, Analytic Strategy",Director,<6 months,180000.0,USD,"F500, non tech",BS in Economics,15000.0,15% STI & 8% Equity target (annual),220000.0,,t1_hoem8lm,https://www.reddit.com/r/datascience/comments/re46xx/official_2021_end_of_year_salary_sharing_thread/hoem8lm/,t3_re46xx,Brickdinner,2021-12-13T18:00:08.000Z,4,"**Title:** Director, Analytic Strategy  
  
**Tenure length:** &lt;6 months  
  
**Location:** LCOL city in southeast US  
  
**Remote:** Full remote  
  
**Salary:** 180k base  
  
**Company/Industry:** F500, non tech  
  
**Education:** BS in Economics  
  
**Prior Experience:** 9 years various DS/analytic roles, 5 years previous management exp  
  
**Relocation/Signing Bonus:** 15k sign on  
  
**Stock and/or recurring bonuses:** 15% STI &amp; 8% Equity target (annual)  
  
**Total comp:** 220k",True,LCOL city in southeast US,United States,,"9 years various DS/analytic roles, 5 years previous management exp",,,,,re46xx,[Official] 2021 End of Year Salary Sharing thread,https://www.reddit.com/r/datascience/comments/re46xx/official_2021_end_of_year_salary_sharing_thread/
True,Data Scientist,,4 mo,50000.0,EUR,Aerospace,"Mech. Engg, International Business masters, HarvardX Data Science Micromasters",,4000 EUR,54000.0,Hybrid: remote 3 days/week. Salary listed as 'to be validated'. No relocation/signing bonus; user noted they are threatening to quit if not given at least 50K. Internship: Data Analyst (1 yr). Total comp also quoted as 61000 USD equivalent.,t1_hopcquz,https://www.reddit.com/r/datascience/comments/re46xx/official_2021_end_of_year_salary_sharing_thread/hopcquz/,t3_re46xx,figgertitgibbettwo,2021-12-15T22:30:17.000Z,3,"Title: Data Scientist  
Tenure length: 4 mo  
Location: Paris, France  
$Remote: 3 days / week  
Salary: EUR 50000 (to be validated)  
Company/Industry: Aerospace  
Education: Mech. Engg, International Business masters, HarvardX Data Science Micromasters  
Prior Experience:  Financial Controller (4 yr)  
$Internship: Data Analyst (1 yr)  
Relocation/Signing Bonus: NA. I'm threatening to quit if they don't give me at least 50K  
Stock and/or recurring bonuses: 4000 EUR  
Total comp: 54000 EUR or 61000 USD",True,"Paris, France",France,Paris,Financial Controller (4 yr),True,,,,re46xx,[Official] 2021 End of Year Salary Sharing thread,https://www.reddit.com/r/datascience/comments/re46xx/official_2021_end_of_year_salary_sharing_thread/
True,Data Scientist,,2 years,178000.0,USD,Analytics software,"MA, International Relations",20000.0,Stock options worth approximately 750000 at time of IPO; 15% yearly bonus (20% for high performance),204700.0,First DS hire at company. Total netted during 2-year tenure: 1159400. Role was in-person and remote hybrid before COVID.,t1_hqzg8rl,https://www.reddit.com/r/datascience/comments/re46xx/official_2021_end_of_year_salary_sharing_thread/hqzg8rl/,t3_re46xx,DubGrips,2022-01-02T21:12:42.000Z,5,"* **Title:** Data Scientist (first DS hire at company)
* **Tenure Length:** 2 years at this company, 9 years industry experience
* **Location:** SF Bay Area (in person and remote hybrid before COVID)
* **Salary:** $178,000
* **Company Industry:** Analytics software
* **Education:** MA, International Relations
* **Prior experience:** 7 years of DS roles, 2 years in another industry
* **Relocation/Signing Bonus:** $20,000
* **Stock and/or recurring bonuses:**
   * Options that were worth \~$750,000 at time of IPO
   * 15% yearly bonus, 20% for high performance
* **Total comp:** $204,700/yr, total netted during 2 year tenure: $1,159,400",True,SF Bay Area (in person and remote hybrid before COVID),United States,San Francisco,"9 years industry experience; 7 years in DS roles, 2 years in another industry",,,,,re46xx,[Official] 2021 End of Year Salary Sharing thread,https://www.reddit.com/r/datascience/comments/re46xx/official_2021_end_of_year_salary_sharing_thread/
True,Senior Consultant/data scientist,Senior,just started,120000.0,USD,Large consulting firm,Undergraduate business degree,7000.0,10k-20k,140000.0,,t1_ho6j2m6,https://www.reddit.com/r/datascience/comments/re46xx/official_2021_end_of_year_salary_sharing_thread/ho6j2m6/,t3_re46xx,delaughey,2021-12-11T23:32:35.000Z,6,"•	⁠Title: Senior Consultant/data scientist 
•	⁠Tenure length: just started
•	⁠Location: Washington DC (office)
•	⁠Salary: $120,000
•	⁠Company/Industry: Large consulting firm
•	⁠Education: Undergraduate business degree
•	⁠Prior Experience: 2 years as data scientist out of college
•	⁠Signing Bonus: $7,000
•	⁠Stock and/or recurring bonuses: 10k-20k
•	⁠Total comp: $140,000",False,Washington DC (office),United States,Washington DC,2 years as data scientist out of college,,,,,re46xx,[Official] 2021 End of Year Salary Sharing thread,https://www.reddit.com/r/datascience/comments/re46xx/official_2021_end_of_year_salary_sharing_thread/
True,Senior Machine Learning Engineer,Senior,3mo,175000.0,USD,tech startup,MSc Stats,,10% bonus + $70k/$0 stock options per year,,"Working remotely from Canada while role is based in San Francisco, California. Total compensation stated as a range: ~$190,000-$260,000.",t1_ho712zb,https://www.reddit.com/r/datascience/comments/re46xx/official_2021_end_of_year_salary_sharing_thread/ho712zb/,t3_re46xx,koolaidman123,2021-12-12T01:55:32.000Z,3,"Title: Senior Machine Learning Engineer

Tenure length: 3mo

Location: SF, remote from canada
    
Salary: $175,000
    
Company/Industry: tech startup
    
Education: MSc Stats
    
Prior Experience: 2 years MLE, 1 year lead MLE
    
Stock and/or recurring bonuses: 10% bonus + $70k/$0 stock options per year
    
Total comp: ~$190,000-$260,000",True,"SF, remote from canada",United States,San Francisco,"2 years MLE, 1 year lead MLE",,,,,re46xx,[Official] 2021 End of Year Salary Sharing thread,https://www.reddit.com/r/datascience/comments/re46xx/official_2021_end_of_year_salary_sharing_thread/
True,Principal Data Scientist,Principal,3.5 years,190000.0,USD,Consulting/SaaS,PhD,,Private company equity currently worth about 30000 per year; Annual bonus approximately 20000 per year.,240000.0,,t1_ho77zzy,https://www.reddit.com/r/datascience/comments/re46xx/official_2021_end_of_year_salary_sharing_thread/ho77zzy/,t3_re46xx,saber_data,2021-12-12T02:52:13.000Z,3,"Title: Principal Data Scientist

Tenure Length: 3.5 years

Location: Arkansas/Remote

Salary: $190k

Company/Industry: Consulting/SaaS

Education: PhD

Prior Experience: 5 years working as both a consultant and a senior manager of consumer research in a fortune 50. 

Stock: Private Equity currently worth about $30k/yr

Bonus: \~$20k/yr

Total Comp: $240k",True,Arkansas/Remote,United States,,5 years working as both a consultant and a senior manager of consumer research in a fortune 50.,,,,,re46xx,[Official] 2021 End of Year Salary Sharing thread,https://www.reddit.com/r/datascience/comments/re46xx/official_2021_end_of_year_salary_sharing_thread/
True,Data Scientist,,~6 months,125000.0,USD,Healthcare,Bachelors,,~10% bonus; 170k RSUs (42.5k annual vesting),180000.0,Chose hybrid; remote possible; HCOL area,t1_ho9cb3a,https://www.reddit.com/r/datascience/comments/re46xx/official_2021_end_of_year_salary_sharing_thread/ho9cb3a/,t3_re46xx,kingofhurts,2021-12-12T15:59:05.000Z,3,"* Title: Data Scientist
* Tenure length: ~6 months
* Location: HCOL, US
* $Remote: Possible, I chose hybrid
* Salary: 125k Base
* Company/Industry: Healthcare
* Education: Bachelors
* Prior Experience: 2 years as analyst
* Stock and/or recurring bonuses: ~10% bonus, 170k RSUs
* Total comp: $180k (125 base * 1.1 + 42.5k annual vesting)",True,"HCOL, US",United States,,2 years as analyst,,,,,re46xx,[Official] 2021 End of Year Salary Sharing thread,https://www.reddit.com/r/datascience/comments/re46xx/official_2021_end_of_year_salary_sharing_thread/
True,Senior Applied Scientist,Senior,5 years,185000.0,USD,Major public tech company,BS/MS/PhD in chemical engineering,,35k target bonus; ~160k in RSU per year,380000.0,,t1_hob5chb,https://www.reddit.com/r/datascience/comments/re46xx/official_2021_end_of_year_salary_sharing_thread/hob5chb/,t3_re46xx,dauntless47,2021-12-12T23:13:39.000Z,3,"* Title: Senior Applied Scientist
* Tenure Length: 5 years
* Location: SF Bay Area
* Salary: $185k
* Company/Industry: Major public tech company
* Education: BS/MS/PhD in chemical engineering
* Prior Experience: none, still at first job after PhD
* Bonus/Stock: $35k target bonus; \~$160k in RSU per year 
* Total Comp: \~$380k",,SF Bay Area,United States,San Francisco,"none, still at first job after PhD",,,,,re46xx,[Official] 2021 End of Year Salary Sharing thread,https://www.reddit.com/r/datascience/comments/re46xx/official_2021_end_of_year_salary_sharing_thread/
True,Senior Data Scientist,Senior,0.5 years,130000.0,USD,Crypto,"BS Mathematics, BSM Finance",0.0,Annual bonus 5%-20% based on performance and company performance. Equity: $94k at first valuation; good equity granted on signing; may accumulate less stock per year than in signing year.,250000.0,WFH guaranteed; office optional forever at company.,t1_hobnr8h,https://www.reddit.com/r/datascience/comments/re46xx/official_2021_end_of_year_salary_sharing_thread/hobnr8h/,t3_re46xx,lhash12345,2021-12-13T01:32:13.000Z,3,"**Title:** Senior Data Scientist

**Tenure length:** 0.5 years

**Location**: Manhattan. WFH guaranteed, office optional forever at my company.

**Salary**: $130k base, 5%-20% bonus based on performance and company performance (looking good based on industry)

**Company/Industry**: Crypto

**Education**: BS Mathematics, BSM Finance

**Prior Experience**: 2 years professional at my old company (Associate Data Scientist + Senior Associate Data Scientist). Prior to professional career: Summer DS bootcamp, software engineering bootcamp, DS internship.

**Relocation/Signing Bonus**: None

**Stock**: At first valuation of company, $94k

**Total comp**: ~$250k (good equity granted on signing, will probably accumulate less stock per year than in signing year. So next year might be less, assuming growth isn't crazy)",True,"Manhattan. WFH guaranteed, office optional forever at my company.",United States,New York City,"2 years professional at old company (Associate Data Scientist + Senior Associate Data Scientist). Prior to professional career: Summer DS bootcamp, software engineering bootcamp, DS internship.",True,,,,re46xx,[Official] 2021 End of Year Salary Sharing thread,https://www.reddit.com/r/datascience/comments/re46xx/official_2021_end_of_year_salary_sharing_thread/
True,Data Science Manager,,6 years starting as DS,130000.0,USD,Market Research,"BA Econ, MS Analytics",,Annual bonus around 30000,160000.0,,t1_hoby7x8,https://www.reddit.com/r/datascience/comments/re46xx/official_2021_end_of_year_salary_sharing_thread/hoby7x8/,t3_re46xx,Moscow_Gordon,2021-12-13T02:51:32.000Z,3,"* Title: Data Science Manager
* Tenure Length: 6 years starting as DS
* Location: Midwest, fully remote
* Salary: \~130,000
* Industry: Market Research
* Education: BA Econ, MS Analytics
* Prior Experience: 2 years as data analyst
* Bonuses: \~30,000
* Total Comp: \~160,000",True,"Midwest, fully remote",United States,,2 years as data analyst,,,,,re46xx,[Official] 2021 End of Year Salary Sharing thread,https://www.reddit.com/r/datascience/comments/re46xx/official_2021_end_of_year_salary_sharing_thread/
True,Data Scientist Product Analytics,,2.5 years,120000.0,USD,tech,"BA in Communication, almost done with an MS Data Science",15000.0,$22k RSUs,142000.0,,t1_hobznpa,https://www.reddit.com/r/datascience/comments/re46xx/official_2021_end_of_year_salary_sharing_thread/hobznpa/,t3_re46xx,[deleted],2021-12-13T03:02:40.000Z,3,"* **Title:** Data Scientist Product Analytics 
* **Tenure length:** 2.5 years 
* **Location:** Chicago 
   * **$Remote:** hybrid 
* **Salary:** $120k
* **Company/Industry:** tech 
* **Education:** BA in Communication, almost done with an MS Data Science 
* **Prior Experience:** 10+ years in marketing, 3 years in marketing analytics
* **Relocation/Signing Bonus:** $15k
* **Stock and/or recurring bonuses:** $22k RSUs
* **Total comp:** $142k",True,Chicago,United States,Chicago,"10+ years in marketing, 3 years in marketing analytics",,,,,re46xx,[Official] 2021 End of Year Salary Sharing thread,https://www.reddit.com/r/datascience/comments/re46xx/official_2021_end_of_year_salary_sharing_thread/
True,Senior Data Scientist,Senior,4 years,185000.0,USD,tech,Masters,40000.0,30k first year then 70k +-/year,255000.0,,t1_hodp18o,https://www.reddit.com/r/datascience/comments/re46xx/official_2021_end_of_year_salary_sharing_thread/hodp18o/,t3_re46xx,wild_fan_2001,2021-12-13T14:10:34.000Z,3,"Title: Senior Data Scientist

Tenure length:4 years

Location: Minneapolis

$Remote: yes

Salary: 185k

Company/Industry: tech

Education:Masters

Prior Experience:

$Internship: 1 internship

$Coop NA

Relocation/Signing Bonus: 40k

Stock and/or recurring bonuses: 30k first year then 70k +-/year

Total comp:255k",True,Minneapolis,United States,Minneapolis,,True,False,,,re46xx,[Official] 2021 End of Year Salary Sharing thread,https://www.reddit.com/r/datascience/comments/re46xx/official_2021_end_of_year_salary_sharing_thread/
True,Data Scientist,,New Job,,CAD,Ai consulting,Undergrad in math/CS,0.0,0,75000.0,Remote: 100% remote. Salary range stated as 75K-80K; candidate stopped the process.,t1_hof0k5b,https://www.reddit.com/r/datascience/comments/re46xx/official_2021_end_of_year_salary_sharing_thread/hof0k5b/,t3_re46xx,Honeydew-Adorable,2021-12-13T19:35:21.000Z,3,"(throw away)  


I have just interviewed and got multiple offer so I'm going to give details on them. Both the bank and insurance company gave me what my ""total comp"" is, that includes bonus, stock purchase incentive, flex dollars for insurance, RRSP matching, etc. The first 3 offers knew about each other so I negociated with each of them and that's why they are so close (except for the startup, they matched the base salary but not everything else!). They ALL offered me about 80k at first but I negociated and got 90k+ (except for the ai consulting company, they just told me they could not match it). So negociating is sooo important in this :)

&amp;#x200B;

Title: Data Scientist   
Tenure length: New Job  
Education: Undergrad in math/CS  
Prior Experience:  6 month in a big company, 6 months in a startup  
$Internship 4 months at a bank  


&amp;#x200B;

Location: Montreal  
$Remote: 4 days a week remote  
Salary: 92K  
Company/Industry: Bank  
Relocation/Signing Bonus: No  
Stock and/or recurring bonuses: 10-14K bonus  
Total comp: 120K CAD

&amp;#x200B;

Location: Montreal  
$Remote: 100% remote  
Salary: 95K  
Company/Industry: Startup  
Relocation/Signing Bonus: No  
Stock and/or recurring bonuses: 0.01% stock options  
Total comp: 95K CAD

&amp;#x200B;

Location: Montreal  
$Remote: 3 days a week remote  
Salary: 92K  
Company/Industry: Insurance  
Relocation/Signing Bonus: 4k signing bonus  
Stock and/or recurring bonuses: 10-20% bonus  
Total comp: 121K CAD

&amp;#x200B;

Location: Montreal  
$Remote: 100% remote  
Salary: 75K-80k (stopped the process)  
Company/Industry: Ai consulting  
Relocation/Signing Bonus: 0  
Stock and/or recurring bonuses: 0  
Total comp: 75k CAD",True,Montreal,Canada,Montreal,"6 month in a big company, 6 months in a startup",True,,,,re46xx,[Official] 2021 End of Year Salary Sharing thread,https://www.reddit.com/r/datascience/comments/re46xx/official_2021_end_of_year_salary_sharing_thread/
True,Director of Data Science,,4 years (3 as IC),220000.0,USD,Energy,Masters Econ,,10k per year roughly,230000.0,,t1_hol0utf,https://www.reddit.com/r/datascience/comments/re46xx/official_2021_end_of_year_salary_sharing_thread/hol0utf/,t3_re46xx,xernt99,2021-12-15T00:47:27.000Z,3,"**Title:** Director of Data Science

**Tenure length:** 4 years (3 as IC)

**Location:** East coast city not NYC

**Salary:** $220,000

**Company/Industry:** Energy

**Education:** Masters Econ

**Prior Experience:** 4 years at other companies prior to current role

**Relocation/Signing Bonus:** NA

**Stock and/or recurring bonuses:** 10k per year roughly

**Total comp:** $230,000",,East coast city not NYC,United States,,4 years at other companies prior to current role,,,,,re46xx,[Official] 2021 End of Year Salary Sharing thread,https://www.reddit.com/r/datascience/comments/re46xx/official_2021_end_of_year_salary_sharing_thread/
True,Data Analyst (Oracle application configuration and profitability analyst),,3.5 years,66800.0,USD,Large Bank (top 10 in US measured by assets),BBA in Computer Information Systems; completing MS in Data Analytics Engineering in Fall 2023,0.0,100% match on 401k investments up to 6% of salary,70000.0,Currently WFH in Richmond area. Company undergoing large merger; poor work-life balance and anticipating RIFs in coming years. Received a large company award last year and a >$5k salary increase. Proficient in SQL; learning Python and R.,t1_hri5orb,https://www.reddit.com/r/datascience/comments/re46xx/official_2021_end_of_year_salary_sharing_thread/hri5orb/,t3_re46xx,InfoSysGirl,2022-01-06T15:52:22.000Z,3,"* **Title:** Data Analyst (Oracle application configuration and profitability analyst)
* **Tenure length:** 3.5 years
* **Location:** Richmond, VA (US)
   * **$Remote:** Currently working from home (Richmond area)
* **Salary:** $66,800
* **Company/Industry:** Large Bank (top 10 in US measured by assets)
* **Education:** BBA in Computer Information Systems and I will complete an MS in Data Analytics Engineering in Fall of 2023
* **Prior Experience:** Joined the company straight after undergrad
* **Relocation/Signing Bonus:** none
* **Stock and/or recurring bonuses:** 100% match on 401k investments up to 6% of salary
* **Total comp:** \~70k

My company is going through a huge merger with no life balance and I'm feeling very undervalued. RIFs are inevitable within the next few years. Last year I got a huge award at my company and a significant increase in salary (more than 5k).

Any advice on where to take my career after I finish grad school? What title or salary should I aim for? I'm proficient in SQL and I'm learning Python and R in school.",True,"Richmond, VA (US)",United States,Richmond,Joined the company straight after undergrad,,,,,re46xx,[Official] 2021 End of Year Salary Sharing thread,https://www.reddit.com/r/datascience/comments/re46xx/official_2021_end_of_year_salary_sharing_thread/
True,Senior Data Analyst,Senior,3 yrs,97000.0,USD,Wind Turbine Manufacturer,BS Aerospace Engineering; MS Technology Management; Self taught in all DS things,,10% of annual salary based on company performance,106000.0,"Hybrid: in office and remote; 3 days in office, 2 at home. Relocation bonus mentioned as $5-7k (approx).",t1_hskmtfm,https://www.reddit.com/r/datascience/comments/re46xx/official_2021_end_of_year_salary_sharing_thread/hskmtfm/,t3_re46xx,MonteSS_454,2022-01-14T02:07:29.000Z,3,"Title: Senior Data Analyst 

Tenure Length: 3 yrs

Location: hybrid in office and remote. 3 days in office 2 at home. 

Salary: $97,000

Company/Industry: Wind Turbine Manufacturer

Education: BS Aerospace Engineering
MS Technology Management. 
Self taught in all DS things

Prior Experience: Reliability Engineer 5 yrs

Relocation: $5-7 k i think

Bonus: 10% of annual salary based on company performance 

Total Comp: $106,000

Edit: Iowa. USA",True,Iowa. USA,United States,,Reliability Engineer 5 yrs,,,,,re46xx,[Official] 2021 End of Year Salary Sharing thread,https://www.reddit.com/r/datascience/comments/re46xx/official_2021_end_of_year_salary_sharing_thread/
True,Business Intelligence Analyst II,II,5 years,88000.0,USD,Transportation/Supply Chain,B.S. Business/Supply Chain. M.S. Data Analytics.,,Annual bonus ~8k,96000.0,,t1_hoynyz6,https://www.reddit.com/r/datascience/comments/re46xx/official_2021_end_of_year_salary_sharing_thread/hoynyz6/,t3_re46xx,[deleted],2021-12-17T20:19:09.000Z,1,"* **Title:** Business Intelligence Analyst II
* **Tenure length:** 5 years
* **Location:** Seattle
   * **$Remote:** Hybrid
* **Salary:** 88k
* **Company/Industry:** Transportation/Supply Chain
* **Education:** B.S. Business/Supply Chain. M.S. Data Analytics.
* **Prior Experience:** Operations Support
   * **$Internship**
   * **$Coop**
* **Relocation/Signing Bonus:**
* **Stock and/or recurring bonuses:** Annual bonus ~8k
* **Total comp:** ~96k",True,Seattle,United States,Seattle,Operations Support,True,True,,,re46xx,[Official] 2021 End of Year Salary Sharing thread,https://www.reddit.com/r/datascience/comments/re46xx/official_2021_end_of_year_salary_sharing_thread/
True,Director of Data Science,Director,6 months,200000.0,USD,Fortune 250 - CPG,B.Sc. Sociology '13; M.A. Cognitive Science '15; M.Sc. Learning Analytics '16; Ph.D. Cognitive Science '21,30000.0,6% 401k match; 15% discount stock options purchase plan; 20%–40% company performance bonus,254232.0,Remote: WFH permanently. Attire: Pajamas + Blazer. Total comp figure noted as 2021 total take-home.,t1_hru5222,https://www.reddit.com/r/datascience/comments/re46xx/official_2021_end_of_year_salary_sharing_thread/hru5222/,t3_re46xx,cjc2238,2022-01-08T22:49:34.000Z,1,"* **Title:** Director of Data Science
* **Tenure length:** 6 Months
* **Location:** Greater NYC HQ (Remote Position)
* **Salary:** $200,000 Base
* **Company/Industry:** Fortune 250 - CPG
* **Education:**
   * B.Sc. Sociology '13
   * M.A. Cognitive Science '15
   * M.Sc. Learning Analytics '16
   * Ph.D. Cognitive Science '21
* **Prior Experience:**
   * Systems Administration \~6yrs
   * Instructional Design \~2yrs
   * Ad-Tech Data Science/Research \~2yrs
   * Ed-Tech Data Science/Research \~2yrs
   * Human Capital Data Science/Research \~3yrs (Most recent)
* **Relocation/Signing Bonus**: 30,000 Singing Bonus
* **Stock and/or recurring bonuses:**
   * 6% 401k Match
   * 15% discount stock options purchase plan
   * 20% - 40% Company Performance Bonus
* **Remote:** WFH Permanently
* **Attire:** Pajamas + Blazer
* **Total comp:** $254,232 USD (2021 Total Take Home)",True,Greater NYC HQ (Remote Position),United States,New York City,Systems Administration ~6yrs; Instructional Design ~2yrs; Ad-Tech Data Science/Research ~2yrs; Ed-Tech Data Science/Research ~2yrs; Human Capital Data Science/Research ~3yrs (Most recent),,,,,re46xx,[Official] 2021 End of Year Salary Sharing thread,https://www.reddit.com/r/datascience/comments/re46xx/official_2021_end_of_year_salary_sharing_thread/
True,Data Scientist,,1.5 years,132000.0,USD,Consumer products,STEM PhD,10000.0,8K (stock and/or recurring bonus),132000.0,Hybrid role,t1_iz0q486,https://www.reddit.com/r/datascience/comments/re46xx/official_2021_end_of_year_salary_sharing_thread/iz0q486/,t3_re46xx,Diligent_Trust2569,2022-12-05T16:52:31.000Z,1,"•	⁠Title: Data Scientist
•	⁠Tenure length: 1.5  years
•	⁠Location: Cincinnati, OH
•	⁠$Remote: Hybrid
•	⁠Salary: $132K
•	⁠Company/Industry: Consumer products 
•	⁠Education: STEM PhD
•	⁠Prior Experience: 3 year DS Research
•	⁠$Internship: None
•	⁠$Coop: None
•	⁠Relocation/Signing Bonus: $10k
•	⁠Stock and/or recurring bonuses: 8K
•	⁠Total comp: ~$132K",True,"Cincinnati, OH",United States,Cincinnati,3 year DS Research,False,False,,,re46xx,[Official] 2021 End of Year Salary Sharing thread,https://www.reddit.com/r/datascience/comments/re46xx/official_2021_end_of_year_salary_sharing_thread/
True,Data Scientist,,6 months,58000.0,GBP,FinTech,BSc Maths,0.0,10-20% bonus,65000.0,Hybrid: remote 50% of the time,t1_hrc3mqh,https://www.reddit.com/r/datascience/comments/re46xx/official_2021_end_of_year_salary_sharing_thread/hrc3mqh/,t3_re46xx,SnooMuffins6022,2022-01-05T09:54:24.000Z,1,"Title: Data Scientist

Tenure length: 6 months

Location: London

$Remote: 50% of the time

Salary: £58k

Company/Industry: FinTech

Education: BSc Maths

Prior Experience: 18 months data analyst &amp; 18 months Data Scientist

Relocation/Signing Bonus: none

Stock and/or recurring bonuses: 10-20% bonus

Total comp: £65k",True,London,United Kingdom,London,18 months data analyst & 18 months Data Scientist,,,,,re46xx,[Official] 2021 End of Year Salary Sharing thread,https://www.reddit.com/r/datascience/comments/re46xx/official_2021_end_of_year_salary_sharing_thread/
True,Senior Predictive Analyst,Senior,5 years in current role,93000.0,USD,Financial Consulting,BS Applied Mathematics; Minior in Applied Statistics,,None,93000.0,,t1_ho6yco6,https://www.reddit.com/r/datascience/comments/re46xx/official_2021_end_of_year_salary_sharing_thread/ho6yco6/,t3_re46xx,ISuckBallz1337,2021-12-12T01:33:09.000Z,2,"-	**Title**: Senior Predictive Analyst
-	**Tenure length**: 5 years in current role
-	**Location**: Southern, USA (optional remote / hybrid remote)
-	**Salary**: $93,000
-	**Company/Industry**: Financial Consulting
-	**Education**: BS Applied Mathematics; Minior in Applied Statistics
-	**Prior Experience**: N/A
-	**Relocation/Signing Bonus**: None
-	**Stock and/or recurring bonuses**: None
-	**Total comp**: $93,000",True,"Southern, USA (optional remote / hybrid remote)",United States,,N/A,,,,,re46xx,[Official] 2021 End of Year Salary Sharing thread,https://www.reddit.com/r/datascience/comments/re46xx/official_2021_end_of_year_salary_sharing_thread/
True,Senior Data Scientist,Senior,2 months,150000.0,USD,Tech in FT 30.,MS,0.0,8% fixed annual bonus (may be higher based on company performance); no stock; 5% 401K match immediately vested,162000.0,Bonus may be higher depending on company performance; 5% 401K match immediately vested.,t1_i0z80vu,https://www.reddit.com/r/datascience/comments/re46xx/official_2021_end_of_year_salary_sharing_thread/i0z80vu/,t3_re46xx,Love_Tech,2022-03-17T04:03:24.000Z,1,"* **Title:** Senior Data Scientist
* **Tenure length:** 2 months
* **Location:** Remote (Midwest)
* **Salary:** 150K base + 8% fixed bonus (more depending on company performance)
* **Company/Industry:** Tech in FT 30.
* **Education**: MS
* **Prior Experience:** About 5 years in DS
* **Internship:** One summer internship in DS
* **Relocation/Signing Bonus:** No
* **Stock and/or recurring bonuses:** No
* **Total comp:** About 162k + 5% 401K match immediately vested.",True,Remote (Midwest),United States,,About 5 years in DS,True,,,,re46xx,[Official] 2021 End of Year Salary Sharing thread,https://www.reddit.com/r/datascience/comments/re46xx/official_2021_end_of_year_salary_sharing_thread/
True,BI Manager,Manager,6 months in role,110000.0,USD,"Retail banking, small",MSCS,0.0,"No stock. Variable bonus up to 10% (avg 8% annually). Stipends: $50/month. Retirement: 5% employer match, maxed $5500.",124900.0,Only one in org doing DS-type work. Org tenure 3-4 years; industry tenure 10 years. Remote role but lives in the same city as company’s major metro.,t1_hotwcx8,https://www.reddit.com/r/datascience/comments/re46xx/official_2021_end_of_year_salary_sharing_thread/hotwcx8/,t3_re46xx,waidbi,2021-12-16T21:08:28.000Z,1,"Title: BI Manager (not sure I count, but I’m only one in my org doing DS’y type things)

Tenure: 6 months in role, 3-4 years org, 10 industry

Location: US, west coast, major metro for company, remote role but live in the same city. 

Salary: 110

Industry: Retail banking, small

Education: MSCS

Prior Experience: Across 9.5 years in industry before current role, polyglot dev+analyst+BSA+support+IT+everything employers couldn’t afford to hire a specific resource for aggregated into “Programmer Analyst” title.

Relo/Signing: none

Stock: none

Bonus: variable up to 10%, avg at current 8% annual

Stipends: $50/month

Retirement: 5% employer match, maxed $5500

Total comp: $124,900 USD",True,"US, west coast, major metro for company, remote role but live in the same city.",United States,,"Across 9.5 years in industry before current role, polyglot dev+analyst+BSA+support+IT+everything employers couldn’t afford to hire a specific resource for aggregated into 'Programmer Analyst' title.",,,,,re46xx,[Official] 2021 End of Year Salary Sharing thread,https://www.reddit.com/r/datascience/comments/re46xx/official_2021_end_of_year_salary_sharing_thread/
True,Data Analyst/Data Engineer,,started month ago,1200.0,USD,nation wide autosale,,0.0,No bonus; no stock/options,,Salary is per month. Remote only for last two weeks due to spouse testing positive for COVID; otherwise strictly on-site. Internship: Cybera Data Science Fellowship 2020.,t1_hrszc1b,https://www.reddit.com/r/datascience/comments/re46xx/official_2021_end_of_year_salary_sharing_thread/hrszc1b/,t3_re46xx,carachoon,2022-01-08T18:11:31.000Z,1,"Title: Data Analyst/Data Engineer
Tenure: started month ago
Industry: nation wide autosale
Location: south of Russia
Remote: last two weeks because my wife was tested positive for COVID, otherwise strictly office
Salary: $1200/mo
Experience: three years
Internship: Cybera Data Science Fellowship 2020
No bonus no options",False,south of Russia,Russia,,three years,True,,,,re46xx,[Official] 2021 End of Year Salary Sharing thread,https://www.reddit.com/r/datascience/comments/re46xx/official_2021_end_of_year_salary_sharing_thread/
True,"Data Scientist, Product",,Offer,132000.0,,FANNG,"B.A., M.A.",20000.0,"$65,000 granted stock/year, Target bonus $19,000/Year",216000.0,Posted from throwaway account,t1_hsudftz,https://www.reddit.com/r/datascience/comments/re46xx/official_2021_end_of_year_salary_sharing_thread/hsudftz/,t3_re46xx,throw_tipsytechie,2022-01-16T01:29:49.000Z,2,"
Title: Data Scientist, Product
Tenure length: Offer
Location: MCOL
$Remote: Fully Remote
Salary: $132,000
Company/Industry: FANNG
Education: B.A., M.A.
Prior Experience: 4 YOE - DS, 3 YOE - Related
$Internship
$Coop
Relocation/Signing Bonus: $20,000 Signing
Stock and/or recurring bonuses: $65,000 granted stock/year, Target bonus $19,000/Year
Total comp: $216,000

Posted from throwaway account",True,MCOL,,,"4 YOE - DS, 3 YOE - Related",True,True,,,re46xx,[Official] 2021 End of Year Salary Sharing thread,https://www.reddit.com/r/datascience/comments/re46xx/official_2021_end_of_year_salary_sharing_thread/
True,Senior Data Scientist,Senior,Just started,85000.0,GBP,Fintech,MSc Data Science,,£40k stock,,Remote flexibility: 'Whatever I want'. Relocation/Signing Bonus: N/A.,t1_ht5zyhi,https://www.reddit.com/r/datascience/comments/re46xx/official_2021_end_of_year_salary_sharing_thread/ht5zyhi/,t3_re46xx,ezurk,2022-01-18T11:51:06.000Z,1,"* **Title:** Senior Data Scientist
* **Tenure length:** Just started
* **Location:** London, UK
   * **$Remote:** Whatever I want
* **Salary:** £85,000
* **Company/Industry:** Fintech
* **Education: MSc Data Science**
* **Prior Experience:** 3 years analytics consulting
* **Relocation/Signing Bonus: N/A**
* **Stock and/or recurring bonuses: Total comp: £40k stock**",True,"London, UK",United Kingdom,London,3 years analytics consulting,,,,,re46xx,[Official] 2021 End of Year Salary Sharing thread,https://www.reddit.com/r/datascience/comments/re46xx/official_2021_end_of_year_salary_sharing_thread/
True,Business Analyst,,,50000.0,EUR,Consumer Electronics (E-Commerce only),"M.Sc. (mix of some psychologe, some IT/some low level CS)",,,,Company size: ~3000; Company revenue: ~2 billion,t1_ht6jmcc,https://www.reddit.com/r/datascience/comments/re46xx/official_2021_end_of_year_salary_sharing_thread/ht6jmcc/,t3_re46xx,Yojihito,2022-01-18T14:46:05.000Z,2,"* Country: Germany
* Qualification: M.Sc. (mix of some psychologe, some IT/some low level CS)
* Title: Business Analyst
* Years of experience after graduating: 1,5
* Company size: ~3000
* Company revenue: ~2 billion
* Sector: Consumer Electronics (E-Commerce only)
* Salary gross: 50k €",,Germany,Germany,,1.5 years after graduating,,,,,re46xx,[Official] 2021 End of Year Salary Sharing thread,https://www.reddit.com/r/datascience/comments/re46xx/official_2021_end_of_year_salary_sharing_thread/
True,Data Analyst 2,2,1.5 years,70000.0,USD,Finance,BS in business,,10% bonus,77000.0,,t1_hqmohg3,https://www.reddit.com/r/datascience/comments/re46xx/official_2021_end_of_year_salary_sharing_thread/hqmohg3/,t3_re46xx,clydefrog4589,2021-12-31T02:14:15.000Z,1,"* **Title:** Data Analyst 2
* **Tenure length:** 1.5 years
* **Location:** South East US
* **Salary:** $70k
* **Company/Industry:** Finance
* **Education:** BS in business
* **Prior Experience:** None, self taught and transitioned to data during covid
* **Relocation/Signing Bonus:** N/A
* **Stock and/or recurring bonuses:** 10%
* **Total comp:** $77k",,South East US,United States,,None; self taught and transitioned to data during covid,,,,,re46xx,[Official] 2021 End of Year Salary Sharing thread,https://www.reddit.com/r/datascience/comments/re46xx/official_2021_end_of_year_salary_sharing_thread/
True,Senor Data Analyst,Senior,New to the company,110000.0,USD,Mid Size Real Estate Company,Bachelors in Analytics; Studying Masters in Analytics,0.0,15% cash bonus,121000.0,,t1_hq466ny,https://www.reddit.com/r/datascience/comments/re46xx/official_2021_end_of_year_salary_sharing_thread/hq466ny/,t3_re46xx,DataNerd760,2021-12-27T05:40:28.000Z,2,"Title: Senor Data Analyst  
  
Tenure length: New to the company   
  
Location: Bentonville AR (Work from Home)  
  
Salary: $110k USD  
  
Company/Industry: Mid Size Real Estate Company  
  
Education: Bachelors in Analytics Studying Masters in Analytics  
  
Prior Experience: 2-3 years in analytics / reporting positions (ex fortune 10 data analyst)  
  
Relocation/Signing Bonus: None  
  
Stock and/or recurring bonuses: 15% cash bonus  
  
Total comp: 121k Total Comp",True,Bentonville AR (Work from Home),United States,Bentonville,2-3 years in analytics / reporting positions (ex fortune 10 data analyst),,,,,re46xx,[Official] 2021 End of Year Salary Sharing thread,https://www.reddit.com/r/datascience/comments/re46xx/official_2021_end_of_year_salary_sharing_thread/
True,Data Analyst,Senior,1 month,140000.0,USD,Self-driving car,BS Civil Engineering; MS Analytics,10000.0,15% annual target bonus; ~$55k/yr stock (at current price),216000.0,Currently remote; long-term plan is 3 days in office and 2 days WFH (hybrid).,t1_hoar8ie,https://www.reddit.com/r/datascience/comments/re46xx/official_2021_end_of_year_salary_sharing_thread/hoar8ie/,t3_re46xx,Long-Bad-3941,2021-12-12T21:35:04.000Z,1,"* **Title:** Senior Data Analyst
* **Tenure length:** 1 month
* **Location**: San Francisco
   * $Remote: Currently remote, 3 office + 2 days WFH will be the long-term plan
* **Salary:** $140,000
* **Company/Industry:** Self-driving car
* **Education:** 
   * BS Civil Engineering
   * MS Analytics
* **Prior Experience:** 
   * 4 years transportation consulting
   * 4 years in government
      * 2 of the 4 years in government was a data analyst type role
* **Relocation/Signing Bonus:** $10k sign on
* **Stock and/or recurring bonuses:**
   * 15% annual target bonus
   * \~$55k/yr stock (at current price)
* **Total comp:** \~$216k",True,San Francisco,United States,San Francisco,4 years transportation consulting; 4 years in government (2 years data analyst type role),,,,,re46xx,[Official] 2021 End of Year Salary Sharing thread,https://www.reddit.com/r/datascience/comments/re46xx/official_2021_end_of_year_salary_sharing_thread/
True,Quantitative Analyst,,< 6 months,75000.0,USD,Financial Services,BS mathematics/MS applied statistics,5000.0,Annual bonus: ~10% salary,,Total comp: ~80-85k,t1_ho6nfrv,https://www.reddit.com/r/datascience/comments/re46xx/official_2021_end_of_year_salary_sharing_thread/ho6nfrv/,t3_re46xx,ShrimpUnforgivenCow,2021-12-12T00:06:01.000Z,2,"* Title: Quantitative Analyst
* Tenure length: &lt; 6 months
* Location: LCOL midwest city 
* Salary: $75k
* Industry: Financial Services
* Education: BS mathematics/MS applied statistics
* Prior experience: 2 quant internships, 1 unrelated internship
* Signing bonus: $5k
* Annual bonus: ~10% salary
* Total comp: ~80-85k",,LCOL midwest city,United States,,"2 quant internships, 1 unrelated internship",True,,,,re46xx,[Official] 2021 End of Year Salary Sharing thread,https://www.reddit.com/r/datascience/comments/re46xx/official_2021_end_of_year_salary_sharing_thread/
True,head of DS and ml engineering,,1 yrs,240000.0,,finance,MSc DS,,$$$,,Total compensation reported as range: 300000-400000. Relocation/Signing Bonus stated as 'na' (none).,t1_hpinm7x,https://www.reddit.com/r/datascience/comments/re46xx/official_2021_end_of_year_salary_sharing_thread/hpinm7x/,t3_re46xx,[deleted],2021-12-22T04:24:01.000Z,2,"

* **Title:** head of DS and ml engineering 
* **Tenure length:** 1 yrs 
* **Location:** south
   * **$Remote:**
* **Salary:** $240k 
* **Company/Industry:** finance
* **Education:** MSc DS
* **Prior Experience:** 10 years from ds, sr ds, manager ds, sr mgr ds, director ds
   * **$Internship**
   * **$Coop**
* **Relocation/Signing Bonus:** na 
* **Stock and/or recurring bonuses:** $$$
* **Total comp:** $300-400k",,south,,,"10 years from ds, sr ds, manager ds, sr mgr ds, director ds",,,,,re46xx,[Official] 2021 End of Year Salary Sharing thread,https://www.reddit.com/r/datascience/comments/re46xx/official_2021_end_of_year_salary_sharing_thread/
True,Data Analyst,New Grad,Starting in summer (New Grad),96000.0,USD,Financial Technology,B.S. Economics,10500.0,Up to 7000 performance bonus,,"Relocation/signing breakdown: 1500 relocation + 9000 signing. 50% hybrid. Total compensation range reported: 106,500 - 113,500 USD.",t1_hof5rln,https://www.reddit.com/r/datascience/comments/re46xx/official_2021_end_of_year_salary_sharing_thread/hof5rln/,t3_re46xx,kobertrennedy,2021-12-13T20:10:03.000Z,2,"* **Title**: Data Analyst
* **Tenure Length:** Starting in summer (New Grad)
* **Location:** Washington, DC Area
   * 50% Hybrid
* **Salary:** $96,000
* **Company/Industry:** Financial Technology
* **Education:** B.S. Economics
* **Prior Experience:**  No Full Time Experience (New Grad)
   * 2 summer data science internships, 1 SWE internship
   * 1 year-long data science co-op
* **Relocation/Signing Bonus:** $1.5K relocation + $9K Signing
* **Stock and/or recurring bonuses:** Up to $7K performance bonus
* **Total Comp:** $106.5k - $113.5k",True,"Washington, DC Area",United States,Washington DC,"No full time experience (New Grad); 2 summer data science internships, 1 SWE internship; 1 year-long data science co-op",True,True,,,re46xx,[Official] 2021 End of Year Salary Sharing thread,https://www.reddit.com/r/datascience/comments/re46xx/official_2021_end_of_year_salary_sharing_thread/
True,USC College Freshman,,none,15.0,USD,,Just started a B.S. in Data Science and a B.A. in Applied Mathematics,,,,Hourly work-study role at/near USC; wage is 15 per hour. Comment states 'Total comp: student loans' (not monetary compensation).,t1_hrqxvfl,https://www.reddit.com/r/datascience/comments/re46xx/official_2021_end_of_year_salary_sharing_thread/hrqxvfl/,t3_re46xx,lmaono2,2022-01-08T06:29:35.000Z,1,"Title: USC College Freshman 
Tenure length: none
Location: downtown LA
Salary: 15/he work study
Company/industry:none
Education: just started a B.S. in DS and a B.A. in applied maths
Prior experience: none
Total comp: student loans",,downtown LA,United States,Los Angeles,none,,,,,re46xx,[Official] 2021 End of Year Salary Sharing thread,https://www.reddit.com/r/datascience/comments/re46xx/official_2021_end_of_year_salary_sharing_thread/
True,Product Analyst,,"0 Years (starting this job in January, moved from a BA position)",145000.0,USD,Fintech Startup Series D,Masters; physics major and business masters,40000.0,10% annual bonus (depends on company performance); 95k worth of options (4-year vest),223000.0,"Total comp stated as $223,000 first year and $183,000 after. Starting in January; moved from a BA position.",t1_hp3kpbr,https://www.reddit.com/r/datascience/comments/re46xx/official_2021_end_of_year_salary_sharing_thread/hp3kpbr/,t3_re46xx,Saregas,2021-12-18T22:29:10.000Z,1,"Title: Product Analyst  
Tenure length: 0 Years (starting this job in January, moved from a BA position)  
Location: New York (office)  
Salary: $145,000  
Company/Industry: Fintech Startup Series D  
Education: Masters  
Prior Experience: 1.5 Years as a BA at Capital One, physics major and business masters before that  
$Internship: None  
Relocation/Signing Bonus: 40,000  
Stock and/or recurring bonuses:  
10% annual bonus (depends on company performance)  
95k worth of options (4 year vest)  
Total comp: $223,000 first year 183,000 after",False,New York (office),United States,New York City,1.5 years as a BA at Capital One,False,,,,re46xx,[Official] 2021 End of Year Salary Sharing thread,https://www.reddit.com/r/datascience/comments/re46xx/official_2021_end_of_year_salary_sharing_thread/
True,Data scientist,,5 years,75000.0,USD,Federal government science agency,M.S.,,"N/A, but there is a defined benefit pension that is ~80% employer funded, ~1% salary per year of service",,Total comp stated as $75k plus pension contributions (FWIW).,t1_hqawgqk,https://www.reddit.com/r/datascience/comments/re46xx/official_2021_end_of_year_salary_sharing_thread/hqawgqk/,t3_re46xx,succulent_farmer,2021-12-28T17:50:45.000Z,1,"* Title:  Data scientist
* Tenure length: 5 years
* Location:  USA (remote)
   * $Remote: Yes
* Salary:  $75k USD
* Company/Industry:  Federal government science agency
* Education:  M.S.
* Prior Experience:  straight out of grad school
* Relocation/Signing Bonus: N/A
* Stock and/or recurring bonuses:  N/A, but there is a defined benefit pension that is \~80% employer funded, \~1% salary per year of service
* Total comp:  $75k plus pension contributions FWIW",True,USA (remote),United States,,straight out of grad school,,,,,re46xx,[Official] 2021 End of Year Salary Sharing thread,https://www.reddit.com/r/datascience/comments/re46xx/official_2021_end_of_year_salary_sharing_thread/
True,Data Specialist,,1 yr,86000.0,USD,BioManufacturing,"B.S. Bioengineering, half way done online Masters of Analytics",,5% bonus and 5% profit sharing,100000.0,Learning what I can working with data flows in medium sized company and manufacturing while I finish my degree.,t1_ho7uube,https://www.reddit.com/r/datascience/comments/re46xx/official_2021_end_of_year_salary_sharing_thread/ho7uube/,t3_re46xx,Yawnn,2021-12-12T06:17:27.000Z,1,"* **Title:** Data Specialist
* **Tenure length:** 1 yr
* **Location:** Medium COL (NC)
*  **Remote:** Yes
* **Salary:** $86k
* **Company/Industry:** BioManufacturing 
* **Education:** B.S. Bioengineering, half way done online Masters of Analytics
* **Prior Experience:** 1 yr fermentation operator, 3 years process engineer
* **Stock and/or recurring bonuses:** 5% bonus 5% profit sharing
* **Total comp:** $100k

Learning what I can working with data flows in medium sized company and manufacturing while I finish my degree.",True,Medium COL (NC),United States,,"1 yr fermentation operator, 3 years process engineer",,,,,re46xx,[Official] 2021 End of Year Salary Sharing thread,https://www.reddit.com/r/datascience/comments/re46xx/official_2021_end_of_year_salary_sharing_thread/
True,lead data scientist,Lead,~8mo,147000.0,USD,Marketing,Masters in DS,,"VERY good hours, and low stress (less than 40)",,Reports very good hours and low stress (<40 hours/week).,t1_hom6i2g,https://www.reddit.com/r/datascience/comments/re46xx/official_2021_end_of_year_salary_sharing_thread/hom6i2g/,t3_re46xx,abstract__art,2021-12-15T06:38:04.000Z,1,"Title: lead data scientist   
Tenure length: \~8mo  
Location: large city that is not NYC, SF, LA, Seattle  
Salary:  $147,000  
Company/Industry:  Marketing  
Education:   Masters in DS  
Prior Experience:: 6 years now  
Stock and/or recurring bonuses:   **VERY** good hours, and low stress (less than 40)",,"large city that is not NYC, SF, LA, Seattle",United States,,6 years now,,,,,re46xx,[Official] 2021 End of Year Salary Sharing thread,https://www.reddit.com/r/datascience/comments/re46xx/official_2021_end_of_year_salary_sharing_thread/
True,Data Analyst and Project Manager,,0.5 years,80000.0,USD,Small education nonprofit (<20 employees),BS in ME from Ivy,,,,,t1_ho70gop,https://www.reddit.com/r/datascience/comments/re46xx/official_2021_end_of_year_salary_sharing_thread/ho70gop/,t3_re46xx,uggsandstarbux,2021-12-12T01:50:34.000Z,1,"* **Title:** Data Analyst and Project Manager
* **Tenure length:** 3 years total, .5 with current company 
* **Location:** Twin Cities
* **Salary:** $80k
* **Company/Industry:** Small education nonprofit (&lt;20 employees)
* **Education:** BS in ME from Ivy
* **Prior Experience:** 2.5 years in marketing data science/analytics",,Twin Cities,United States,Minneapolis,2.5 years in marketing data science/analytics,,,,,re46xx,[Official] 2021 End of Year Salary Sharing thread,https://www.reddit.com/r/datascience/comments/re46xx/official_2021_end_of_year_salary_sharing_thread/
True,Data Scientist,,5 years,120000.0,USD,Financial,MS in Physics,,,120000.0,,t1_hockn2p,https://www.reddit.com/r/datascience/comments/re46xx/official_2021_end_of_year_salary_sharing_thread/hockn2p/,t3_re46xx,dsthrowaway4444,2021-12-13T06:07:10.000Z,1,"Title: Data Scientist
Tenure Length: 5 years
Location: Portland, OR
Salary: $120K
Industry: Financial
Education: MS in Physics
Prior Experience: None
Relocation/Signing Bonus: NA
Total Comp: $120K",,"Portland, OR",United States,Portland,None,,,,,re46xx,[Official] 2021 End of Year Salary Sharing thread,https://www.reddit.com/r/datascience/comments/re46xx/official_2021_end_of_year_salary_sharing_thread/
True,Senior Data Scientist,Senior,2 Years,500000.0,USD,Tech,Masters,,,,,t1_hp99y7y,https://www.reddit.com/r/datascience/comments/re46xx/official_2021_end_of_year_salary_sharing_thread/hp99y7y/,t3_re46xx,Peppington,2021-12-20T04:23:30.000Z,1,"•	⁠Title: Senior Data Scientist
•	⁠Tenure length: 2 Years
•	⁠Location: LA
	⁠•	⁠$Remote: Yes
•	⁠Salary: $500,000
•	⁠Company/Industry: Tech
•	⁠Education: Masters
•	⁠Prior Experience: Data Scientist multiple locations",True,LA,United States,Los Angeles,Data Scientist multiple locations,,,,,re46xx,[Official] 2021 End of Year Salary Sharing thread,https://www.reddit.com/r/datascience/comments/re46xx/official_2021_end_of_year_salary_sharing_thread/
True,Junior Data Scientist,Junior,2 years at this company,118000.0,USD,Energy and Utilities,Ph.D. in Chemical Engineering,,"20% target annual bonus based on individual, company, and department performance; received 104% of target last year.",141000.0,All-remote at present; may shift to occasional in-office days encouraged with ~monthly travel. Haven't gotten a second raise yet; current base has been in effect for about a year. Employer paid moving costs; signing bonus uncertain (possibly $10k but not confirmed).,t1_hpubkgc,https://www.reddit.com/r/datascience/comments/re46xx/official_2021_end_of_year_salary_sharing_thread/hpubkgc/,t3_re46xx,HawksHawksHawks,2021-12-24T19:47:25.000Z,1,"Title: Junior Data Scientist

Tenure length: 2 years at this company. Haven't gotten a second raise yet though. So I've been making this for a year.

Location: Large Midwest city, LCOL (not Chicago)

$Remote: All remote at present. No way it will ever go to full in-office. Likely a day or two ""encouraged"" then expected travel once a month or so.

Salary: 118,000

Company/Industry: Energy and Utilities

Education: Ph.D. in Chemical Engineering

Prior Experience: one year as a DS at a start-up. 1 year at another start-up in a non DS field (chemical R&amp;D).

$Internship

$Coop

Relocation/Signing Bonus: Can't remember exactly. They paid all moving costs. I do think I got a $10k signing bonus but that might have been my wife.

Stock and/or recurring bonuses: 20% bonus tied to my performance, company performance, and department performance. Last year I got 104% of the 20% for good reviews.

Total comp: $141,000",True,"Large Midwest city, LCOL (not Chicago)",United States,,1 year as a Data Scientist at a startup; 1 year at another startup in chemical R&D (non-DS).,,,,,re46xx,[Official] 2021 End of Year Salary Sharing thread,https://www.reddit.com/r/datascience/comments/re46xx/official_2021_end_of_year_salary_sharing_thread/
True,Senior Data Scientist,Senior,5 months,185000.0,USD,Midsize tech company,BA Economics,20000.0,10k target annual cash bonus,195000.0,,t1_hp1ym1c,https://www.reddit.com/r/datascience/comments/re46xx/official_2021_end_of_year_salary_sharing_thread/hp1ym1c/,t3_re46xx,Mindless-Hippo-5738,2021-12-18T15:09:16.000Z,1,"* **Title:** Senior Data Scientist
* **Tenure length:** 5 months
* **Location:** NYC
   * **Remote:** Yes, currently full-time remote
* **Salary:** 185k
* **Company/Industry:** Midsize tech company
* **Education:** BA Economics
* **Prior Experience:**
   * 4 years data analyst
   * 2 years data scientist including 1.5 years as a team lead
      * Last DS role was more consulting &amp; sales-y
      * Previous day-to-day includes advising clients on technical product/data, some exploratory data analysis, and implementation of ML in production
* **Relocation/Signing Bonus:** 20k signing bonus
* **Stock and/or recurring bonuses:** 10k target annual cash bonus
* **Total comp:** 195k TC + 20k signing bonus",True,NYC,United States,New York City,"4 years as data analyst; 2 years as data scientist including 1.5 years as a team lead. Last DS role was more consulting/sales-focused. Responsibilities included advising clients on technical product/data, exploratory data analysis, and implementation of ML in production.",,,,,re46xx,[Official] 2021 End of Year Salary Sharing thread,https://www.reddit.com/r/datascience/comments/re46xx/official_2021_end_of_year_salary_sharing_thread/
True,Data Science Specialist,,just promoted,37000.0,USD,Consulting MBB,Bachelors in Engineering (Electronics),,,45000.0,Base salary will be 37k USD from January; previously 31k USD in 2021. Just promoted. No explicit details on stock/equity or recurring bonuses provided.,t1_hq4wr5n,https://www.reddit.com/r/datascience/comments/re46xx/official_2021_end_of_year_salary_sharing_thread/hq4wr5n/,t3_re46xx,itaintmeeeeeee,2021-12-27T11:24:09.000Z,1,"•	⁠Title: Data Science Specialist 

•	⁠Tenure length: just promoted

•	⁠Location: India 

•	⁠Salary: 37k USD from Jan, 31k in 2021

•	⁠Company/Industry: Consulting MBB

•	⁠Education: Bachelors in Engineering 
(Electronics)

•	⁠Prior Experience: total 4.5 years (1.5 as Jr Analyst, 2 as Analyst and 1 as Sr Analyst)- all in DS domain

•	⁠Total comp: 45k USD",,India,India,,"Total 4.5 years (1.5 as Jr Analyst, 2 as Analyst, 1 as Sr Analyst) - all in DS domain",,,,,re46xx,[Official] 2021 End of Year Salary Sharing thread,https://www.reddit.com/r/datascience/comments/re46xx/official_2021_end_of_year_salary_sharing_thread/
True,Data Scientist,,< 1yr,185000.0,USD,Big Fintech,Bachelor's,30000.0,"In theory $320k/4 years options + 10% performance bonus, but company stock has been tanking",315000.0,,t1_hobzxb8,https://www.reddit.com/r/datascience/comments/re46xx/official_2021_end_of_year_salary_sharing_thread/hobzxb8/,t3_re46xx,Miserycorde,2021-12-13T03:04:44.000Z,1,"**Title**: Data Scientist  
**Tenure length**: &lt; 1yr  
**Location:** NYC  
**Salary**: $185,000  
**Company/Industr**y: Big Fintech  
**Education**: Bachelor's  
**Prior Experience**: 2yrs consumer goods startup, 1.5 years healthtech startup  
**Relocation/Signing Bonus:** $30,000  
**Stock and/or recurring bonuses**: in theory $320k/4 years options + 10% performance bonus but company stock has kinda been tanking so we'll see

   
**Total comp**: $315,000?",,NYC,United States,New York City,"2yrs consumer goods startup, 1.5 years healthtech startup",,,,,re46xx,[Official] 2021 End of Year Salary Sharing thread,https://www.reddit.com/r/datascience/comments/re46xx/official_2021_end_of_year_salary_sharing_thread/
True,Product Owner,,1 year 3 months,100000.0,USD,Big Pharma,Finish my MS in Data Science July 2022,0.0,0,100000.0,Will transition into Associate Data Scientist within a year.,t1_ho6x5gs,https://www.reddit.com/r/datascience/comments/re46xx/official_2021_end_of_year_salary_sharing_thread/ho6x5gs/,t3_re46xx,onetwo3onetwo3,2021-12-12T01:23:16.000Z,1,"* **Title:** Product Owner / will transition into Associate Data Scientist within a year

* **Tenure length:** 1 year 3 months
* **Location:** NJ / remote
* **Salary:** $100k
* **Company/Industry:** Big Pharma
* **Education:** Finish my MS in Data Science July 2022

* **Prior Experience:** 4yrs split between Finance and Real Estate Analytics
* **Relocation/Signing Bonus:** 0
* **Stock and/or recurring bonuses:** 0
* **Total comp:** \~$100k",True,NJ / remote,United States,,4yrs split between Finance and Real Estate Analytics,,,,,re46xx,[Official] 2021 End of Year Salary Sharing thread,https://www.reddit.com/r/datascience/comments/re46xx/official_2021_end_of_year_salary_sharing_thread/
True,Data science manager,,2 years,190000.0,,ad tech,"PhD, computer science",,"profit sharing, ~$20k annually",210000.0,,t1_ho69v2x,https://www.reddit.com/r/datascience/comments/re46xx/official_2021_end_of_year_salary_sharing_thread/ho69v2x/,t3_re46xx,general_luto,2021-12-11T22:23:44.000Z,4,"Title: Data science manager

 • Tenure length: 2 years

 • Location: fully remote

 • Salary: $190k

 • Company/Industry: ad tech

 • Education: PhD, computer science

 • Prior Experience: 5 years as a data scientist

 • Relocation/Signing Bonus: n/a

 • Stock and/or recurring bonuses: profit sharing, ~$20k annually

 • Total comp: $210k",True,fully remote,,,5 years as a data scientist,,,,,re46xx,[Official] 2021 End of Year Salary Sharing thread,https://www.reddit.com/r/datascience/comments/re46xx/official_2021_end_of_year_salary_sharing_thread/
True,,,,,CAD,,,,,108000.0,"Total compensation specified as CAD, not USD.",t1_hofw669,https://www.reddit.com/r/datascience/comments/re46xx/official_2021_end_of_year_salary_sharing_thread/hofw669/,t3_re46xx,lowballed_2021,2021-12-13T23:13:42.000Z,1,"May want to check your unit conversions again - my total comp is $108K CAD, not USD.",,,,,,,,,,re46xx,[Official] 2021 End of Year Salary Sharing thread,https://www.reddit.com/r/datascience/comments/re46xx/official_2021_end_of_year_salary_sharing_thread/
True,Data Science,,3 years,29850.0,CNY,TMD,MS,,,,,t1_htg14j4,https://www.reddit.com/r/datascience/comments/re46xx/official_2021_end_of_year_salary_sharing_thread/htg14j4/,t3_re46xx,CapAllenGo,2022-01-20T11:09:28.000Z,1,"* **Title:** Data Science 
* **Tenure length:** 3yrs
* **Location:** CN
   * **$Remote:**
* **Salary:** $29,850
* **Company/Industry:** TMD 
* **Education:** MS",,CN,China,,,,,,,re46xx,[Official] 2021 End of Year Salary Sharing thread,https://www.reddit.com/r/datascience/comments/re46xx/official_2021_end_of_year_salary_sharing_thread/
True,Data Analyst II,,,107000.0,USD,Fintech startup,Bachelor's in Business analytics,0.0,107k / 4 RSU,133000.0,,t1_hp3hy42,https://www.reddit.com/r/datascience/comments/re46xx/official_2021_end_of_year_salary_sharing_thread/hp3hy42/,t3_re46xx,ascamthrowaway,2021-12-18T22:07:08.000Z,1,"* Title: Data Analyst II
* Location: Remote (KC)
* Salary: 107k
* Company/Industry: Fintech startup
* Education: Bachelor's in Business analytics
* Prior Expereience:
   * 1 internship at local company
   * Marketing analyst at local company (60k TC)
* Relocation/Signing Bonus: none
* Stock and or recurring bonuses: 107k / 4 RSU
* Total Comp: 133k",True,Remote (KC),United States,Kansas City,1 internship at local company; Marketing analyst at local company (60k TC),True,,,,re46xx,[Official] 2021 End of Year Salary Sharing thread,https://www.reddit.com/r/datascience/comments/re46xx/official_2021_end_of_year_salary_sharing_thread/
True,Senior Data Scientist,Senior,5 Years,120000.0,USD,Retail/Marketing,"STEM undergrad, MS Business Analytics",5000.0,"~20K stocks, ~20K bonus",140000.0,,t1_hq6taxp,https://www.reddit.com/r/datascience/comments/re46xx/official_2021_end_of_year_salary_sharing_thread/hq6taxp/,t3_re46xx,waghkunal93,2021-12-27T20:31:28.000Z,2,"* **Title:** Senior Data Scientist
* **Tenure length:** 5 Years
* **Location:** Atlanta, US
* **$Remote:** Yes
* **Salary:** $120k
* **Company/Industry:** Retail/Marketing
* **Education:** STEM undergrad, MS Business Analytics 
* **Prior Experience:** 2 years Senior Analyst, 2 years DS, 1 year SDS
* **$Internship:** None
* **$Coop:** None
* **Relocation/Signing Bonus:** $5k
* **Stock and/or recurring bonuses:** ~20K stocks, ~20K bonus
* **Total comp:** ~$140K",True,"Atlanta, US",United States,Atlanta,"2 years Senior Analyst, 2 years DS, 1 year SDS",False,False,,,re46xx,[Official] 2021 End of Year Salary Sharing thread,https://www.reddit.com/r/datascience/comments/re46xx/official_2021_end_of_year_salary_sharing_thread/
True,Data Scientist,,2.5 years in current role,203000.0,USD,FAANG/Tech,Masters Economics,20000.0,$400k initial sign-on equity grant; ~$100k in RSU grants per year; 15% annual bonus; Equity vests equally over 4 years starting immediately.,350000.0,Relocation fully handled plus three months rent covered (approximately $25k; imputed taxes around that amount). Total comp noted as ~$350k at current stock price and was ~$450k about six months ago.,t1_ie2f0s5,https://www.reddit.com/r/datascience/comments/re46xx/official_2021_end_of_year_salary_sharing_thread/ie2f0s5/,t3_re46xx,CorrectStyle7384,2022-06-28T15:41:36.000Z,2,"- Title: Data Scientist
- Tenure Length: 2.5 years in current role
- Location: Seattle (100% remote)
- Salary: $203k
- Company/Industry: FAANG/Tech
- Education: Masters Economics
- Prior Experience: 5 years (3 at very large public retailers, 1 at tech-unicorn now public, 1.5 at a e-commerce startup). Interned at the retail company for 2 semesters of masters before being hired full time.
- Relocation/Signing Bonus: relo fully handled plus three months rent (probably ~$25k imputed taxes were around that) and bd $20k signing bonus.
- Stock and Bonus: $400k initial sign on equity grant, ~$100k RSU grants per year, 15% annual bonus. Equity on 4 year equal vesting starting immediately.
- Total Comp: Current stock price ~$350k, 6 month a ago stock price ~$450k 😅.",True,Seattle (100% remote),United States,Seattle,"5 years total (3 at very large public retailers, 1 at tech-unicorn now public, 1.5 at an e-commerce startup). Interned at the retail company for 2 semesters of masters before being hired full time.",True,,,,re46xx,[Official] 2021 End of Year Salary Sharing thread,https://www.reddit.com/r/datascience/comments/re46xx/official_2021_end_of_year_salary_sharing_thread/
True,Data Scientist,,2 yoe,2000000.0,INR,large corporate in Telecomm,Post graduate program in Data Science,,15% bonus; no stock,2000000.0,80% WFH; Coop: None; Relocation/Signing Bonus: None,t1_hr7bo0m,https://www.reddit.com/r/datascience/comments/re46xx/official_2021_end_of_year_salary_sharing_thread/hr7bo0m/,t3_re46xx,nerd_lad,2022-01-04T11:54:08.000Z,1,"• Title: Data Scientist

•Tenure length: 2 yoe

• Location: India(Mumbai)

• Remote: 80% WFH

• Salary: 20,00,000 INR (15% bonus)

• Company/Industry:  large corporate in Telecomm 

• Education: Post graduate program in Data Science

• Prior Experience: First job

• Internship: 6 months in same organization

• Coop: None

• Relocation/Signing Bonus: None

• Stock and/or recurring bonuses:None

• Total comp:  20,00,000 INR",True,India(Mumbai),India,Mumbai,First job,True,False,,,re46xx,[Official] 2021 End of Year Salary Sharing thread,https://www.reddit.com/r/datascience/comments/re46xx/official_2021_end_of_year_salary_sharing_thread/
True,Data Scientist/Analytics Specialist,,6 months,,,Consulting,BA+MS,,,120000.0,"Post lists 'Salary: TC $110000' and 'Total comp: 120,000' (possible discrepancy). Remote role.",t1_hqz00pm,https://www.reddit.com/r/datascience/comments/re46xx/official_2021_end_of_year_salary_sharing_thread/hqz00pm/,t3_re46xx,townviz,2022-01-02T19:35:24.000Z,1,"Title: Data Scientist/Analytics Specialist

Tenure length: 6 months

Location: Remote

Salary: TC $110000

Company/Industry: Consulting

Education: BA+MS

Prior Experience: Healthcare and Academic Research

$Internship FDA fellowship

Total comp: 120,000",True,Remote,,,Healthcare and Academic Research; FDA fellowship,True,,,,re46xx,[Official] 2021 End of Year Salary Sharing thread,https://www.reddit.com/r/datascience/comments/re46xx/official_2021_end_of_year_salary_sharing_thread/
True,Senior Data Analyst,Senior,2 months,130000.0,AUD,BIG 4 Bank in Australia,Bachelors in an unrelated field,,20000 AUD,150000.0,Remote: working remotely,t1_hokyfnj,https://www.reddit.com/r/datascience/comments/re46xx/official_2021_end_of_year_salary_sharing_thread/hokyfnj/,t3_re46xx,kromlord,2021-12-15T00:28:58.000Z,1,"Title: Senior Data Analyst
Tenure length: 2 months 
Location: Sydney, Australia
$Remote: working remotely 
Salary: $130,000 AUD
Company/Industry:  BIG 4 Bank in Australia 
Education: Bachelors in an unrelated field
Prior Experience: 8 yrs in another bank in various Data Analytics and PM roles
$Internship: NA
Relocation/Signing Bonus: NA
Stock and/or recurring bonuses: $20,000 AUD

Total comp: ~$150,000 AUD",True,"Sydney, Australia",Australia,Sydney,8 yrs in another bank in various Data Analytics and PM roles,,,,,re46xx,[Official] 2021 End of Year Salary Sharing thread,https://www.reddit.com/r/datascience/comments/re46xx/official_2021_end_of_year_salary_sharing_thread/
True,Senior Data Scientist,Senior,< 6 months,160000.0,USD,Games,PhD,20000.0,60000 / 3 year vest + 24000 annual bonus,220000.0,,t1_hoee6yg,https://www.reddit.com/r/datascience/comments/re46xx/official_2021_end_of_year_salary_sharing_thread/hoee6yg/,t3_re46xx,Sannish,2021-12-13T17:07:04.000Z,2,"- Title: Senior Data Scientist
- Tenure length: &lt; 6 months
- Location: West Coast
    - $Remote: fully remote
- Salary: $160,000
- Company/Industry: Games
- Education: PhD
- Prior Experience: 7 years industry
    - $Internship: None
    - $Coop: None
- Relocation/Signing Bonus: $20,000 cash
- Stock and/or recurring bonuses: $60,000 / 3 year vest + $24,000 annual bonus
- Total comp: $220,000",True,West Coast,United States,,7 years industry,False,False,,,re46xx,[Official] 2021 End of Year Salary Sharing thread,https://www.reddit.com/r/datascience/comments/re46xx/official_2021_end_of_year_salary_sharing_thread/
True,Client Insights Consultant,,4.5 years,152000.0,USD,"Market Research, Consumer Goods Industry",Masters,,Recurring bonus: 15000,167000.0,,t1_hs77aj7,https://www.reddit.com/r/datascience/comments/re46xx/official_2021_end_of_year_salary_sharing_thread/hs77aj7/,t3_re46xx,jarena009,2022-01-11T12:42:19.000Z,1,"* **Title:** Client Insights Consultant
* **Tenure length:** 4.5 years
* **Location:** New Jersey, USA
* **Salary:** $152,000
* **Company/Industry:** Market Research, Consumer Goods Industry
* **Education**: Masters
* **Prior Experience:** 14 years total
* **Recurring bonuses:** $15,000
* **Total comp:** $167,000",,"New Jersey, USA",United States,,14 years total,,,,,re46xx,[Official] 2021 End of Year Salary Sharing thread,https://www.reddit.com/r/datascience/comments/re46xx/official_2021_end_of_year_salary_sharing_thread/
True,Data Scientist - NLP,,0 (starting next year),120000.0,USD,Healthcare Consulting,MS,0.0,ESPP; 10% merit bonus,140000.0,,t1_hoe4xva,https://www.reddit.com/r/datascience/comments/re46xx/official_2021_end_of_year_salary_sharing_thread/hoe4xva/,t3_re46xx,[deleted],2021-12-13T16:06:08.000Z,2,"* Title: Data Scientist - NLP
* Tenure Length: 0, starting next year
* Location: SoCal
   * $Remote: fully remote
* Salary: $120,000
* Company/Industry: Healthcare Consulting
* Education: MS
* Prior Experience: 6 years as data analyst
* Relocation/Signing Bonus: None
* Stock and/or recurring bonuses: does ESPP count? 10% merit bonus
* Total Comp: $140,000",True,SoCal,United States,,6 years as data analyst,,,,,re46xx,[Official] 2021 End of Year Salary Sharing thread,https://www.reddit.com/r/datascience/comments/re46xx/official_2021_end_of_year_salary_sharing_thread/
True,Data Scientist,,6 months,130000.0,,Data science consulting agency,"Bachelor's, Applied Mathematics",,10% annual bonus,132600.0,"Benefits: $2,000 annual allowance for career/professional development, $50/month technology usage stipend, unlimited PTO.",t1_ht8njfy,https://www.reddit.com/r/datascience/comments/re46xx/official_2021_end_of_year_salary_sharing_thread/ht8njfy/,t3_re46xx,elocin910,2022-01-18T22:39:56.000Z,1,"* **Title**: Data Scientist
* **Tenure Length**: 6 months
* **Location**: Fully remote
* **Salary**: $130,000
* **Company/Industry**: Data science consulting agency
* **Education**: Bachelor's, Applied Mathematics
* **Prior Experience**: 1y Associate DS, 1.5y DS at an insurance company
* **Relocation/Signing Bonus**: None
* **Stock and/or recurring bonuses**: 10% annual bonus
* **Benefits**: $2,000 annual allowance for career/professional development, $50/month for technology usage expenses, unlimited PTO
* **Total comp**: $132,600",True,Fully remote,,,"1y Associate DS, 1.5y DS at an insurance company",,,,,re46xx,[Official] 2021 End of Year Salary Sharing thread,https://www.reddit.com/r/datascience/comments/re46xx/official_2021_end_of_year_salary_sharing_thread/
True,"Data Analyst, Supply Chain",,3 years,80000.0,USD,Utilities,"MS, Mathematics",,10-20% recurring bonus based on individual and company performance; typically 15-17%. No stock mentioned.,,"Reported total compensation range: $92-94k. Works hybrid: in office 1 day/week. Traded base pay for business experience, opportunities for advancement, and more downtime. Only complaint: customers ask questions they should be able to answer themselves but this is improving. Team is new; org didn’t adopt naming conventions.",t1_htmfyyz,https://www.reddit.com/r/datascience/comments/re46xx/official_2021_end_of_year_salary_sharing_thread/htmfyyz/,t3_re46xx,TopIndependent3143,2022-01-21T17:28:11.000Z,1,"**Title:** Data Analyst, Supply Chain \[New team, Org didn't adopt naming conventions QQ\]

**Tenure length:** 3 years

* **Details:** 1 year Data Science internship during MS, then 18 month as Data Scientist IC (47.50/hr) after graduating.

**Location:** Atlanta, GA

* **$Remote:** Currently in office 1 day/week

**Salary:** $80,000

**Company/Industry:** Utilities

**Education:** MS, Mathematics

**Prior Experience:** Internship in Data Science group at N\*\*\*\*\*n and research experience in combinatorics, numerical analysis, computational musicology and data science (for cows!)

**Stock and/or recurring bonuses:** 10-20% based on individual and company performance, tends to be 15-17%.

**Total comp:** $92-94,000

Traded base pay for business experience, opportunities for advancement, and more downtime. Only real complaint is that my customers ask questions they should be able to answer themselves but that seems to be changing slowly.",True,"Atlanta, GA",United States,Atlanta,"1 year Data Science internship during MS; 18 months as Data Scientist IC ($47.50/hr) after graduating; Internship in Data Science group at N*****n; Research experience in combinatorics, numerical analysis, computational musicology, and data science (for cows!)",True,,,,re46xx,[Official] 2021 End of Year Salary Sharing thread,https://www.reddit.com/r/datascience/comments/re46xx/official_2021_end_of_year_salary_sharing_thread/
True,Decision Scientist,,1 year,86000.0,USD,small/medium tech company,masters in data science,0.0,"1k in stock options, 4k in bonuses",90000.0,,t1_htiguj3,https://www.reddit.com/r/datascience/comments/re46xx/official_2021_end_of_year_salary_sharing_thread/htiguj3/,t3_re46xx,Vietnamaste,2022-01-20T21:29:31.000Z,1,"Title: Decision Scientist
Tenure length: 1 year
Location: Denver office, working remotely
Salary: 86000
Company/Industry: small/medium tech company 
Education: masters in data science
Prior Experience: none,  started this right out of school
Relocation/Signing Bonus: none
Stock and/or recurring bonuses: 1k in stock options, 4k in bonuses
Total comp: 90000",True,"Denver office, working remotely",United States,Denver,"none, started this right out of school",,,,,re46xx,[Official] 2021 End of Year Salary Sharing thread,https://www.reddit.com/r/datascience/comments/re46xx/official_2021_end_of_year_salary_sharing_thread/
True,Research Associate,,4 months,63000.0,CAD,Marketing Insights and Analytics,"Master of Spatial Analysis, HBA in City Studies, Applied Stats and GIS",,,,Remote until further notice,t1_ho9bu7l,https://www.reddit.com/r/datascience/comments/re46xx/official_2021_end_of_year_salary_sharing_thread/ho9bu7l/,t3_re46xx,SojuCondo,2021-12-12T15:55:48.000Z,2,"* **Title:** Research Associate
* **Tenure length:** 4 months
* **Location:** Toronto
   * **Remote:** Yes until further notice
* **Salary:** 63K CAD
* **Company/Industry:** Marketing Insights and Analytics
* **Education:** Master of Spatial Analysis, HBA in City Studies, Applied Stats and GIS
* **Prior Experience:**
   * Internship: 4 months research assistant, 4 month practicum, 4 months paid internship",True,Toronto,Canada,Toronto,"Internship: 4 months research assistant, 4 month practicum, 4 months paid internship",True,,,,re46xx,[Official] 2021 End of Year Salary Sharing thread,https://www.reddit.com/r/datascience/comments/re46xx/official_2021_end_of_year_salary_sharing_thread/
True,junior data scientist,Junior,2.75 years,120000.0,PKR,data science services (software house),"B.SC in math, minor in comp sci from an american uni",,,120000.0,"Compensation stated as per month. No bonuses or equity. Fully remote from Karachi, Pakistan.",t1_hoegapz,https://www.reddit.com/r/datascience/comments/re46xx/official_2021_end_of_year_salary_sharing_thread/hoegapz/,t3_re46xx,samrus,2021-12-13T17:21:11.000Z,2,"title: junior data scientist

tenure length: 2.75 years

location: karachi pakistan (fully remote)

salary: 120,00 PKR/month

industry: data science services (software house)

education: B.SC in math, minor in comp sci from an american uni

prior experience: none, some non data science related internships in college

relocation/signing bonus: none

stock and/or recurring bonuses: none

total comp: 120,000 PKR/month",True,karachi pakistan (fully remote),Pakistan,Karachi,"none, some non data science related internships in college",True,,,,re46xx,[Official] 2021 End of Year Salary Sharing thread,https://www.reddit.com/r/datascience/comments/re46xx/official_2021_end_of_year_salary_sharing_thread/
True,Data Specialist (bit of a hybrid between analyst/engineer/jr. software dev),,~.5 year,80000.0,USD,E-commerce,BS Stats,,$3000 EOY bonus for 2021,83000.0,Also had 1 extended research experience.,t1_hoep5bs,https://www.reddit.com/r/datascience/comments/re46xx/official_2021_end_of_year_salary_sharing_thread/hoep5bs/,t3_re46xx,mrdsthroway12,2021-12-13T18:19:25.000Z,1,"* **Title:** Data Specialist (bit of a hybrid between analyst/engineer/jr. software dev)
* **Tenure length:** \~.5 year
* **Location:** Chicago
   * **Remote:** Hybrid
* **Salary:** $80,000
* **Company/Industry:** E-commerce
* **Education:** BS Stats
* **Prior Experience:** \~1 year in Analyst role
   * **Internship:** 1 internship, 1 extended research
* **Stock and/or recurring bonuses:** $3000 EOY bonus for 2021
* **Total comp:** $83,000",True,Chicago,United States,Chicago,~1 year in Analyst role,True,,,,re46xx,[Official] 2021 End of Year Salary Sharing thread,https://www.reddit.com/r/datascience/comments/re46xx/official_2021_end_of_year_salary_sharing_thread/
True,"Director, Data Science",Director,4 years,147000.0,,Digital healthcare,"BS, Biology; MS, Wildlife and Fisheries Sciences",0.0,$0,154000.0,We were acquired 2 years ago; I had been with the company two years before acquisition. Total comp includes shitty 401K matching.,t1_hstztdu,https://www.reddit.com/r/datascience/comments/re46xx/official_2021_end_of_year_salary_sharing_thread/hstztdu/,t3_re46xx,MattDamonsTaco,2022-01-15T23:53:40.000Z,2,"* **Title**: Director, Data Science
* **Tenure length**: 4 years (we were acquired 2 years ago; I had been with the company two years before acquisition)
* **Location**: Fully remote
* **Salary**: $147,000
* **Company/Industry:** Digital healthcare
* **Education**: BS, Biology; MS, Wildlife and Fisheries Sciences
* **Prior Experience**:  9 years in research, statistics, biostatistics, and financial/management consultation
* **Relocation/Signing Bonus:** $0
* **Stock and/or recurring bonuses**: $0
* **Total comp**: \~$154K with shitty 401K matching",True,Fully remote,,,"9 years in research, statistics, biostatistics, and financial/management consultation",,,,,re46xx,[Official] 2021 End of Year Salary Sharing thread,https://www.reddit.com/r/datascience/comments/re46xx/official_2021_end_of_year_salary_sharing_thread/
True,Data Scientist,,1 year,95000.0,USD,Startup,PhD,0.0,$30k,120000.0,,t1_hpirxyo,https://www.reddit.com/r/datascience/comments/re46xx/official_2021_end_of_year_salary_sharing_thread/hpirxyo/,t3_re46xx,madbadanddangerous,2021-12-22T05:02:52.000Z,1," • Title: Data Scientist 

 • Tenure length: 1 year

 • Location: Denver

 • Salary: $95k

 • Company/Industry: Startup 

 • Education: PhD

 • Prior Experience: 2 years at different startup between M.S. and PhD, 1 year postdoc AI/ML at National Laboratory 

 • Relocation/Signing Bonus: $0

 • Stock and/or recurring bonuses: $30k

 • Total comp: $120k",,Denver,United States,Denver,"2 years at different startup between M.S. and PhD, 1 year postdoc AI/ML at National Laboratory",,,,,re46xx,[Official] 2021 End of Year Salary Sharing thread,https://www.reddit.com/r/datascience/comments/re46xx/official_2021_end_of_year_salary_sharing_thread/
True,Analytics Manager,,1y3m,132000.0,USD,"Big box retail, ecommerce division","BA Communications, BS Psychology",0.0,10%+ annual bonus; Stock options with 4-year monthly vesting worth 10%+ of base salary,160000.0,"Full remote optional; 7 internships, all in digital marketing",t1_hobrm3t,https://www.reddit.com/r/datascience/comments/re46xx/official_2021_end_of_year_salary_sharing_thread/hobrm3t/,t3_re46xx,Deray22,2021-12-13T02:01:58.000Z,2,"•	⁠Title: Analytics Manager 

•	⁠Tenure length:1y3m

•	⁠Location: Atlanta (with full remote optional)

•	⁠Salary: $132k

•	⁠Company/Industry: Big box retail, ecommerce division

•	⁠Education: BA Communications, BS Psychology

•	⁠Prior Experience: 2 years auto industry sales   analyst, 4 years digital/product analytics (senior analyst/lead analyst)

	⁠•	⁠$Internship: 7 internships, but all digital marketing 

•	⁠Relocation/Signing Bonus: None

•	⁠Stock and/or recurring bonuses:

	⁠•	⁠10% or greater annual bonus

	⁠•	⁠Stock options (4 year monthly vesting) worth 10% or more base salary 

•	⁠Total Comp: ~$160k",True,Atlanta (with full remote optional),United States,Atlanta,2 years auto industry sales analyst; 4 years digital/product analytics (senior analyst/lead analyst),True,,,,re46xx,[Official] 2021 End of Year Salary Sharing thread,https://www.reddit.com/r/datascience/comments/re46xx/official_2021_end_of_year_salary_sharing_thread/
True,Senior Analytics Analyst,Senior,2.5 yrs,95000.0,USD,Financial Services & Banking,BS in Applied Math & BBA Economics,,"ESPP (company stock at 15% discount, optional); ~15000 company and individual performance-based bonus.",110000.0,"$5,250 education reimbursement per year for a non-DS quant Master's pursued part-time; currently self-learning coding/GitHub/Jupyter Notebooks and building a project portfolio. Remote currently, expected to return to office eventually in the same Southwest MCOL area.",t1_hsm8d2y,https://www.reddit.com/r/datascience/comments/re46xx/official_2021_end_of_year_salary_sharing_thread/hsm8d2y/,t3_re46xx,AspiringGrad20,2022-01-14T11:44:42.000Z,2,"**Title:** Senior Analytics Analyst

**Tenure:** 2.5 yrs

**Location:** Southwest US

**Remote:** Currently yes but expected to eventually go back to the office. Same Southwest MCOL area.

**Salary:** ~$95K base , ~$15K bonus (company and individual performance combined)

**Company/Industry:** Financial Services &amp; Banking 

**Education:** BS in Applied Math &amp; BBA Economics

**Prior Experience:** Data Analyst/Sr. Data Analyst in Insurance (3.5 years) and Healthcare (2 years)

   **Internship/Coop:** Risk Analytics co-op while in college (1 yr included in above experience)

**Relocation/Signing Bonus:** None

**Stock/Recurring Bonuses:** ESPP (company stock @15% discount, optional), ~$15K company and performance based bonus.

**Total Comp:** ~$110K

**Additional Comp:** $5,250 education reimbursement per year for a non-DS quant Masters that I am currently pursuing part-time. It will put me in a position for a DS role once I graduate. I am self-learning more coding/GitHub/Jupyter Notebooks and building a project portfolio.",True,Southwest US,United States,,"Data Analyst/Sr. Data Analyst in Insurance (3.5 years) and Healthcare (2 years); Risk Analytics co-op while in college (1 year, included in above).",,True,,,re46xx,[Official] 2021 End of Year Salary Sharing thread,https://www.reddit.com/r/datascience/comments/re46xx/official_2021_end_of_year_salary_sharing_thread/
True,Principal Business Intelligence Engineer,Principal,Just started,200000.0,USD,Well Funded Tech Startup,Masters,,25% annual bonus (depends on company performance); XXXX stock package (4 year vest),270000.0,,t1_ht5mmkt,https://www.reddit.com/r/datascience/comments/re46xx/official_2021_end_of_year_salary_sharing_thread/ht5mmkt/,t3_re46xx,ShowMeDaData,2022-01-18T08:57:01.000Z,1,"* **Title:** Principal Business Intelligence Engineer
* **Tenure length:** Just started
* **Location:** Chicago
   * $**Remote:** Full Time Remote
* **Salary:** $200,000
* **Company/Industry:** Well Funded Tech Startup
* **Education:** Masters
* **Prior Experience:** 6 years at FAANG, 4 years at Big 4 consulting firm
* **Stock and/or recurring bonuses:**
   * 25% annual bonus (depends on company performance)
   * XXXX stock package (4 year vest)
* **Total comp:** $270,000",True,Chicago,United States,Chicago,"6 years at FAANG, 4 years at Big 4 consulting firm",,,,,re46xx,[Official] 2021 End of Year Salary Sharing thread,https://www.reddit.com/r/datascience/comments/re46xx/official_2021_end_of_year_salary_sharing_thread/
True,Senior Data scientist,Senior,,150000.0,USD,Sales and marketing for a big tech company,MS,,8% annual bonus; 7k towards 401k (employer contribution/match),,Just got this offer a few days back.,t1_hoc4bep,https://www.reddit.com/r/datascience/comments/re46xx/official_2021_end_of_year_salary_sharing_thread/hoc4bep/,t3_re46xx,Love_Tech,2021-12-13T03:38:52.000Z,1,"Title: Senior Data scientist

YOE: about 5 years

Location: Remote(midwest Lcol city) 

Salary: 150k base.

Company: Sales and marketing for a big tech company.

Education: MS 

Prior exp: Just got this offer few days back. 
Before I worked in a start up for 3.5 years. I was the only DS in the company so responsible for everything related to data like getting requirement to model building to putting into production. Before that worked as a DS for a top automaker and an IT company. 

Internship: summer internship as a DS for an e-commerce firm.

Bonus: 8% and 7k towards 401k.",True,Remote(midwest Lcol city),United States,,About 5 YOE. 3.5 years at a startup as the sole DS handling end-to-end (requirements to production). Previously DS at a top automaker and an IT company.,True,,,,re46xx,[Official] 2021 End of Year Salary Sharing thread,https://www.reddit.com/r/datascience/comments/re46xx/official_2021_end_of_year_salary_sharing_thread/
True,Senior Product Scientist,Senior,8 months,120000.0,USD,Tech,BS Business Admin undergrad + 3 month DS Immersive Bootcamp,,"10% - 15% quarterly bonus (performance based); $70,000 in RSUs, 4-year rolling vesting (user notes: thinks 10% vests in year 2, 25% in year 3, etc.)",,"Total compensation approximately $150,000 - $160,000 depending on performance. Currently remote and staying with family in the North East US.",t1_hoeb096,https://www.reddit.com/r/datascience/comments/re46xx/official_2021_end_of_year_salary_sharing_thread/hoeb096/,t3_re46xx,Chicken_McWhoCares,2021-12-13T16:46:24.000Z,1,"- Title: Senior Product Scientist
- Tenure length: 8 months
- Location: Austin, TX
    - $Remote: currently with family in the North East US. 
- Salary: $120,000
- Industry: Tech
- Education: BS Business Admin undergrad + 3 month DS Immersive Bootcamp
- Prior Experience: 4 years Business Intelligence (basic linear modeling on occasion). 
- Relocation/signing bonus: None
- Stock and/or recurring bonuses:
     - 10% - 15% quarterly bonus (performance based) 
     - $70,000 in Restricted Stock Units, rolling 4 vesting (I think 10% vests in year 2, 25% in year 3, etc. ). 
- Total comp: ~$150,000 - $160,000 (depending on Performance).",True,"Austin, TX",United States,Austin,4 years Business Intelligence (basic linear modeling on occasion),,,,,re46xx,[Official] 2021 End of Year Salary Sharing thread,https://www.reddit.com/r/datascience/comments/re46xx/official_2021_end_of_year_salary_sharing_thread/
True,Data Scientist,,1 yr,1200000.0,INR,Alshaya - Retail,Bachelors in Engineering,0.0,,1500000.0,Hybrid: weekly once need to work from office to work on Lab systems. USD equivalents mentioned: $15.8k salary and $19.7k total comp.,t1_hovki4u,https://www.reddit.com/r/datascience/comments/re46xx/official_2021_end_of_year_salary_sharing_thread/hovki4u/,t3_re46xx,nitz_d_blitz,2021-12-17T04:27:08.000Z,1,"Title: Data Scientist  
  
Tenure length: 1 yr  
  
Location: Bangalore (India)  
  
$Remote: weekly once need to work from office to work on Lab systems  
  
Salary: ₹12,00,000 pa $15.8k pa  
  
Company/Industry: Alshaya - Retail  
  
Education: Bachelors in Engineering  
  
Prior Experience: Tesco - Retail 5.5 years  
  
$Internship - none  
  
$Coop - none  
  
Relocation/Signing Bonus: none  
  
Stock and/or recurring bonuses:  
  
Total comp:  ₹15,00,000 pa $19.7k pa",True,Bangalore (India),India,Bengaluru,Tesco - Retail 5.5 years,False,False,,,re46xx,[Official] 2021 End of Year Salary Sharing thread,https://www.reddit.com/r/datascience/comments/re46xx/official_2021_end_of_year_salary_sharing_thread/
True,Senior Data Scientist,Senior,"2.5 years full-time, 6 months part-time, summer (3 months) intern",115000.0,USD,Major financial services company,"undergrad math, MS in Statistical Practice (DS from stats perspective basically)",,Eligible for 20% bonus (typically 18-19% paid). Retention bonus expected to raise total comp by ~$5-10k in 2023 and 2024 if still employed.,135000.0,Since March 2020 fully remote; company states they want at least part-time in-office. No signing/relocation bonus.,t1_hr2wdxb,https://www.reddit.com/r/datascience/comments/re46xx/official_2021_end_of_year_salary_sharing_thread/hr2wdxb/,t3_re46xx,ds2019_sharing,2022-01-03T15:14:25.000Z,1,"Third year using this throwaway account, yay anniversary. Got a bit of a bump since last year

&amp;#x200B;

**Title:** Senior Data Scientist  
  
**Tenure length:** 2.5 years full-time, 6 months part-time, summer (3 months) intern  
  
**Location:** Boston  
  
**Remote:** Since March 2020, fully remote. Hoping to remain that way, but officially they still say they want people back in the office at least part-time  
  
**Salary:** $115k  
  
**Company/Industry:** Major financial services company  
  
**Education:** undergrad math, MS in Statistical Practice (DS from stats perspective basically)  
  
**Prior Experience:** pre-DS career teaching, grad school projects, internship  
  
**Internship:** At same company, in the same group I was eventually hired by  
  
**Relocation/Signing Bonus:** Haha no  
  
**Stock and/or recurring bonuses:** Eligible for 20% bonus (which means I get 18-19%) and got a sort of retention bonus that'll raise by total comp \~$5-10k in 2023 and 2024 if I'm still around  
  
**Total comp:** for 2022, expecting around $135k",True,Boston,United States,Boston,"Pre-DS career teaching, grad school projects, internship; internship at same company and group later joined",True,,,,re46xx,[Official] 2021 End of Year Salary Sharing thread,https://www.reddit.com/r/datascience/comments/re46xx/official_2021_end_of_year_salary_sharing_thread/
True,MLOps Engineer,,Just starting,70000.0,EUR,Steel Industry,Almost MSc (Big Data); BA Economics,,,,Relocation: Yes,t1_ht0oaz6,https://www.reddit.com/r/datascience/comments/re46xx/official_2021_end_of_year_salary_sharing_thread/ht0oaz6/,t3_re46xx,themeansquare,2022-01-17T08:57:39.000Z,2,"* Title: MLOps Engineer  

* Tenure length: Just starting  

* Location: Berlin, Germany(Hybrid. mostly remote currently)  

* Salary: ´€70K  

* Company/Industry: Steel Industry  

* Education: Almost MSc(Big Data), \[BA Economics\]  

* Prior Experience: Data related jobs(DA,DS,DE,ML) for 3 years

&amp;#x200B;

* Relocation : Yes",True,"Berlin, Germany(Hybrid. mostly remote currently)",Germany,Berlin,"Data related jobs (DA, DS, DE, ML) for 3 years",,,,,re46xx,[Official] 2021 End of Year Salary Sharing thread,https://www.reddit.com/r/datascience/comments/re46xx/official_2021_end_of_year_salary_sharing_thread/
True,Senior Data Scientist,Senior,3 years,115000.0,USD,financial services,"MS, MBA",,16% annual bonus (depending on performance),130000.0,,t1_ho6yot7,https://www.reddit.com/r/datascience/comments/re46xx/official_2021_end_of_year_salary_sharing_thread/ho6yot7/,t3_re46xx,mean-sharky,2021-12-12T01:35:54.000Z,2,"- Title: Senior Data Scientist
  
- Tenure length: 3 years
  
- Location: lcol midwest
  
- Remote: optional
  
- Salary: 115,000
  
- Company/Industry: financial services
  
- Education: MS, MBA
  
- Prior experience: BI
  
- Internship: no
  
- Relocation/Signing Bonus: no
  
- Stock and/or recurring bonuses:
 16% annual bonus (depending on performance)
  
- Total comp: \~130,000",True,lcol midwest,United States,,BI,False,,,,re46xx,[Official] 2021 End of Year Salary Sharing thread,https://www.reddit.com/r/datascience/comments/re46xx/official_2021_end_of_year_salary_sharing_thread/
True,Graduate Data Scientist,Graduate,4 months,27000.0,GBP,FinTech app,"BSc Psychology, MSc Psychology, MSc Data Science",,,27000.0,,t1_hqplkv7,https://www.reddit.com/r/datascience/comments/re46xx/official_2021_end_of_year_salary_sharing_thread/hqplkv7/,t3_re46xx,[deleted],2021-12-31T18:31:24.000Z,1,"Title: Graduate Data Scientist  
  
Tenure length: 4 months  
  
Location: UK - Cardiff 
  
Remote: Yes  
  
Salary: £27,000  
  
Company/Industry: FinTech app
  
Education: BSc Psychology ,MSc psychology, MSc data science  
  
Prior Experience: four months placement
  
Total comp: £27,000",True,UK - Cardiff,United Kingdom,Cardiff,four months placement,,,,,re46xx,[Official] 2021 End of Year Salary Sharing thread,https://www.reddit.com/r/datascience/comments/re46xx/official_2021_end_of_year_salary_sharing_thread/
True,Data Scientist,,1.7 years,130000.0,USD,Biotech startup,MS Statistics,0.0,10000 bonus; stock options of uncertain value,140000.0,Relocation/Signing Bonus: None,t1_hoa3kht,https://www.reddit.com/r/datascience/comments/re46xx/official_2021_end_of_year_salary_sharing_thread/hoa3kht/,t3_re46xx,EEOPS,2021-12-12T18:59:12.000Z,1,"- **Title:** Data Scientist
- **Tenure length:** 1.7 years
- **Location:** SF Bay Area 
- **Salary:** $130k
- **Company/Industry:** Biotech startup
- **Education:** MS Statistics
- **Prior Experience:** one internship before this job
- **Relocation/Signing Bonus:** None
- **Stock and/or recurring bonuses:** $10k bonus, options that are of uncertain value
- **Total comp:** $140k",,SF Bay Area,United States,San Francisco,One internship before this job,True,,,,re46xx,[Official] 2021 End of Year Salary Sharing thread,https://www.reddit.com/r/datascience/comments/re46xx/official_2021_end_of_year_salary_sharing_thread/
True,Machine Learning Engineer,,2 months,80000.0,USD,Cybersecurity,"BS Mathematics, CS minor; MS Computational Statistics (in progress)",0.0,Stock/bonuses up for negotiation after probationary period,80000.0,Salary to be renegotiated after probationary period,t1_ho7gg7l,https://www.reddit.com/r/datascience/comments/re46xx/official_2021_end_of_year_salary_sharing_thread/ho7gg7l/,t3_re46xx,KroneckerPro,2021-12-12T04:03:14.000Z,1,"Title: Machine Learning Engineer 

Tenure Length: 2 months  

Location: Atlanta, Ga US

Salary: 80k, renegotiate after probationary period.

Company/Industry: Cybersecurity 

Education: BS Mathematics CS minor, MS 
Computational Stats in progress. 

Prior experience: 2 years research in undergrad (co authored 3 pubs). 

Relocation/Signing: N/A

Stock/Bonuses: up for negotiation after probationary period 

Total comp: 80k",,"Atlanta, Ga US",United States,Atlanta,2 years undergraduate research (co-authored 3 publications),,,,,re46xx,[Official] 2021 End of Year Salary Sharing thread,https://www.reddit.com/r/datascience/comments/re46xx/official_2021_end_of_year_salary_sharing_thread/
True,Data Scientist,,3 years,2100000.0,INR,Brewery,B Tech Mechanical Engineering,,,,Working fully remote till COVID ends,t1_hq1c1hz,https://www.reddit.com/r/datascience/comments/re46xx/official_2021_end_of_year_salary_sharing_thread/hq1c1hz/,t3_re46xx,__shehzaadi__,2021-12-26T16:11:03.000Z,2,"**Title:** Data Scientist  
  
**Tenure length:** 3 years  
  
**Office Location:** Bengaluru, India

  
**$Remote:** Working fully remote till COVID ends  
  
**Salary:** Rupees 21 Lakhs per annum  
  
**Company/Industry:** Brewery  
  
**Education:** B Tech Mechanical Engineering  
  
**Prior Experience:** 3 years as data scientist",True,"Bengaluru, India",India,Bengaluru,3 years as data scientist,,,,,re46xx,[Official] 2021 End of Year Salary Sharing thread,https://www.reddit.com/r/datascience/comments/re46xx/official_2021_end_of_year_salary_sharing_thread/
True,Junior Data Scientist,Junior,2 months,27000.0,GBP,FinTech Startup,"MEng Mechanical Engineering, MSc Machine Learning",,,27000.0,,t1_hpf9yr0,https://www.reddit.com/r/datascience/comments/re46xx/official_2021_end_of_year_salary_sharing_thread/hpf9yr0/,t3_re46xx,rrp123,2021-12-21T13:53:20.000Z,2,"Title: Junior Data Scientist  
  
Tenure length: 2 months  
  
Location: Glasgow, UK  
  
Remote: Yes  
  
Salary: £27,000  
  
Company/Industry: FinTech Startup  
  
Education: MEng Mechanical Engineering, MSc Machine Learning  
  
Prior Experience: Three month DS internship  
  
Total comp: £27,000",True,"Glasgow, UK",United Kingdom,Glasgow,Three month DS internship,True,,,,re46xx,[Official] 2021 End of Year Salary Sharing thread,https://www.reddit.com/r/datascience/comments/re46xx/official_2021_end_of_year_salary_sharing_thread/
True,Data Analyst,,~1.5 Years (1st job post college),68500.0,USD,Healthcare,B.S. in Statistics,0.0,None,68500.0,Remote until June 2022,t1_hooo51x,https://www.reddit.com/r/datascience/comments/re46xx/official_2021_end_of_year_salary_sharing_thread/hooo51x/,t3_re46xx,BlackPlasmaX,2021-12-15T19:50:13.000Z,2,"Title: Data Analyst  
Tenure length: \~ 1.5 Years (1st job post college)  
Location: Los Angeles (CA)  
$Remote: Yes, until June 2022  
Salary: \~68,500  
Company/Industry: Healthcare  
Education: B.S. in Statistics  
Prior Experience: Prior College Coursework experience (No Internship) Unrelated College Jobs  
$Internship - NA  
$Coop - NA  
Relocation/Signing Bonus: None  
Stock and/or recurring bonuses: None  
Total comp: \~68.5K",True,Los Angeles (CA),United States,Los Angeles,Prior College Coursework experience (No Internship) Unrelated College Jobs,False,False,,,re46xx,[Official] 2021 End of Year Salary Sharing thread,https://www.reddit.com/r/datascience/comments/re46xx/official_2021_end_of_year_salary_sharing_thread/
True,Founder/Programmer,,5 years,10000.0,USD,Software,Msc in computational linguistics.,,8M shares. bootstrapped,10000.0,,t1_hovffql,https://www.reddit.com/r/datascience/comments/re46xx/official_2021_end_of_year_salary_sharing_thread/hovffql/,t3_re46xx,Charming-Fishing3155,2021-12-17T03:47:49.000Z,2,"Title: Founder/Programmer  
  
Tenure length: 5 years  
  
Location: Oregon, USA.  
  
Salary: $10K  
  
Company/Industry: Software  
  
Education: Msc in computational linguistics. 

  
Prior Experience: 30Y as professional programmer in different big tech.  
  
Stock and/or recurring bonuses: 8M shares. bootstrapped  
  
Total comp: 10K",,"Oregon, USA.",United States,,30Y as professional programmer in different big tech.,,,,,re46xx,[Official] 2021 End of Year Salary Sharing thread,https://www.reddit.com/r/datascience/comments/re46xx/official_2021_end_of_year_salary_sharing_thread/
True,Senior Associate Analyst,Senior,1.5 years in current role (~2 years in total),65000.0,USD,Ad Agency/Marketing,BS Statistics/DS,,,65000.0,,t1_ilu23hw,https://www.reddit.com/r/datascience/comments/re46xx/official_2021_end_of_year_salary_sharing_thread/ilu23hw/,t3_re46xx,clqi,2022-08-26T05:29:41.000Z,1,"- Title: Senior Associate Analyst
- Tenure Length: 1.5 years in current role (~2 years in total)
- Location: LA (100% remote)
- Salary: $65k
- Company/Industry: Ad Agency/Marketing
- Education: BS Statistics/DS
- Prior Experience: ~6 months at startup
- Relocation/Signing Bonus: N/A
- Stock and Bonus: N/A
- Total Comp: $65k",True,LA (100% remote),United States,Los Angeles,~6 months at startup,,,,,re46xx,[Official] 2021 End of Year Salary Sharing thread,https://www.reddit.com/r/datascience/comments/re46xx/official_2021_end_of_year_salary_sharing_thread/
True,Data Scientist,,~1 year,170000.0,USD,Mid-sized startup,MS in Statistics (2018); BS in Statistics/Economics (2017),,15K spot bonus for performance; 10% annual bonus (~17K); 22K stock,224000.0,Local hire; fully remote and has not been to the office since July.,t1_hovpxrb,https://www.reddit.com/r/datascience/comments/re46xx/official_2021_end_of_year_salary_sharing_thread/hovpxrb/,t3_re46xx,[deleted],2021-12-17T05:14:02.000Z,2,"* Title: Data Scientist
* Tenure length: \~1 year
* Location: Silicon Valley
   * Remote: Yes, haven't stepped foot in the office since July.
* Salary: $170,000 base salary
* Company/Industry: Mid-sized startup
* Education: MS in Statistics (2018), BS in Statistics/Economics (2017)
* Prior Experience: (2 YOE post MS)
   * Employed as a DS for 1 year at a different company (2020)
   * Employed as a DA for 1 year (2019)
   * Worked as a part time DA in grad school (2017-2018)
   * No internships / co-op
* Relocation/Signing Bonus: None, I'm a local! No signing bonus either.
* Stock and/or recurring bonuses:
   * 15K spot bonus this year for performance reasons
   * 10% of salary ($17K)
   * $22K stock
* Total comp: **$224,000**",True,Silicon Valley,United States,,2 YOE post-MS: Data Scientist 1 year (2020); Data Analyst 1 year (2019); Part-time Data Analyst in grad school (2017-2018),False,False,,,re46xx,[Official] 2021 End of Year Salary Sharing thread,https://www.reddit.com/r/datascience/comments/re46xx/official_2021_end_of_year_salary_sharing_thread/
True,,,,,,"Banking (not-for-profit, highly regulated subset)",,,No equity or stock options/RSUs due to not-for-profit structure; annual bonus exists but is lower than mid-to-large banks; equity awards generally not considered.,,"Compensation is tied to figures published by a few industry service providers; regulators expect adherence and flag going above, so HR does not exceed these figures. As a result, compensation lags broader finance and especially tech. Base is not described as bad, but no equity is provided. Comparable roles at mid-to-large banks may have similar base but 2–3x the annual bonus plus stock options/RSUs; tech roles with RSUs are significantly higher.",t1_hotzxs5,https://www.reddit.com/r/datascience/comments/re46xx/official_2021_end_of_year_salary_sharing_thread/hotzxs5/,t3_re46xx,waidbi,2021-12-16T21:31:44.000Z,0,"I’m in an industry where compensation is dependent on what’s published by one of a short list of industry service providers who publish such things. Our regulators expect the business to follow those published compensation figures based on a few criteria + title. 

Thing is, HR is never researching beyond these services provided figures because if they went above them, regulators would flag us for high risk stemming from compensation practices. So we end up lagging the broader finance sectors, and massively falling below tech industry when it comes to tech and tech related roles. 

My suspicion after reading through some of these posts is that the publications for compensation are not tracking equity awards. I don’t feel my base is horrible, necessarily, but I get absolutely no equity and senior management and HR seem to not even consider adjusting compensation to match equity awards outside of our small sub-set of the banking industry (technically we are a not for profit and don’t have a corporate structure that would allow for issuing share of the company). 

It seems someone in my position at a mid to large bank is going to see similar salary as me, but probably double to triple my annual bonus and some stock options. They might still be below tech, but damn. Looking at established tech, the disparity is a canyon when factoring RSUs.",,,,,,,,,,re46xx,[Official] 2021 End of Year Salary Sharing thread,https://www.reddit.com/r/datascience/comments/re46xx/official_2021_end_of_year_salary_sharing_thread/
True,Data Lecturer,,start in January,55000.0,GBP,private sector education,"BSc physics, research fellow (DS)",,"Pensions, life insurance (benefits included in total comp)",100000.0,Salary stated as ~$75k (USD) and £55k (GBP). Total comp noted as approximately $100k including pensions and life insurance; USD figure provided by poster. Role is 100% remote. Starts in January.,t1_hpek6rz,https://www.reddit.com/r/datascience/comments/re46xx/official_2021_end_of_year_salary_sharing_thread/hpek6rz/,t3_re46xx,nerdyjorj,2021-12-21T08:43:54.000Z,1,"- **Title**: Data Lecturer
- **Tenure length**: start in January
- **Location**: UK
- **Remote**: 100%
- **Salary**: ~$75k (£55k)
- **Company/Industry**: private sector education
- **Education**: BSc physics, research fellow (DS)
- **Prior Experience**: 10 years in industry inc. 3 years as research fellow with top 10 uk university, dozens of interns and mentoring a few apprentices
- **Total comp**: ~$100k inc. pensions, life insurance etc.",True,UK,United Kingdom,,"10 years in industry inc. 3 years as research fellow with top 10 uk university, dozens of interns and mentoring a few apprentices",,,,,re46xx,[Official] 2021 End of Year Salary Sharing thread,https://www.reddit.com/r/datascience/comments/re46xx/official_2021_end_of_year_salary_sharing_thread/
True,Senior Data Scientist,Senior,3yr,114000.0,USD,Healthcare,PhD Bioinformatics,5000.0,None,114000.0,,t1_hrncfw4,https://www.reddit.com/r/datascience/comments/re46xx/official_2021_end_of_year_salary_sharing_thread/hrncfw4/,t3_re46xx,amster_dammit,2022-01-07T15:42:20.000Z,2,"* **Title:** Senior Data Scientist
* **Tenure length:** 3yr
* **Location:** NYC
* **Salary:** $114,000
* **Company/Industry:** Healthcare
* **Education:** PhD Bioinformatics
* **Prior Experience:** 1st Job 
* **Internship:** N/A
* **Relocation/Signing Bonus:** $5000
* **Stock and/or recurring bonuses:** None
* **Total comp:** $114,000",,NYC,United States,New York City,1st Job,False,,,,re46xx,[Official] 2021 End of Year Salary Sharing thread,https://www.reddit.com/r/datascience/comments/re46xx/official_2021_end_of_year_salary_sharing_thread/
True,Data Analyst,Mid,4 Months,88000.0,USD,Food Service,"BS Mathematics, minors Data Science and Physics",,,80000.0,Remote within USA; travels to North Carolina 4 times a year for 4 days each. Previous roles: $21/hour as Data Analyst 1 at a non-profit; $33/hour as Data Scientist 1. Current role is $38/hour contract-to-hire; upon conversion they will give a $10k raise and salary.,t1_j47gqdq,https://www.reddit.com/r/datascience/comments/101hxlj/official_2022_end_of_year_salary_sharing_thread/j47gqdq/,t3_101hxlj,moonmoosesharks,2023-01-13T18:18:53.000Z,1,"•	⁠Title: Data Analyst (Mid)

•	⁠Tenure length: 4 Months

•	⁠Location: San Diego, CA

•	⁠Remote: within USA, travel to North Carolina 4x a year for 4 days

•	⁠Salary: 88,000

•	⁠Company/Industry: Food Service

•	⁠Education: BS Mathematics, minors Data Science and Physics

•	⁠Prior Experience: 1.5 years (two full time jobs)

•	⁠Relocation/Signing Bonus: N/A

•	⁠Stock and/or recurring bonuses: N/A

•	⁠Total comp: 80,000

My first job paid $21 an hour as a Data Analyst 1 at a non profit. My second job as a data scientist 1 paid $33 an hour. This job is 38 an hour contract to hire, and upon hiring they will give me a $10k raise and salary.",True,"San Diego, CA",United States,San Diego,1.5 years (two full time jobs),,,,,101hxlj,[Official] 2022 End of Year Salary Sharing thread,https://www.reddit.com/r/datascience/comments/101hxlj/official_2022_end_of_year_salary_sharing_thread/
True,Data Scientist,,1.5 years,88000.0,USD,National Security (government),"M.S. in Data Science, B.S. Political Science",0.0,none,88000.0,Makes an additional 7000 from teaching classes at a nearby college (outside main job).,t1_ho7r6uh,https://www.reddit.com/r/datascience/comments/re46xx/official_2021_end_of_year_salary_sharing_thread/ho7r6uh/,t3_re46xx,Dsanon55,2021-12-12T05:41:01.000Z,2,"• **Title**: Data Scientist 

• **Tenure length**: 1.5 years 

• **Location**: Washington DC 

• **Salary**: $88,000 

• **Company/Industry**: National Security (government) 

• **Education**: M.S. in Data Science, B.S. Political Science

 • **Prior Experience:** Came straight out of grad school, did 2 internships with federal agencies and worked part time as a researcher throughout school 

• **Relocation/Signing Bonus**: none 

• **Stock and/or recurring bonuses:** none 

• **Total comp:** 88k but I do make and additional 7k helping teach classes at a college nearby",,Washington DC,United States,Washington DC,"Came straight out of grad school, did 2 internships with federal agencies and worked part time as a researcher throughout school",True,,,,re46xx,[Official] 2021 End of Year Salary Sharing thread,https://www.reddit.com/r/datascience/comments/re46xx/official_2021_end_of_year_salary_sharing_thread/
True,Associate Data Scientist,Associate,< 1 year,96000.0,USD,"Large corporation in tech, not FAANG",MS Data Science,10000.0,None,106000.0,,t1_ho6vp9a,https://www.reddit.com/r/datascience/comments/re46xx/official_2021_end_of_year_salary_sharing_thread/ho6vp9a/,t3_re46xx,royal-Brwn,2021-12-12T01:11:45.000Z,1,"•	⁠Title: Associate Data Scientist

•	⁠Tenure length: &lt; 1 year

•	⁠Location: Chicago

•	⁠Salary: $96,000

•	⁠Company/Industry: Large corporation in tech, not FAANG

•	⁠Education: MS Data Science

•	⁠Prior Experience: Almost a year as a Data Analyst for an internship 
	
•	⁠Relocation/Signing Bonus: $10,000 signing       

•	⁠Stock and/or recurring bonuses: None

•	⁠Total comp: $106,000",,Chicago,United States,Chicago,Almost a year as a Data Analyst for an internship,True,,,,re46xx,[Official] 2021 End of Year Salary Sharing thread,https://www.reddit.com/r/datascience/comments/re46xx/official_2021_end_of_year_salary_sharing_thread/
True,Product Analyst,,11 months,75000.0,USD,E-Commerce,"BA Econ, BS Math, MS Business Analytics",5000.0,No,75000.0,"Hybrid schedule: 3 days in office, 2 days WFH",t1_j2pux7s,https://www.reddit.com/r/datascience/comments/101hxlj/official_2022_end_of_year_salary_sharing_thread/j2pux7s/,t3_101hxlj,Pinksunset,2023-01-03T02:43:33.000Z,1,"* **Title:** Product Analyst
* **Tenure length:** 11 months
* **Location:**  Phoenix, AZ

   * **$Remote:** Hybrid (3 in office, 2 WFH)
* **Salary:** $75,000
* **Company/Industry:** E-Commerce
* **Education:** BA Econ, BS Math, MS Business Analytics
* **Prior Experience:**  5+ Years 

   * **$Internship** 4 mo Data Science in Logistics
   * **$Coop** No
* **Relocation/Signing Bonus:** $5k signing bonus
* **Stock and/or recurring bonuses:** No
* **Total comp:** $75,000",True,"Phoenix, AZ",United States,Phoenix,5+ years; 4 months Data Science internship in Logistics,True,False,,,101hxlj,[Official] 2022 End of Year Salary Sharing thread,https://www.reddit.com/r/datascience/comments/101hxlj/official_2022_end_of_year_salary_sharing_thread/
True,Senior Data Scientist,Senior,about 1 yr,151000.0,USD,Big Tech,MS in CS/BS in EEE,,around 10%,,,t1_j2ps5yi,https://www.reddit.com/r/datascience/comments/101hxlj/official_2022_end_of_year_salary_sharing_thread/j2ps5yi/,t3_101hxlj,Love_Tech,2023-01-03T02:25:26.000Z,1,"•	⁠Title: Senior Data Scientist

•	⁠Tenure length: about 1 yr

•	⁠Office Location: Remote, Midwest   

•	⁠Base Salary: $151,000

•	⁠Company/Industry: Big Tech

•	⁠Education: MS in CS/BS in EEE

•	⁠Prior Experience: about 5 yrs

•	⁠Stock and/or recurring bonuses: around 10%",True,"Remote, Midwest",United States,,about 5 yrs,,,,,101hxlj,[Official] 2022 End of Year Salary Sharing thread,https://www.reddit.com/r/datascience/comments/101hxlj/official_2022_end_of_year_salary_sharing_thread/
True,Data Analyst,,1.5 yrs,100000.0,,Tech startup,"MS Accounting, BA Accounting/Finance/Analytics",,Startup equity (considered worthless until it's not),100000.0,Work is more SQL ETL heavy. Trying to break into data science; portfolio is strong but the current market makes it difficult.,t1_j70ny5h,https://www.reddit.com/r/datascience/comments/101hxlj/official_2022_end_of_year_salary_sharing_thread/j70ny5h/,t3_101hxlj,realfakeblood,2023-02-03T05:38:26.000Z,1,"    Title:Data Analyst (My work is actually more SQL ETL heavy)
    Tenure length:1.5 yrs
    Location:Remote
        Remote:Remote
    Salary:~100k
    Company/Industry:Tech startup
    Education:MS Accounting, BA Accounting/Finance/Analytics
    Prior Experience:B4 Accounting 1 year
        Internship: B4 Accounting
    Total comp: ~100k (I consider my startup equity worthless until its not)

I am desperately trying to break into data science but feel intimidated by my lack of technical background. My portfolio of project is strong but in the current market its obviously been extremely difficult.",True,Remote,,,B4 Accounting 1 year,True,,,,101hxlj,[Official] 2022 End of Year Salary Sharing thread,https://www.reddit.com/r/datascience/comments/101hxlj/official_2022_end_of_year_salary_sharing_thread/
True,Data Scientist,,2 YOE,155000.0,USD,Security,PhD,,$45k,200000.0,Remote from the South East (US).,t1_hpb390c,https://www.reddit.com/r/datascience/comments/re46xx/official_2021_end_of_year_salary_sharing_thread/hpb390c/,t3_re46xx,recovering_physicist,2021-12-20T16:06:44.000Z,1,"Title: Data Scientist

    Tenure length: 2 YOE

    Location: Bay Area

        Remote: South East

    Salary: $155k

    Company/Industry: Security

    Education: PhD

    Prior Experience: Postdoc research

        $Internship N/A

        $Coop N/A

    Relocation/Signing Bonus: N/A

    Stock and/or recurring bonuses: $45k

    Total comp: $200k",True,Bay Area,United States,San Francisco,Postdoc research,False,False,,,re46xx,[Official] 2021 End of Year Salary Sharing thread,https://www.reddit.com/r/datascience/comments/re46xx/official_2021_end_of_year_salary_sharing_thread/
True,Data Scientist,,< 1 YOE,135000.0,USD,Finance,"PhD, Engineering",7500.0,$20-$30k IC,160000.0,Hybrid/WFH 3 days per week; signing bonus noted as post-tax; MCOL region,t1_j2rvwbr,https://www.reddit.com/r/datascience/comments/101hxlj/official_2022_end_of_year_salary_sharing_thread/j2rvwbr/,t3_101hxlj,[deleted],2023-01-03T15:01:47.000Z,1,"**Title:** Data Scientist

**Tenure length:** &lt; 1 YOE

**Location:** East Coast MCOL

**$Remote:** 3 days/week

**Salary:** 135k

**Company/Industry:** Finance

**Education:** PhD, Engineering

**Prior Experience:** 2 yoe Non-data STEM

**Relocation/Signing Bonus:** $7500 post-tax

**Stock and/or recurring bonuses:** $20-$30k IC

**Total comp:** $160k",True,East Coast MCOL,United States,,2 yoe Non-data STEM,,,,,101hxlj,[Official] 2022 End of Year Salary Sharing thread,https://www.reddit.com/r/datascience/comments/101hxlj/official_2022_end_of_year_salary_sharing_thread/
True,Complaints Management Data and Reporting Analyst,,0 years,59000.0,USD,Finance,Assoc in Digital Photography,,,,"First data-driven role. Hybrid schedule (2 days in office, by choice). Paid hourly with overtime expected.",t1_i4zdoxq,https://www.reddit.com/r/datascience/comments/re46xx/official_2021_end_of_year_salary_sharing_thread/i4zdoxq/,t3_re46xx,RobDawns,2022-04-16T17:47:38.000Z,1,"So.. had to post, this is my first totally data driven job and I'm over the moon! (Mobile, so sorry if formatting gets wonky.)

* **Title:** Complaints Management Data and Reporting Analyst
* **Tenure length:** 0 years. 4 years with this company in operations.
* **Location:** Ohio
   * **Remote:** Currently Hybrid (2 days in office, my choice)
* **Salary:** $59,000 (Hourly w/ overtime expected)
* **Company/Industry:** Finance
* **Education:** Assoc in Digital Photography
* **Prior Experience:** Just a nerd that has done data projects in previous roles.",True,Ohio,United States,,4 years with this company in operations; did data projects in previous roles,,,,,re46xx,[Official] 2021 End of Year Salary Sharing thread,https://www.reddit.com/r/datascience/comments/re46xx/official_2021_end_of_year_salary_sharing_thread/
True,Data Scientist,,1 yr,155000.0,USD,Tech,Physics PhD + 4.5 years postdoc,0.0,"$180k RSUs/4 years (issued late 2021, womp womp) + $15k ""we're sorry the market screwed you"" top-up. ESPP with 15% discount.",200000.0,Total comp note mentions 'minus market bloodbath on RSUs'.,t1_j2x6u8k,https://www.reddit.com/r/datascience/comments/101hxlj/official_2022_end_of_year_salary_sharing_thread/j2x6u8k/,t3_101hxlj,recovering_physicist,2023-01-04T16:05:19.000Z,1,"* **Title:** Data Scientist
* **Tenure length:** 1 yr
* **Location:** Southeast
* **Remote:** Yes
* **Salary:** $155k
* **Company/Industry:** Tech
* **Education:** Physics PhD + 4.5 years postdoc
* **Prior Experience:**  2 years
* **Relocation/Signing Bonus:** $0
* **Stock and/or recurring bonuses:** $180k RSUs/4 years (issued late 2021, womp womp) + $15k ""we're sorry the market screwed you"" top-up. ESPP with 15% discount.
* **Total comp:** $200k (minus market bloodbath on RSUs)",True,Southeast,United States,,2 years,,,,,101hxlj,[Official] 2022 End of Year Salary Sharing thread,https://www.reddit.com/r/datascience/comments/101hxlj/official_2022_end_of_year_salary_sharing_thread/
True,Associate Data Scientist,,6 Months,135000.0,USD,Small-Medium SaaS Tech Company,BS (Applied Math) + MS (Statistics),0.0,$0,135000.0,,t1_hsevvjy,https://www.reddit.com/r/datascience/comments/re46xx/official_2021_end_of_year_salary_sharing_thread/hsevvjy/,t3_re46xx,CustardEnigma,2022-01-12T22:58:46.000Z,1,"* **Title:** Associate Data Scientist
* **Tenure Length:** 6 Months
* **Location:** San Francisco, CA
* **Salary:** $135,000
* **Company/Industry:** Small-Medium SaaS Tech Company
* **Education:** BS (Applied Math) + MS (Statistics)
* **Prior Experience:** 1.5 years as DA prior to grad school, 11-month internship with current employer during grad school.
* **Relocation/Signing Bonus:** $0
* **Stock and/or Recurring Bonuses:** $0
* **Total Comp:** $135,000",,"San Francisco, CA",United States,San Francisco,"1.5 years as DA prior to grad school, 11-month internship with current employer during grad school.",True,,,,re46xx,[Official] 2021 End of Year Salary Sharing thread,https://www.reddit.com/r/datascience/comments/re46xx/official_2021_end_of_year_salary_sharing_thread/
True,Anaplan Solutions Architect,,1.5yrs,160000.0,USD,Consulting,MS Business Intelligence,0.0,Billable hours beyond 32 per week; earned ~16% of salary with this structure,187000.0,,t1_j2of3ho,https://www.reddit.com/r/datascience/comments/101hxlj/official_2022_end_of_year_salary_sharing_thread/j2of3ho/,t3_101hxlj,Drict,2023-01-02T20:56:02.000Z,4,"    Title: Anaplan Solutions Architect
    Tenure length: 1.5yrs

    Location: N/A
        $Remote: Yes

    Salary: 160,000 USD

    Company/Industry: Consulting

    Education: MS Business Intelligence

    Prior Experience: 4 yrs

    Relocation/Signing Bonus: No

    Stock and/or recurring bonuses: Billable hours beyond 32 per week, earned ~16% of my salary with the structure

    Total comp: ~187k USD",True,N/A,,,4 yrs,,,,,101hxlj,[Official] 2022 End of Year Salary Sharing thread,https://www.reddit.com/r/datascience/comments/101hxlj/official_2022_end_of_year_salary_sharing_thread/
True,Data Scientist,,3 years at current company,42000.0,EUR,Consulting basically,BSc in Computer Science,,None,42000.0,Net pay reported as ~30000 EUR after tax. Hybrid: remote 2 days a week. No relocation/signing bonus (stated 'lol').,t1_hoi3hyi,https://www.reddit.com/r/datascience/comments/re46xx/official_2021_end_of_year_salary_sharing_thread/hoi3hyi/,t3_re46xx,selib,2021-12-14T12:13:57.000Z,2,"Title: Data Scientist 

Tenure length:  3 years at current company

Location: Austria 

$Remote: 2 days a week 

Salary: 42,000€ a year (before tax), ~30,000€ (after tax)

Company/Industry: Consulting basically

Education: Bsc. in comp sci

Prior Experience:

$Internship 6 month internship

Relocation/Signing Bonus: lol

Stock and/or recurring bonuses: nope 

Total comp: 42,000€ a year (before tax), ~30,000€ (after tax)",True,Austria,Austria,,6 month internship,True,,,,re46xx,[Official] 2021 End of Year Salary Sharing thread,https://www.reddit.com/r/datascience/comments/re46xx/official_2021_end_of_year_salary_sharing_thread/
True,Business Intelligence Engineer,,1 year,164000.0,USD,AAA Game Publisher,PhD in Geophysics,80000.0,"15% target bonus; $32,000 in RSUs; $80,000 in RSUs over first 4 years (sign-on)",216000.0,Previously Senior Data Scientist,t1_j2tosku,https://www.reddit.com/r/datascience/comments/101hxlj/official_2022_end_of_year_salary_sharing_thread/j2tosku/,t3_101hxlj,Sannish,2023-01-03T21:48:20.000Z,1,"
* **Title**: Business Intelligence Engineer
    * Previously Senior Data Scientist
* **Tenure length**: 1 year
* **Office Location**: Seattle, WA 
    * **Remote**: Yes
* **Salary**: $164,000
* **Company/Industry**: AAA Game Publisher
* **Education**: PhD in Geophysics
* **Prior Experience**: 8.5 years
    * No internships
* **Relocation/Signing Bonus**: $80,000 RSU over first 4 years
* **Stock and/or recurring bonuses**: 15% target, $32k (RSUs)
* **Total Comp**: $216,000",True,"Seattle, WA",United States,Seattle,8.5 years,False,,,,101hxlj,[Official] 2022 End of Year Salary Sharing thread,https://www.reddit.com/r/datascience/comments/101hxlj/official_2022_end_of_year_salary_sharing_thread/
True,Associate Data Scientist,Associate,15 months,93000.0,USD,Retail,"B.S. in Computer Engineering, M.S. in Data Science",,"10%, 0-2x multiplier based on company performance",,"Internship: 3 months, transitioned into current role",t1_j2q73g2,https://www.reddit.com/r/datascience/comments/101hxlj/official_2022_end_of_year_salary_sharing_thread/j2q73g2/,t3_101hxlj,Knarz97,2023-01-03T04:12:33.000Z,1,"* Title: Associate Data Scientist
* Tenure length: 15 months
* Location: Illinois
   * Remote: Yes
* Salary: $93,000
* Company/Industry: Retail
* Education: B.S. in Computer Engineering, M.S. in Data Science
* Prior Experience: N/A
   * Internship: 3 months, transitioned into current role
* Stock and/or recurring bonuses: 10%, 0-2x multiplier based on company performance",True,Illinois,United States,,N/A,True,,,,101hxlj,[Official] 2022 End of Year Salary Sharing thread,https://www.reddit.com/r/datascience/comments/101hxlj/official_2022_end_of_year_salary_sharing_thread/
True,Data Analyst Intern,Intern,2 weeks,17.0,USD,Insurance,"BS CIS, Emphasis - Cybersec",,,,Hourly pay rate: 17/hr; hybrid as needed.,t1_j6f55f8,https://www.reddit.com/r/datascience/comments/101hxlj/official_2022_end_of_year_salary_sharing_thread/j6f55f8/,t3_101hxlj,MistIniquity,2023-01-29T22:20:03.000Z,1,"Title: Data Analyst Intern
Tenure Length: 2 weeks
Location: MCOL Midwest
Remote: Hybrid as needed
Pay: $17/hr
Industry: Insurance 
Education: BS CIS, Emphasis - Cybersec
Prior Exp: None",True,MCOL Midwest,United States,,None,False,,,,101hxlj,[Official] 2022 End of Year Salary Sharing thread,https://www.reddit.com/r/datascience/comments/101hxlj/official_2022_end_of_year_salary_sharing_thread/
True,Process Data Scientist,,< 1 Month,135000.0,USD,Banking,Bachelor Industrial Engineering; MSDA in progress,11000.0,10%,145000.0,,t1_j4bgwr3,https://www.reddit.com/r/datascience/comments/101hxlj/official_2022_end_of_year_salary_sharing_thread/j4bgwr3/,t3_101hxlj,[deleted],2023-01-14T15:01:50.000Z,1,"Title: Process Data Scientist 

Tenure: &lt; 1 Month

Location: Midwest, Hybrid

Salary: 135k

Company/Industry: Banking

Education: Bachelor Industrial Engineering
MSDA in progress 

Prior Experience: Data Analyst/ Data Scientist 8 years

Sign On Bonus: 11k

Stock or Recurring Bonus: 10%

Total Comp: 145k",True,"Midwest, Hybrid",United States,,Data Analyst/ Data Scientist 8 years,,,,,101hxlj,[Official] 2022 End of Year Salary Sharing thread,https://www.reddit.com/r/datascience/comments/101hxlj/official_2022_end_of_year_salary_sharing_thread/
True,Sr. Developer Advocate / Sr Technical Community Advocate,Senior,< 2 months,165000.0,USD,Open Source Data tooling,MA in media innovation,,,,,t1_j5wnvje,https://www.reddit.com/r/datascience/comments/101hxlj/official_2022_end_of_year_salary_sharing_thread/j5wnvje/,t3_101hxlj,erinmikail,2023-01-26T02:00:41.000Z,1,"Title: Sr. Developer Advocate / Sr Technical Community Advocate. 

Tenure length: &lt; 2 months at current role 

Location: NYC but remote / async

Salary: $165K

Industry: Open Source Data tooling 

Education: MA in media innovation,

Prior Experience: 5 yrs in technical community, prior experience in Product Management, education, and journalism. (lol I detoured). Also am current graduate adjunct faculty at major university.",True,NYC but remote / async,United States,New York City,"5 yrs in technical community; prior experience in Product Management, education, and journalism; current graduate adjunct faculty at major university",,,,,101hxlj,[Official] 2022 End of Year Salary Sharing thread,https://www.reddit.com/r/datascience/comments/101hxlj/official_2022_end_of_year_salary_sharing_thread/
True,Senior Lead Quantitative Analyst/Vice President,Vice President,Just joined,180000.0,USD,Quantitative Modeling in a Large Internationally Known Bank,Ph.D.,,Recurring bonus: 30% of base salary; guaranteed on satisfactory performance reviews with small adjustments based on company performance.,234000.0,Stated total compensation range 225000-240000. Worked at four companies. Hybrid work arrangement in NYC.,t1_j5wwfmr,https://www.reddit.com/r/datascience/comments/101hxlj/official_2022_end_of_year_salary_sharing_thread/j5wwfmr/,t3_101hxlj,[deleted],2023-01-26T02:57:51.000Z,1,"Title : Senior Lead Quantitative Analyst/Vice President   
Tenure Length  : Ph.D. + 4 years of Experience (worked at four companies, current one I just joined).  
Location : NYC/Hybrid   
Salary : 180,000$   
Industry : Quantitative Modeling in a Large Internationally Known Bank

Recurring bonus : 30 percent of base salary, its guaranteed on satisfactory performance reviews with small adjustments based on company performance.  


Total Comp : 225-240K.",True,NYC/Hybrid,United States,New York City,4 years,,,,,101hxlj,[Official] 2022 End of Year Salary Sharing thread,https://www.reddit.com/r/datascience/comments/101hxlj/official_2022_end_of_year_salary_sharing_thread/
True,Data Scientist,,~2 years,58000.0,GBP,Engineering Consultancy,STEM degree and PhD,,,,States current pay is marginally below market; estimates more realistic compensation around £65k.,t1_j4aipdr,https://www.reddit.com/r/datascience/comments/101hxlj/official_2022_end_of_year_salary_sharing_thread/j4aipdr/,t3_101hxlj,Prize-Flow-3197,2023-01-14T08:46:21.000Z,1,"Title: Data Scientist
Tenure: ~2 years
Location: UK (non-London), fully remote
Salary: £58k
Industry: Engineering Consultancy 
Education: STEM degree and PhD
Prior experience: ~3 yrs as an engineer 

This is marginally below market rate. A more realistic comp for my profile and skills is probably around the £65k mark.",True,"UK (non-London), fully remote",United Kingdom,,~3 yrs as an engineer,,,,,101hxlj,[Official] 2022 End of Year Salary Sharing thread,https://www.reddit.com/r/datascience/comments/101hxlj/official_2022_end_of_year_salary_sharing_thread/
True,Data Analyst / Engineer,,2 years,90000.0,USD,Healthcare,Associate Degree in Nursing; BS in Data Science; MS in Biostatistics (in progress),,None,90000.0,Hybrid (up to 10% remote),t1_j2pmznc,https://www.reddit.com/r/datascience/comments/101hxlj/official_2022_end_of_year_salary_sharing_thread/j2pmznc/,t3_101hxlj,General_Mountain_162,2023-01-03T01:51:46.000Z,1,"• Title: Data Analyst / Engineer 

• Tenure Length: 2 years

• Location: St. Louis, MO, US

     • Remote: Hybrid (up to 10% remote)

• Salary: $90,000

• Company/Industry: Healthcare

• Education: Associate Degree in Nursing, BS in Data Science, MS in Biostatistics (in progress)

• Prior Experience: 6 years bedside nursing in various specialty areas, 4 years as a data practitioner, 3 years in informatics and research

     • Internships: N/A

• Relocation/Signing Bonus: N/A

• Stock and/or recurring bonuses: None

• Total Comp: $90,000",True,"St. Louis, MO, US",United States,St. Louis,6 years bedside nursing in various specialty areas; 4 years as a data practitioner; 3 years in informatics and research,False,,,,101hxlj,[Official] 2022 End of Year Salary Sharing thread,https://www.reddit.com/r/datascience/comments/101hxlj/official_2022_end_of_year_salary_sharing_thread/
True,BI Developer,,1.5 years,104000.0,USD,manufacturing,self taught/ OJT.,0.0,2% conditional bonus annually,,,t1_j2ps1d9,https://www.reddit.com/r/datascience/comments/101hxlj/official_2022_end_of_year_salary_sharing_thread/j2ps1d9/,t3_101hxlj,trapspring37,2023-01-03T02:24:37.000Z,1,"Title: BI Developer

Tenure length: 1.5 years

Location: Connecticut
          Remote: none

Salary: $104,000

Company/Industry: manufacturing 

Education: self taught/ OJT.

Prior Experience: 10 years as production manager, 12 years as full stack software developer.

$Internship: NA

Relocation/Signing Bonus: NA

Stock and/or recurring bonuses: 2% conditional bonus annually",False,Connecticut,United States,,"10 years as production manager, 12 years as full stack software developer.",False,,,,101hxlj,[Official] 2022 End of Year Salary Sharing thread,https://www.reddit.com/r/datascience/comments/101hxlj/official_2022_end_of_year_salary_sharing_thread/
True,,,,60000.0,GBP,,,,Annual bonus: 1800; Stock: 15000 per year (3-year vest),76800.0,"TC recalculated using annualized stock vest of 15k/year; figures given as £60k base + £1,800 bonus + £15k stock = £76,800 TC.",t1_hux88sy,https://www.reddit.com/r/datascience/comments/re46xx/official_2021_end_of_year_salary_sharing_thread/hux88sy/,t3_re46xx,Aggravating_Bend_622,2022-01-30T23:50:27.000Z,2,"Your TC calculation doesn’t seem correct.

The stock vests over 3 years so you should only be calculating £15k a year.

So TC should be £60k + £1,800 bonus + £15k stock totaling £76,800",,,,,,,,,,re46xx,[Official] 2021 End of Year Salary Sharing thread,https://www.reddit.com/r/datascience/comments/re46xx/official_2021_end_of_year_salary_sharing_thread/
True,Data Scientist,,2 months,85000.0,USD,Large insurance,"BS in Finance, MS in Statistics (in progress)",,Up to 30% of salary,95000.0,Will graduate from MS program in Spring 2024 and plans to search for a new job; may apply to summer internships at top-tier companies.,t1_j2potvj,https://www.reddit.com/r/datascience/comments/101hxlj/official_2022_end_of_year_salary_sharing_thread/j2potvj/,t3_101hxlj,BakerInTheKitchen,2023-01-03T02:04:01.000Z,1,"Title: Data Scientist

Tenure length: 2 months

Office Location: LCOL Midwest

Remote: Hybrid, 2 days in office

Salary: $85,000

Company/Industry: Large insurance

Education: BS in Finance, MS in Statistics (in progress)

Prior Experience: 1 year as Pricing Analyst, 3.5 years as DA

Relocation/Signing Bonus: n/a

Stock and/or recurring bonuses: up to 30% of salary

Total Comp: $95k

Graduate from MS program Spring 2024 and at that point plan to search for a new job.  May apply to some internships over the summer at top tier companies that would be likely out of reach for the experience.",True,LCOL Midwest,United States,,"1 year as Pricing Analyst, 3.5 years as DA",,,,,101hxlj,[Official] 2022 End of Year Salary Sharing thread,https://www.reddit.com/r/datascience/comments/101hxlj/official_2022_end_of_year_salary_sharing_thread/
True,Senior Data Analyst,Senior,3.6 years,130000.0,USD,Ad Tech,MS Applied Mathematics,,Percentage-based bonus tied to company performance,,Total compensation ranges from 130000 to 145000 based on highest bonus. Starting a new job next month as an Associate Director of Data Science and Risk Analytics at a finance company with a 40000 increase.,t1_j2ptrl5,https://www.reddit.com/r/datascience/comments/101hxlj/official_2022_end_of_year_salary_sharing_thread/j2ptrl5/,t3_101hxlj,mxcnrawker,2023-01-03T02:35:55.000Z,1,"• Title: Senior Data Analyst

• Tenure length: 3.6 years

• Location: SF Bay Area

• §Remote: Yes

• Salary: 130k

• Company/Industry: Ad Tech

• Education: MS Applied Mathematics

• Prior Experience: Worked as researchers in the areas of physics and biology - great work experience, decent pay and got be an author of published work in peer reviewed journals.

• Relocation/Signing Bonus: N/A

• Stock and/or recurring bonuses: Percentage based on company performance 

• Total comp: 130k to 145k (based on highest bonus received)


Starting a new job this next month as an Associate Director of Data Science and Risk Analytics for a finance company - super excited for this opportunity and got myself a nice 40k increase!",True,SF Bay Area,United States,San Francisco,Worked as researchers in the areas of physics and biology; authored peer-reviewed publications.,,,,,101hxlj,[Official] 2022 End of Year Salary Sharing thread,https://www.reddit.com/r/datascience/comments/101hxlj/official_2022_end_of_year_salary_sharing_thread/
True,ML engineer,,,12000.0,USD,fintech,msc math,0.0,nkne5,12000.0,Damn I gotta get a new job and leave this country,t1_j5leir4,https://www.reddit.com/r/datascience/comments/101hxlj/official_2022_end_of_year_salary_sharing_thread/j5leir4/,t3_101hxlj,Ayallore95,2023-01-23T20:56:46.000Z,1,"Title: ML engineer 

• Tenure length: 

• Location: Bangalore 

• $Remote:no

• Salary:12k usd 

• Company/Industry: fintech

• Education:msc math

• Prior Experience: nil

• $Internship

• $Coop

• Relocation/Signing Bonus:none

• Stock and/or recurring bonuses:nkne5

• Total comp: same as above 

Damn I gotta get a new job and leave this country",False,Bangalore,India,Bengaluru,nil,,,,,101hxlj,[Official] 2022 End of Year Salary Sharing thread,https://www.reddit.com/r/datascience/comments/101hxlj/official_2022_end_of_year_salary_sharing_thread/
True,Bioinformatics scientist,,< 1 yr,62000.0,ILS,Mid-size healthcare/Pharma,MS in bioinformatics,,,67000.0,,t1_j2qv32r,https://www.reddit.com/r/datascience/comments/101hxlj/official_2022_end_of_year_salary_sharing_thread/j2qv32r/,t3_101hxlj,shuchaaa,2023-01-03T08:20:22.000Z,1,"* **Title**: Bioinformatics scientist
* **Tenure length**: &lt; 1 yr
* **Office Location**: Israel
* **Remote**: No
* **Salary**: $62,000
* **Company/Industry**: Mid-size healthcare/Pharma
* **Education**: MS in bioinformatics
* **Prior Experience**: None
* **Relocation/Signing Bonus**: None
* **Stock and/or recurring bonuses**: None
* **Total Comp**: $67,000",False,Israel,Israel,,None,,,,,101hxlj,[Official] 2022 End of Year Salary Sharing thread,https://www.reddit.com/r/datascience/comments/101hxlj/official_2022_end_of_year_salary_sharing_thread/
True,Data Analyst,,3yr,450000.0,USD,various industries,MS in ds,0.0,0,450000.0,,t1_j3ox4a2,https://www.reddit.com/r/datascience/comments/101hxlj/official_2022_end_of_year_salary_sharing_thread/j3ox4a2/,t3_101hxlj,Effimero89,2023-01-10T01:40:56.000Z,3,"* **Title:** Data Analyst
* **Tenure length:** 3yr
* **Office Location:** NC. 
   * **Remote:** Yes
* **Salary:** $450k
* **Company/Industry:** various industries 
* **Education:** MS in ds
* **Prior Experience:** 3yrs
* **Relocation/Signing Bonus:** 0
* **Stock and/or recurring bonuses:** 0
* **Total Comp:** $450k",True,NC.,United States,,3yrs,,,,,101hxlj,[Official] 2022 End of Year Salary Sharing thread,https://www.reddit.com/r/datascience/comments/101hxlj/official_2022_end_of_year_salary_sharing_thread/
True,,,,44000.0,GBP,Aerospace,BEng (Hons) in Computer Aided Engineering (2007),,,,"Currently pivoting into data/business intelligence; skills include VBA, Python, Power BI; recently completed Tableau certification; just received a pay rise to 44k GBP and seeking higher earnings.",t1_j6yy09i,https://www.reddit.com/r/datascience/comments/101hxlj/official_2022_end_of_year_salary_sharing_thread/j6yy09i/,t3_101hxlj,Pauliboo2,2023-02-02T21:44:32.000Z,1,"I think I’m going to need to go back to Uni and get a Masters in Data Science, my BEng (Hons) was in Computer Aided Engineering back in 2007

I’ve been working in Aerospace for the last 14 years, now pivoting my role into data / business intelligence utilising home grown skills in VBA, Python, PowerBI and now I’ve just completed Tableau certification.

I’ve just had a pay rise to £44k and thought that was good, but seeing these figures I need to push myself and earn better!",,,,,14 years in Aerospace,,,,,101hxlj,[Official] 2022 End of Year Salary Sharing thread,https://www.reddit.com/r/datascience/comments/101hxlj/official_2022_end_of_year_salary_sharing_thread/
True,Applied Scientist,New Grad,7 months (New Grad),170000.0,USD,Tech (> 20K employees),PhD,45000.0,300K RSU over 4 years + 15K bonus,305000.0,"End of 2021 was peak tech boom; peers received comparable offers from Amazon, Lyft, Adobe, Meta, Google, Pinterest. Team marginalized after major reorg last October; workload increased to ~60 hrs/week. Actively applying; only one response so far. Feels like employer's market; near burnout.",t1_j5gzvkc,https://www.reddit.com/r/datascience/comments/101hxlj/official_2022_end_of_year_salary_sharing_thread/j5gzvkc/,t3_101hxlj,unhashable_types,2023-01-22T23:03:58.000Z,1,"**Title:** Applied Scientist

**Tenure length:** 7 months (New Grad)

**Location:** Bay Area

**Salary:** 170K

**Company/Industry:** Tech (&gt; 20K employees)

**Education:** PhD

**Prior Experience**: Graduated in May 2022 with a PhD in an unrelated (non-CS/stats/math) field. Took CS/ML classes and worked on many side projects since 2019 after deciding to leave academia. Did a DS internship at a small startup in Summer 2021 and interviewed for new grad positions that fall. Received multiple offers in October-December 2021 to start in Summer 2022.

**Relocation/Signing Bonus**: 45K

**Stock and/or recurring bonuses:** 300K RSU over 4 years + 15K bonus

**Total comp:** 305K

The end of 2021 was the peak of the tech boom and many PhD friends who were interviewing around the same time as I did got comparable offers from Amazon, Lyft, Adobe, Meta, Google, Pinterest... A year later, these companies are no longer hiring at E4 level. Since my team got marginalized after a major reorg last October and my workload increased to \~60 hrs/week, I started actively applying to as many places as I could. Only heard back from one place. Have learned to accept it's the employer's market now, but constantly feeling at the edge of burnout.",,Bay Area,United States,San Francisco,Graduated in May 2022 with a PhD in an unrelated (non-CS/stats/math) field. Took CS/ML classes and worked on many side projects since 2019 after deciding to leave academia. Did a DS internship at a small startup in Summer 2021 and interviewed for new grad positions that fall. Received multiple offers in Oct–Dec 2021 to start in Summer 2022.,True,,,,101hxlj,[Official] 2022 End of Year Salary Sharing thread,https://www.reddit.com/r/datascience/comments/101hxlj/official_2022_end_of_year_salary_sharing_thread/
True,,,,,INR,,,,,,"Comment provides average salaries in India (not a personal salary): Data Scientist with 2 years of experience average base ~1,000,000 INR (~12,500 USD). Corporate employee average base ~620,000 INR (~7,750 USD). No bonuses, equity, or total compensation mentioned.",t1_j3lqgnb,https://www.reddit.com/r/datascience/comments/101hxlj/official_2022_end_of_year_salary_sharing_thread/j3lqgnb/,t3_101hxlj,Imtiaz1729,2023-01-09T13:08:58.000Z,1,"It depends on how we live. Of course I have been struggling like I mentioned. Many of my classmates didn't get a job even after completing master's in Statistics.

Average salary for a data scientist with 2 years of experience in India is $12500 (1,000,000 INR), whereas a corporate employee gets in general $7750 (620,000 INR).",,India,India,,,,,,,101hxlj,[Official] 2022 End of Year Salary Sharing thread,https://www.reddit.com/r/datascience/comments/101hxlj/official_2022_end_of_year_salary_sharing_thread/
True,,Senior,,,GBP,,,,,,Most senior roles reported as ~£90k–£100k total compensation in London; costs are higher compared to the north.,t1_j2tato5,https://www.reddit.com/r/datascience/comments/101hxlj/official_2022_end_of_year_salary_sharing_thread/j2tato5/,t3_101hxlj,Chy-key,2023-01-03T20:24:29.000Z,1,"Thanks! Most senior roles are pushing £90k - £100k TC in London, things are pretty expensive compared to up north though.",,London,United Kingdom,London,,,,,,101hxlj,[Official] 2022 End of Year Salary Sharing thread,https://www.reddit.com/r/datascience/comments/101hxlj/official_2022_end_of_year_salary_sharing_thread/
True,Warehouse worker,,,30000.0,GBP,,,,,,Comment references another salary: 29k in London (United Kingdom) for an unspecified skilled/educated role; primary explicit job detail given is the mate being a warehouse worker making 30k in the North West.,t1_j7a2s0e,https://www.reddit.com/r/datascience/comments/101hxlj/official_2022_end_of_year_salary_sharing_thread/j7a2s0e/,t3_101hxlj,Able-Addition282,2023-02-05T06:04:31.000Z,1,"Wow imagine spending thousands getting skilled and educated just to get ripped off in this manner, 29k in London?? mi mate is a warehouse worker in the north west and he makes 30k",,the north west,United Kingdom,,,,,,,101hxlj,[Official] 2022 End of Year Salary Sharing thread,https://www.reddit.com/r/datascience/comments/101hxlj/official_2022_end_of_year_salary_sharing_thread/
True,Software Engineer,,,,,,GED and some college,,,400000.0,Total compensation described as 'pushing 400k' (approximate). Emphasizes impact on business and communication skills.,t1_j4gb5ol,https://www.reddit.com/r/datascience/comments/101hxlj/official_2022_end_of_year_salary_sharing_thread/j4gb5ol/,t3_101hxlj,syphrix,2023-01-15T15:02:14.000Z,1,I’m a SWE also with a GED and some college. I don’t have your TC but mine is pushing 400k and can attest to everything you state here. Especially the bit about actually moving the business needle and clearly communicating.,,,,,,,,,,101hxlj,[Official] 2022 End of Year Salary Sharing thread,https://www.reddit.com/r/datascience/comments/101hxlj/official_2022_end_of_year_salary_sharing_thread/
True,analytics solutions architecture lead,Lead,3 yrs,135000.0,,agency,bachelors - non computer science,,have had a few spot bonuses,145000.0,,t1_ho5cwlb,https://www.reddit.com/r/datascience/comments/re46xx/official_2021_end_of_year_salary_sharing_thread/ho5cwlb/,t3_re46xx,r0ck13r4c00n,2021-12-11T18:22:36.000Z,2,"* **Title:** analytics solutions architecture lead
* **Tenure length:** 3 yrs
* **Location:** major metro area
   * **$Remote:** fully remote 
* **Salary:** 135k
* **Company/Industry:** agency 
* **Education:** bachelors - non computer science
* **Prior Experience:** 10 years as analyst 
   * **$Internship** na
   * **$Coop** na 
* **Relocation/Signing Bonus:** na 
* **Stock and/or recurring bonuses:** have had a few spot bonuses 
* **Total comp:** 145k",True,major metro area,,,10 years as analyst,,,,,re46xx,[Official] 2021 End of Year Salary Sharing thread,https://www.reddit.com/r/datascience/comments/re46xx/official_2021_end_of_year_salary_sharing_thread/
True,Data Scientist,,5 months,116000.0,USD,Mining,BS Economics; Master’s of Computer Science,0.0,12-24% bonus,135000.0,,t1_m96sfru,https://www.reddit.com/r/datascience/comments/1ia175l/official_2024_end_of_year_salary_sharing_thread/m96sfru/,t3_1ia175l,eskin22,2025-01-26T00:55:28.000Z,123,"**Title:** Data Scientist

* **Tenure length:** 5 months
* **Location:** Midwest
   * **$Remote:** Fully
* **Salary:** 116K
* **Company/Industry:** Mining
* **Education:** BS Economics; Master’s of Computer Science
* **Prior Experience:**
   * **$Internship** 1.5 YoE data science intern; 6 months SWE intern
   * **$Coop**
* **Relocation/Signing Bonus:** None
* **Stock and/or recurring bonuses:** 12-24% Bonus
* **Total comp:** ~$135K",True,Midwest,United States,,1.5 years data science intern; 6 months SWE intern,True,,,,1ia175l,[Official] 2024 End of Year Salary Sharing thread,https://www.reddit.com/r/datascience/comments/1ia175l/official_2024_end_of_year_salary_sharing_thread/
True,"Senior Data Scientist, Research",L5,4 years at Google (7 total YOE),205000.0,USD,Google,Mastered out of PhD program,,Annual bonus 41000; Stock/RSUs 125000 per year granted (up to 160000 with stock growth),405000.0,Hybrid role with a super commute from a lower cost of living area. Total compensation specified as take-home.,t1_m975cip,https://www.reddit.com/r/datascience/comments/1ia175l/official_2024_end_of_year_salary_sharing_thread/m975cip/,t3_1ia175l,latte214270,2025-01-26T02:09:14.000Z,80,"**Title:** Senior Data Scientist, Research (L5)

**Location:** NYC, hybrid, super commute from a lower cost of living area

**Company:** Google

**Tenure:** 4 years at G, 7 total YOE

**Education:** Mastered out of PhD program 

**Salary:** $205k

**Bonus:** $41k

**Stock:** $125k/year granted, $160k with stock growth

**Total Compensation:** $405k take home",True,"NYC, hybrid, super commute from a lower cost of living area",United States,New York City,7 total YOE,,,,,1ia175l,[Official] 2024 End of Year Salary Sharing thread,https://www.reddit.com/r/datascience/comments/1ia175l/official_2024_end_of_year_salary_sharing_thread/
True,,,,,,,,,Annual refresher grant around 135000 last year for most peers; poster’s grant was a little smaller due to a small change in roles.,,Had a small change in roles last year which made their grant smaller than most.,t1_m97n2yj,https://www.reddit.com/r/datascience/comments/1ia175l/official_2024_end_of_year_salary_sharing_thread/m97n2yj/,t3_1ia175l,latte214270,2025-01-26T03:56:49.000Z,8,I had a small change in roles last year so my grant was a little smaller than most. I think most of us got ~135k as our annual refresher last year.,,,,,,,,,,1ia175l,[Official] 2024 End of Year Salary Sharing thread,https://www.reddit.com/r/datascience/comments/1ia175l/official_2024_end_of_year_salary_sharing_thread/
True,Associate Data Scientist,Associate,4 years,89000.0,USD,Banking,B.S. Physics,,$5K in bonus,94000.0,Started at about $75k TC,t1_m96s7sr,https://www.reddit.com/r/datascience/comments/1ia175l/official_2024_end_of_year_salary_sharing_thread/m96s7sr/,t3_1ia175l,bhopki11,2025-01-26T00:54:12.000Z,66,"Title: Associate Data Scientist

•	⁠Tenure length: 4 years

•	⁠Location: MCOL USA

•	⁠Salary: $89K

•	⁠Company/Industry: Banking

•	⁠Education: B.S. Physics

•	⁠Prior Experience: 5 years in other industries
 
•	⁠Stock and/or recurring bonuses: $5K in Bonus

•	⁠Total comp: $94K

Started at about $75k TC",,MCOL USA,United States,,5 years in other industries,,,,,1ia175l,[Official] 2024 End of Year Salary Sharing thread,https://www.reddit.com/r/datascience/comments/1ia175l/official_2024_end_of_year_salary_sharing_thread/
True,,,,115.0,,,,,,,Average salary targeted during recruiting; desired candidate experience was 2-4 years.,t1_m98yw47,https://www.reddit.com/r/datascience/comments/1ia175l/official_2024_end_of_year_salary_sharing_thread/m98yw47/,t3_1ia175l,3StickNakedDrummer,2025-01-26T11:02:36.000Z,11,I agree. I recently was recruiting and 2-4 years experience is what we wanted. Avg salary we aimed for was $115.,,,,,,,,,,1ia175l,[Official] 2024 End of Year Salary Sharing thread,https://www.reddit.com/r/datascience/comments/1ia175l/official_2024_end_of_year_salary_sharing_thread/
True,,,,,,,,,,110000.0,"Thinks they can get at least 110k total compensation if switching jobs; weighing risk of changing jobs and mentions having a good boss. References having similar experience, tenure, and degrees to the person they’re replying to.",t1_m978l9x,https://www.reddit.com/r/datascience/comments/1ia175l/official_2024_end_of_year_salary_sharing_thread/m978l9x/,t3_1ia175l,Wojtkie,2025-01-26T02:28:13.000Z,16,"Hmm, you seem similar to me wrt to experience, tenure, and degrees. Do you feel like you’re being underpaid? I’ve been thinking about jumping ship cause I thiiiink I can get at least 110k TOC, but changing jobs is always risky and I have a good boss atm.",,,,,,,,,,1ia175l,[Official] 2024 End of Year Salary Sharing thread,https://www.reddit.com/r/datascience/comments/1ia175l/official_2024_end_of_year_salary_sharing_thread/
True,Staff Data Scientist,Staff,5yr,305000.0,CAD,Tech,Bsc,,,,,t1_m96qqq7,https://www.reddit.com/r/datascience/comments/1ia175l/official_2024_end_of_year_salary_sharing_thread/m96qqq7/,t3_1ia175l,mfilo,2025-01-26T00:45:57.000Z,61,"**Title**: Staff Data Scientist

- **Tenure length**: 5yr
- **Location**: Toronto
  - **$Remote**: yes
- **Salary**: $305k CAD
- **Company/Industry**: Tech
- **Education**: Bsc
- **Prior Experience**: 
  - **Coop**: 4 months :D",True,Toronto,Canada,Toronto,Coop 4 months,,True,,,1ia175l,[Official] 2024 End of Year Salary Sharing thread,https://www.reddit.com/r/datascience/comments/1ia175l/official_2024_end_of_year_salary_sharing_thread/
True,"Senior Director, Analytics",Senior Director,5 years,195000.0,USD,Telecomms,MBA,,Annual bonus: 50000; RSUs: 60000,305000.0,,t1_m96qrxz,https://www.reddit.com/r/datascience/comments/1ia175l/official_2024_end_of_year_salary_sharing_thread/m96qrxz/,t3_1ia175l,djw255,2025-01-26T00:46:08.000Z,52,"* Title: Senior Director, Analytics
* Tenure: 5 years
* Location: MCOL northeast
* Salary: $195K
* Industry: Telecomms
* Education: MBA
* Prior experience: 10 YOE
* Bonus/stock: $50k, $60k RSU’s
* Total comp: $305K",,MCOL northeast,United States,,10 YOE,,,,,1ia175l,[Official] 2024 End of Year Salary Sharing thread,https://www.reddit.com/r/datascience/comments/1ia175l/official_2024_end_of_year_salary_sharing_thread/
True,Data Science Director,Director,6 years,233000.0,USD,Financial Holding Company,Masters,0.0,"$40K bonus, $16K RSUs",289000.0,wow this is honestly the first time I’ve added these up,t1_m96nhcg,https://www.reddit.com/r/datascience/comments/1ia175l/official_2024_end_of_year_salary_sharing_thread/m96nhcg/,t3_1ia175l,lordoflolcraft,2025-01-26T00:27:50.000Z,129,"**Title:** Data Science Director

* **Tenure length:** 6 years
* **Location:** NYC
* **Salary:** $233K
* **Company/Industry:** Financial Holding Company
* **Education:** Masters
* **Prior Experience:** 9 YoE, previously Manager, Senior DS, DS and Data Analyst
* **Relocation/Signing Bonus:** None
* **Stock and/or recurring bonuses:** $40K bonus, $16K RSUs
* **Total comp:** $289K (wow this is honestly the first time I’ve added these up)",,NYC,United States,New York City,"9 YoE, previously Manager, Senior DS, DS and Data Analyst",,,,,1ia175l,[Official] 2024 End of Year Salary Sharing thread,https://www.reddit.com/r/datascience/comments/1ia175l/official_2024_end_of_year_salary_sharing_thread/
True,,,,,,,,,"RSUs: grant size noted as ""16K"" for 4 years running; yearly vest probably close to 16K or higher due to stock price appreciation. Vested RSUs appear on W-2.",,"No base salary or bonus amounts provided. Commenter mentions they have not been at their new salary/bonus level for very long. Mentions using TurboTax and that RSUs that vest are reported on the W-2. The ""16K"" figure may refer to USD value but currency/units are not explicitly stated.",t1_m96pa3k,https://www.reddit.com/r/datascience/comments/1ia175l/official_2024_end_of_year_salary_sharing_thread/m96pa3k/,t3_1ia175l,lordoflolcraft,2025-01-26T00:37:50.000Z,14,"My RSUs aren’t on that, nor have I been at this new salary and bonus level for very long.

Edit: RSUs that vest are on the W2. I don’t know shit about my W2, I just put that shiz into TurboTax. I wrote 16K RSUs which is the size of my grant, and is the same size 4 years running. My yearly vest is probably also close to 16K, but more because our stock is up a lot, and early grants we’re at a lower price.",,,,,,,,,,1ia175l,[Official] 2024 End of Year Salary Sharing thread,https://www.reddit.com/r/datascience/comments/1ia175l/official_2024_end_of_year_salary_sharing_thread/
True,,,,,,,,,Some of my RSUs vest each quarter,,The company is public,t1_m97is88,https://www.reddit.com/r/datascience/comments/1ia175l/official_2024_end_of_year_salary_sharing_thread/m97is88/,t3_1ia175l,lordoflolcraft,2025-01-26T03:29:33.000Z,2,"The company is public, and some of my RSUs vest each quarter",,,,,,,,,,1ia175l,[Official] 2024 End of Year Salary Sharing thread,https://www.reddit.com/r/datascience/comments/1ia175l/official_2024_end_of_year_salary_sharing_thread/
True,Senior Data Scientist,Senior,4 years,210000.0,USD,Tier - 2/3 Tech. A step or two outside FAANG.,Masters,,$ US 65K RSUs,275000.0,,t1_m96txtc,https://www.reddit.com/r/datascience/comments/1ia175l/official_2024_end_of_year_salary_sharing_thread/m96txtc/,t3_1ia175l,Different_Muffin8768,2025-01-26T01:03:54.000Z,92,"**Title:** Senior Data Scientist

* **Tenure length:** 4 years
* **Location:** Remote: Low - Medium Cost of Living city in the US
* **Salary:** $ US 210 K 
* **Company/Industry:** Tier - 2/3 Tech. A step or two outside FAANG. 
* **Education:** Masters
* **Prior Experience:** 3 YoE(Total), as Data Analyst and Senior Stats Analyst
* **Relocation/Signing Bonus:** None
* **Stock and/or recurring bonuses:** $ US 65K RSUs
* **Total comp:** $ US 275K",True,Remote: Low - Medium Cost of Living city in the US,United States,,"3 YoE (Total), as Data Analyst and Senior Stats Analyst",,,,,1ia175l,[Official] 2024 End of Year Salary Sharing thread,https://www.reddit.com/r/datascience/comments/1ia175l/official_2024_end_of_year_salary_sharing_thread/
True,,,,,,,,,N: Intense but paid all base and no RSUs (no equity).,,"Work hours ~30-35/week. Work involves pipelines, ML, and many presentations/visibility; classic ML, nothing complicated; prefers explainability over neural nets. Culture at current org is chill. FAANG opinions: F: Intense and PIP culture; A: Intense and odd Asian timings; A: Intense and PIP culture; N: Intense but paid all base and no RSUs; G: Best optimized among FAANG.",t1_m97gxup,https://www.reddit.com/r/datascience/comments/1ia175l/official_2024_end_of_year_salary_sharing_thread/m97gxup/,t3_1ia175l,Different_Muffin8768,2025-01-26T03:18:03.000Z,18,"- It's pretty chill because of the culture at the org. 
- I put in a decent 30-35 hours a week and get things done
- Work involves: Pipelines, ML, and a lot of presentations with visibility. Classic ML; Nothing complicated. Neural Nets reduce explainability. 

- F: Intense and PIP culture
- A: Intense and odd Asian timings
- A: Intense and PIP culture
- N: Intense but paid all base and no RSUs. The upside of N
- G: Best optimized among FAANG imo",,,,,,,,,,1ia175l,[Official] 2024 End of Year Salary Sharing thread,https://www.reddit.com/r/datascience/comments/1ia175l/official_2024_end_of_year_salary_sharing_thread/
True,,,,80000.0,GBP,,,,,,Mentions having nearly identical work history and education as the person they are replying to.,t1_m9bkvx9,https://www.reddit.com/r/datascience/comments/1ia175l/official_2024_end_of_year_salary_sharing_thread/m9bkvx9/,t3_1ia175l,nyca,2025-01-26T19:56:05.000Z,3,"Wtf, I have nearly identical work history and education as you but am in the UK at £80k.",,UK,United Kingdom,,,,,,,1ia175l,[Official] 2024 End of Year Salary Sharing thread,https://www.reddit.com/r/datascience/comments/1ia175l/official_2024_end_of_year_salary_sharing_thread/
True,Principal Data Scientist,Principal,6 years,183000.0,USD,Retail/CPG,MS EE; all-but dissertation on PhD (did not complete),,$100k yearly RSU grant; 20% target cash bonus,320000.0,Started at about $120k total compensation in 2018 with the company.,t1_m96r3u7,https://www.reddit.com/r/datascience/comments/1ia175l/official_2024_end_of_year_salary_sharing_thread/m96r3u7/,t3_1ia175l,rajhm,2025-01-26T00:48:00.000Z,36,"**Title:** Principal Data Scientist

* **Tenure length:** 6 years
* **Location:** Southern USA
* **Salary:** $183k
* **Company/Industry:** Retail/CPG
* **Education:** MS EE, all-but dissertation on PhD (did not complete)
* **Prior Experience:** none (total 6 YoE in industry)
* **Stock and/or recurring bonuses:** $100k yearly RSU grant; 20% target for cash bonus
* **Total comp:** \~$320k

Started at about $120k TC in 2018 with the company.",,Southern USA,United States,,None (total 6 YoE in industry),,,,,1ia175l,[Official] 2024 End of Year Salary Sharing thread,https://www.reddit.com/r/datascience/comments/1ia175l/official_2024_end_of_year_salary_sharing_thread/
True,Data Scientist,,0 Years,250000.0,CAD,Consulting,MSc Math,,,,US-based remote role; working from Canada.,t1_m96mzf5,https://www.reddit.com/r/datascience/comments/1ia175l/official_2024_end_of_year_salary_sharing_thread/m96mzf5/,t3_1ia175l,_hairyberry_,2025-01-26T00:25:05.000Z,76,"
**Title:** Data Scientist

* **Tenure length:** 0 Years
* **Location:** Remote USA (working from Canada)
* **Salary:** $250k CAD
* **Company/Industry:** Consulting
* **Education:** MSc Math
* **Prior Experience:** 3.5 years in Data Science/related field",True,Remote USA (working from Canada),Canada,,3.5 years in Data Science/related field,,,,,1ia175l,[Official] 2024 End of Year Salary Sharing thread,https://www.reddit.com/r/datascience/comments/1ia175l/official_2024_end_of_year_salary_sharing_thread/
True,,,,,CAD,,,,,100000.0,Stated as previous total compensation (TC) before current role; no base/bonus/stock breakdown or location provided.,t1_m97f52j,https://www.reddit.com/r/datascience/comments/1ia175l/official_2024_end_of_year_salary_sharing_thread/m97f52j/,t3_1ia175l,_hairyberry_,2025-01-26T03:07:02.000Z,19,"I was making $100k CAD TC before this. Good portion of this was luck if I’m being honest. Otherwise I’d say make your presence known in the community, e.g. on LinkedIn",,,,,,,,,,1ia175l,[Official] 2024 End of Year Salary Sharing thread,https://www.reddit.com/r/datascience/comments/1ia175l/official_2024_end_of_year_salary_sharing_thread/
True,Data Scientist,,3yrs,140000.0,USD,Oil and Gas,Masters in Applied Statistics,15000.0,15-30% bonus (no bonus this year due to Covid),140000.0,Considering a new job outside O&G with a base paycut to 125000 due to industry downturn and instability.,t1_ghe6iex,https://www.reddit.com/r/datascience/comments/klvb55/official_2020_end_of_year_salary_sharing_thread/ghe6iex/,t3_klvb55,pntbttrnjlly,2020-12-29T14:20:48.000Z,84,"* **Title:** Data Scientist
* **Tenure length:** 3yrs
* **Location:** Houston
* **Salary:** $140,000
* **Company/Industry:** Oil and Gas
* **Education:** Masters in Applied Statistics
* **Prior Experience:** 2yrs of actuarial experience
* **Relocation/Signing Bonus:** $15,000 signing bonus
* **Stock and/or recurring bonuses:** 15-30% bonus  (no bonus this year of course due to Covid)
* **Total comp:** $140,000

I'm about to accept a new job that will be include a nice paycut (125K) just to get out of O&amp;G.  The industry is on a downturn and I think now is a good time move on.  The premium pay is no longer worth the instability.",,Houston,United States,Houston,2yrs of actuarial experience,,,,,klvb55,[Official] 2020 End of Year Salary Sharing thread,https://www.reddit.com/r/datascience/comments/klvb55/official_2020_end_of_year_salary_sharing_thread/
True,Program Analyst,,1 years,86000.0,USD,Federal Gov't (non defense),M.Ed.,0.0,None,,"Work primarily involves data analysis using R, Python, Tableau, and Excel; minimal ML. Builds scripts and Shiny frontends to automate tasks for others.",t1_ghc9kb6,https://www.reddit.com/r/datascience/comments/klvb55/official_2020_end_of_year_salary_sharing_thread/ghc9kb6/,t3_klvb55,KT421,2020-12-29T00:07:11.000Z,50,"Title: Program Analyst  
Tenure length: 1 years  
Location: DC  
Salary: $86000  
Company/Industry: Federal Gov't (non defense)  
Education: M.Ed.  
Prior Experience: 8 years at same agency in administrative positions  
Relocation/Signing Bonus: Nope  
Stock and/or recurring bonuses: Lolnope       

Most of my work is Data Analyst stuff, using R, Python, Tableau, or sometimes good old Excel for data wrangling and visualizations. Very little in the way of ML. A lot of writing a script to do some tedious task, then writing a Shiny frontend so other people can do the same thing without having to look at the scary code.",,DC,United States,Washington DC,8 years at same agency in administrative positions,,,,,klvb55,[Official] 2020 End of Year Salary Sharing thread,https://www.reddit.com/r/datascience/comments/klvb55/official_2020_end_of_year_salary_sharing_thread/
True,Data Scientist,,1 year,85000.0,USD,Defense,Masters of Science in Data Science,,Stock and/or recurring bonuses: 2000,87000.0,All prior experience was while in school; current role is first full-time position since graduating.,t1_ghd27sc,https://www.reddit.com/r/datascience/comments/klvb55/official_2020_end_of_year_salary_sharing_thread/ghd27sc/,t3_klvb55,DS_throwaway55,2020-12-29T04:30:27.000Z,38,"* **Title:** Data Scientist
* **Tenure length:** 1 year
* **Location:** D.C.
* **Salary: $**85,000
* **Company/Industry:** Defense
* **Education:** Masters of Science in Data Science
* **Prior Experience:** 3 years as research assistant (statistics), 2 years graduate research assistant (data science), 1 year data intern (government position), 1/2 year analyst intern
   * Note all my previous expirience was while I was in school not full time positions, my current position is my first position since school
* **Relocation/Signing Bonus:** N/A
* **Stock and/or recurring bonuses: $**2,000
* **Total comp: $**87,000",,D.C.,United States,Washington DC,3 years research assistant (statistics); 2 years graduate research assistant (data science); 1 year data intern (government); 0.5 year analyst intern,True,,,,klvb55,[Official] 2020 End of Year Salary Sharing thread,https://www.reddit.com/r/datascience/comments/klvb55/official_2020_end_of_year_salary_sharing_thread/
True,Data Analyst,,,60000.0,,Agriculture,2023 graduate,,,,WFH full time; mentions automating much of the job; '2023 vibecession grad',t1_m96rv91,https://www.reddit.com/r/datascience/comments/1ia175l/official_2024_end_of_year_salary_sharing_thread/m96rv91/,t3_1ia175l,throwaway_67876,2025-01-26T00:52:17.000Z,72,"60k, 2023 vibecession grad :/
Data Analyst in agriculture. The bright side is WFH full time and the boomers I work with are so dumb I can just automate my job and barely do anything.",True,,,,,,,,,1ia175l,[Official] 2024 End of Year Salary Sharing thread,https://www.reddit.com/r/datascience/comments/1ia175l/official_2024_end_of_year_salary_sharing_thread/
True,Senior Software Engineer (ML),Senior,<6 mo,240000.0,,Fintech,B.S. Stats tier 2 school,60000.0,60k,360000.0,Previous role: Data Scientist with 140k comp. Switched to ML Engineering for a larger than expected pay bump.,t1_ghb74am,https://www.reddit.com/r/datascience/comments/klvb55/official_2020_end_of_year_salary_sharing_thread/ghb74am/,t3_klvb55,DSthrowaway267,2020-12-28T18:32:53.000Z,72,"* **Title**: Senior Software Engineer (ML)
* **Tenure length**: &lt;6 mo
* **Location**: HCOL major tech hub 
* **Salary**: 240k
* **Company/Industry**: Fintech
* **Education**: B.S. Stats tier 2 school
* **Prior Experience**: 1 year in finance industry, 1.5 years in small tech, both as DS. 1 year co-oping at hedge funds while in school.
* **Relocation/Signing Bonus**: 60k
* **Stock and/or recurring bonuses**: 60k
* **Total comp**: 360k

My last job I was a data scientist with 140k comp, decided to switch over to ML Engineering for a larger than expected pay bump.",,HCOL major tech hub,,,"1 year in finance industry, 1.5 years in small tech, both as DS. 1 year co-oping at hedge funds while in school.",,True,,,klvb55,[Official] 2020 End of Year Salary Sharing thread,https://www.reddit.com/r/datascience/comments/klvb55/official_2020_end_of_year_salary_sharing_thread/
True,Senior Data Scientist,Senior,1 year DS,150000.0,CAD,,BSc,0.0,80000 CAD,230000.0,,t1_m96snyy,https://www.reddit.com/r/datascience/comments/1ia175l/official_2024_end_of_year_salary_sharing_thread/m96snyy/,t3_1ia175l,koscu,2025-01-26T00:56:45.000Z,24,"* **Title:** Senior Data Scientist

* **Tenure length:** 1 year DS, 5 years DA
* **Location:** Canada
   * **$Remote:** Yes
* **Salary:** $150k CAD
* **Company/Industry:** N/A
* **Education:** BSc
* **Prior Experience:**
   * **$Internship** No
   * **$Coop** No
* **Relocation/Signing Bonus:** No
* **Stock and/or recurring bonuses:** $80k CAD
* **Total comp:** $230k",True,Canada,Canada,,5 years DA,False,False,,,1ia175l,[Official] 2024 End of Year Salary Sharing thread,https://www.reddit.com/r/datascience/comments/1ia175l/official_2024_end_of_year_salary_sharing_thread/
True,research scientist/engineer,,~1yr,265000.0,CAD,llm company you probably know,,,RSUs: 860k (private) over 4 years; ~215k/year,480000.0,"Poster lists total comp as 265k base-only, or 480k when including RSUs.",t1_m977217,https://www.reddit.com/r/datascience/comments/1ia175l/official_2024_end_of_year_salary_sharing_thread/m977217/,t3_1ia175l,koolaidman123,2025-01-26T02:19:17.000Z,20,"Title: research scientist/engineer

Tenure length: ~1yr
    
Location: remote in canada

Salary: 265k

Company/Industry: llm company you probably know

Prior Experience: 6 yoe, last 3 specifically llms

Stock and/or recurring bonuses: 860k (private) rsus 4 year vest  215k/year

Total comp: 265k, 480k if factoring rsus",True,remote in canada,Canada,,"6 yoe, last 3 specifically llms",,,,,1ia175l,[Official] 2024 End of Year Salary Sharing thread,https://www.reddit.com/r/datascience/comments/1ia175l/official_2024_end_of_year_salary_sharing_thread/
True,Data Scientist,,2 years,70000.0,EUR,,Master’s of DS,,5000 (stock and/or recurring bonuses),75000.0,,t1_m97w8wd,https://www.reddit.com/r/datascience/comments/1ia175l/official_2024_end_of_year_salary_sharing_thread/m97w8wd/,t3_1ia175l,happyvoxod,2025-01-26T05:00:03.000Z,19,"Title: Data Scientist

•	⁠Tenure length: 2 years

•	⁠Location: Germany

	⁠•	⁠$Remote: HYBRID

•	⁠Salary: 70K 

•	⁠Company/Industry: 

•	⁠Education: Master’s of DS

•	⁠Prior Experience:
	⁠•	⁠$1.5 YoE data scientist

•	⁠Relocation/Signing Bonus: None

•	⁠Stock and/or recurring bonuses: 5K

•	⁠Total comp: ~$75k",True,Germany,Germany,,1.5 YoE data scientist,,,,,1ia175l,[Official] 2024 End of Year Salary Sharing thread,https://www.reddit.com/r/datascience/comments/1ia175l/official_2024_end_of_year_salary_sharing_thread/
True,AI Engineer,,3 months,230000.0,JPY,Healthcare,BA in business; mid ass school in Tokyo,,Annual bonus equal to 4x monthly income (4 months' salary). No stock/equity mentioned.,,Salary stated as pre-tax. Fresh graduate; believes pay is low compared to Japan average and hopes to increase with job change.,t1_m979mej,https://www.reddit.com/r/datascience/comments/1ia175l/official_2024_end_of_year_salary_sharing_thread/m979mej/,t3_1ia175l,levanovik_2002,2025-01-26T02:34:18.000Z,17,"
**Title:** AI Engineer

* **Tenure length:**3 months
* **Location:**Osaka
* **Salary:**230000 yen pre-tax
* **Company/Industry:** Healthcare
* **Education:**BA in business, mid ass school in Tokyo
* **Prior Experience:**2 internships, one for Data science, one for software
* **Relocation/Signing Bonus:**4x my monthly income per year in bonus

I believe it’s pretty low even compared to average income in Japan, but i am not sure. Still a fresh graduate so i hope i will get higher salary if changing my job.",,Osaka,Japan,Osaka,2 internships: one in Data Science and one in software,True,,,,1ia175l,[Official] 2024 End of Year Salary Sharing thread,https://www.reddit.com/r/datascience/comments/1ia175l/official_2024_end_of_year_salary_sharing_thread/
True,Data Scientist Analyst,,2 years 4 months,90000.0,USD,Consumer Product Goods (CPG),Bachelor of Science in Information Technology,5000.0,Target bonus 8% of salary; no equity mentioned,98000.0,Believes comp is low; seeking better opportunity. Appreciates learning on the job and job security (low risk of PIP or being fired).,t1_m96tk0r,https://www.reddit.com/r/datascience/comments/1ia175l/official_2024_end_of_year_salary_sharing_thread/m96tk0r/,t3_1ia175l,The_Great_Khal,2025-01-26T01:01:44.000Z,30,"**Title:** Data Scientist Analyst

* **Tenure length:** 2 years 4 months
* **Location:** NJ - Hybrid
* **Salary:** $90k Base
* **Company/Industry:** Consumer Product Goods (CPG)
* **Education:** Bachelor of Science in Information Technology
* **Prior Experience:**
   * **Internship:** Data Analyst Intern for 3 months at the same company
* **Relocation/Signing Bonus:** $5000 Signing Bonus
* **Stock and/or recurring bonuses:** Target Bonus 8% of Salary
* **Total comp:** $98k

I know this is super low and I am honestly looking for a better job. It was nice to have a gig in Data Science without years of experience needed or an MS. I am learning a lot in this job and being paid to learn. It is also in a safe company so low-risk of being PIP'd or fired.",True,NJ - Hybrid,United States,,Data Analyst Intern for 3 months at the same company,True,,,,1ia175l,[Official] 2024 End of Year Salary Sharing thread,https://www.reddit.com/r/datascience/comments/1ia175l/official_2024_end_of_year_salary_sharing_thread/
True,Senior Data Scientist,Senior,2 Years,145000.0,USD,Banking,B.S. Industrial Eng & M.S. Data Science,,4K-6K,150000.0,Hybrid about to RTO,t1_m96y6oy,https://www.reddit.com/r/datascience/comments/1ia175l/official_2024_end_of_year_salary_sharing_thread/m96y6oy/,t3_1ia175l,[deleted],2025-01-26T01:27:59.000Z,13,"
Title: Senior Data Scientist 

Tenure length: 2 Years

Location: Midwest 

 Remote: Hybrid about to RTO

Salary: 145k

Company/Industry: Banking

Education: B.S. Industrial Eng &amp; M.S. Data Science

Prior Experience: 5 as Analyst &amp; 5 as D.S.

Stock and/or recurring bonuses: 4K-6K

Total comp: 150k",True,Midwest,United States,,5 as Analyst & 5 as D.S.,,,,,1ia175l,[Official] 2024 End of Year Salary Sharing thread,https://www.reddit.com/r/datascience/comments/1ia175l/official_2024_end_of_year_salary_sharing_thread/
True,Data Science manager,Manager,2 years,300000.0,USD,tech,BA in poli sci,,"380k, about to be 500k",680000.0,About to be promoted to Senior DSM; total comp expected to be ~800k post-promotion.,t1_m96vdwh,https://www.reddit.com/r/datascience/comments/1ia175l/official_2024_end_of_year_salary_sharing_thread/m96vdwh/,t3_1ia175l,HoneyIAteTheCat,2025-01-26T01:11:54.000Z,65,"Editing to remove potentially identifying info

Title: Data Science manager, about to be promoted to Senior DSM

* Tenure length: 2 years in role
* Location: East Coast
* Salary: 300k
* Company/Industry: tech
* Education: BA in poli sci
* Prior Experience: 9.5 years in analytics, 6.5 in consumer tech
* Stock and/or recurring bonuses: 380k, about to be 500k
* Total comp: 680k, about to be ~800k",,East Coast,United States,,"9.5 years in analytics, 6.5 in consumer tech",,,,,1ia175l,[Official] 2024 End of Year Salary Sharing thread,https://www.reddit.com/r/datascience/comments/1ia175l/official_2024_end_of_year_salary_sharing_thread/
True,Senior Data Analyst,Senior,1.5 yr,95000.0,USD,Higher Ed Philanthropy,"PhD Biomed, Boot camp Cert",,,95000.0,,t1_m974t40,https://www.reddit.com/r/datascience/comments/1ia175l/official_2024_end_of_year_salary_sharing_thread/m974t40/,t3_1ia175l,dr_gymrat,2025-01-26T02:06:05.000Z,9,"Senior Data Analyst

Tenure length: 1.5 yr
Location: Texas Remote
Salary: $95k
Company/Industry: Higher Ed Philanthropy 
Education: PhD Biomed, Boot camp Cert
Prior Experience: 2 yr Data Analyst, 6 yrs sort of related. 
Relocation/Signing Bonus: n/a
Stock and/or recurring bonuses: n/a
Total comp: $95k",True,Texas Remote,United States,,"2 yr Data Analyst, 6 yrs sort of related.",,,,,1ia175l,[Official] 2024 End of Year Salary Sharing thread,https://www.reddit.com/r/datascience/comments/1ia175l/official_2024_end_of_year_salary_sharing_thread/
True,DS Director,Director,,330000.0,,consulting,PhD,,Annual bonus: 120000,450000.0,,t1_m97rsy2,https://www.reddit.com/r/datascience/comments/1ia175l/official_2024_end_of_year_salary_sharing_thread/m97rsy2/,t3_1ia175l,Popular_Taro8306,2025-01-26T04:28:34.000Z,10,"- Title: DS Director

-Location: MCOL

-Salary: 330k

-Industry: consulting

-Education: PhD

-Experience: 5 YOE

-Bonus: 120k

-Total Comp: 450k",,MCOL,,,5 YOE,,,,,1ia175l,[Official] 2024 End of Year Salary Sharing thread,https://www.reddit.com/r/datascience/comments/1ia175l/official_2024_end_of_year_salary_sharing_thread/
True,Data Scientist | Test Engineer,,,101000.0,USD,Defense,,3000.0,Yearly bonus: 3000; 8000 raise noted; no stock/equity mentioned; federal government benefits,140000.0,Mentions 'fed govt bennys' and 'a lot of bennys'; total comp estimate excludes a free master's degree benefit.,t1_m96pad8,https://www.reddit.com/r/datascience/comments/1ia175l/official_2024_end_of_year_salary_sharing_thread/m96pad8/,t3_1ia175l,baileyarzate,2025-01-26T00:37:52.000Z,17,"- Title: Data Scientist | Test Engineer 
- Location: Lancaster, CA
- Salary: 101k base + fed govt bennys
- Industry: Defense
- Prior experience: Dept. of Energy SWE intern, some oil company, data science intern 
- signing bonus: …3k
- yearly bonus: 3k &amp; 8k raise
- total comp: a lot of bennys, about 140k not including a free masters",,"Lancaster, CA",United States,Lancaster,Dept. of Energy SWE intern; some oil company; data science intern,True,,,,1ia175l,[Official] 2024 End of Year Salary Sharing thread,https://www.reddit.com/r/datascience/comments/1ia175l/official_2024_end_of_year_salary_sharing_thread/
True,Data Science Consultant,,2 years,65000.0,GBP,Large Tech Company,PhD,5000.0,"£8,000 stock incentive (3 year vest); 23% annual bonus",90000.0,"Signing bonus is in stock; total compensation includes bonus, stock, and benefits",t1_ghfjlsk,https://www.reddit.com/r/datascience/comments/klvb55/official_2020_end_of_year_salary_sharing_thread/ghfjlsk/,t3_klvb55,disbeam,2020-12-29T21:22:08.000Z,31,"- **Title:** Data Science Consultant

- **Tenure Length:** 2 years

- **Location:** London, UK

- **Base Salary:** £65,000

- **Company/Industry:** Large Tech Company

- **Education:** PhD

- **Prior Experience:** 3 years as data science consultant for another similar firm

- **Relocation/Signing Bonus:** £5000 Signing bonus in stock

- **Stock and/or recurring bonuses:**  
  - £8,000 stock incentive (3 year vest)
  - 23% annual bonus

- **Total Comp:** ~£90,000 w/ bonus, stock &amp; benefits",,"London, UK",United Kingdom,London,3 years as data science consultant for another similar firm,,,,,klvb55,[Official] 2020 End of Year Salary Sharing thread,https://www.reddit.com/r/datascience/comments/klvb55/official_2020_end_of_year_salary_sharing_thread/
True,Conflicts Systems Analyst,,1 month,77000.0,USD,Law (Top 20 firm by size),HS; Data+; working on BS in data analytics,3000.0,Annual bonus in form of 401k contribution; No stock (Not a thing at law firms),,"Works remotely for NYC office; lives in Indiana. Quoted total compensation range: 80000–85000. Responsibilities include identifying pain points in new business intake, improving software usability for attorneys/admins, building dashboards, and training a NER model for document processing.",t1_m96zfvt,https://www.reddit.com/r/datascience/comments/1ia175l/official_2024_end_of_year_salary_sharing_thread/m96zfvt/,t3_1ia175l,borinbilly,2025-01-26T01:35:16.000Z,9,"Little unconventional (forgive formatting on mobile)

Conflicts Systems Analyst

-1 month at current employer

- NYC
— Remote (Live in Indiana)

- $77,000

- Law (Top 20 firm by size)

- HS, Data+, working on BS in data analytics

- Convinced previous law firm data science was a good investment, laterally promoted to data analyst / solutions specialist

- $3,000 signing bonus
— Annual bonus in form of 401k contribution

- No stock (Not a thing at law firms)

- $80 - $85,000


Edit: I basically use the data we have to identify pain points on our new business intake process to improve efficiency / make the software easier to use for the attorneys, admins, etc. I also make dashboards for higher ups, and trained a NER model for document processing",True,NYC,United States,New York City,Convinced previous law firm data science was a good investment; laterally promoted to data analyst / solutions specialist,,,,,1ia175l,[Official] 2024 End of Year Salary Sharing thread,https://www.reddit.com/r/datascience/comments/1ia175l/official_2024_end_of_year_salary_sharing_thread/
True,Senior Business Analyst,Senior,2 months,120000.0,USD,FAANG,BS in completely unrelated field,45000.0,"$125,000 RSU",168000.0,"Part of an analytics team. Signing/relocation bonus split: $45,000 in Year 1 and $38,000 in Year 2. Works on a highly skilled analytics team; technical experience is lighter than peers and one of the only team members without a post‑grad degree; passed a grueling interview process; finding the work challenging but manageable.",t1_gii3p2f,https://www.reddit.com/r/datascience/comments/klvb55/official_2020_end_of_year_salary_sharing_thread/gii3p2f/,t3_klvb55,martibang88,2021-01-08T03:21:13.000Z,31," 

* **Title: Senior Business Analyst (part of an analytics team)**
* **Tenure length: 2 months**
* **Location: Pacific NW**
* **Salary: $120,000**
* **Company/Industry: FAANG**
* **Education: BS in completely unrelated field** 
* **Prior Experience: 4 yrs in previous SBA role - 3 yrs in Financial Analyst role**
* **Relocation/Signing Bonus: $45,000 YR 1 / $38,000 YR 2**
* **Stock and/or recurring bonuses: $125,000 RSU**
* **Total comp: Year 1 total comp = $168,000**

**I  work on a highly skilled analytics team. My technical experience is lacking compared to most of the people I work with and I'm one of the only members of the team without a post-grad education but I somehow made it through the grueling interview process and landed a spot on the team. It's challenging work but nothing I haven't been able to handle so far.**",,Pacific NW,United States,,4 yrs in previous SBA role - 3 yrs in Financial Analyst role,,,,,klvb55,[Official] 2020 End of Year Salary Sharing thread,https://www.reddit.com/r/datascience/comments/klvb55/official_2020_end_of_year_salary_sharing_thread/
True,Data Scientist,Senior,,100000.0,EUR,Public transport,MSc CS,,,100000.0,Remote: 50% (hybrid),t1_m98ngjp,https://www.reddit.com/r/datascience/comments/1ia175l/official_2024_end_of_year_salary_sharing_thread/m98ngjp/,t3_1ia175l,RepresentativeFill26,2025-01-26T09:06:48.000Z,10,"These American salaries are crazy, some European input: 


Title: senior data scientist 
Location: Western Europe 
Remote: 50% 
Salary: 100k euro 
Industry: public transport 
Education: MSc CS  
Prior experience: 6 years in various development roles 
Total comp: 100k",True,Western Europe,,,6 years in various development roles,,,,,1ia175l,[Official] 2024 End of Year Salary Sharing thread,https://www.reddit.com/r/datascience/comments/1ia175l/official_2024_end_of_year_salary_sharing_thread/
True,Principal Data Scientist,Principal,3 years,243000.0,USD,"Tech, RE",BA Economics,110000.0,RSU: $200k,463000.0,Signing bonus spread over 2 years. Total compensation listed is for 2024.,t1_m97yf0n,https://www.reddit.com/r/datascience/comments/1ia175l/official_2024_end_of_year_salary_sharing_thread/m97yf0n/,t3_1ia175l,PM_YOUR_ECON_HOMEWRK,2025-01-26T05:16:06.000Z,8,"* Title: Principal Data Scientist
* Tenure: 3 years
* YOE: 10
* Location: Remote, USA
* Salary: $243k
* Company: Tech, RE
* Education: BA Economics 
* RSU: $200k
* Bonus: $110k signing bonus spread over 2 years
* Total Comp: $463k (2024)",True,"Remote, USA",United States,,10 years (YOE),,,,,1ia175l,[Official] 2024 End of Year Salary Sharing thread,https://www.reddit.com/r/datascience/comments/1ia175l/official_2024_end_of_year_salary_sharing_thread/
True,Head of Data Science,,5 years,145000.0,EUR,Manufacturing,PhD Economics,,"35k performance bonus, 20k equity, 30k company performance bonus",230000.0,"Comp amounts are reduced by 20% due to a 4-day workweek (extra family day, common in NL). Perks: 34 annual leave days (26 standard + 8 extra from manufacturing collective labour agreement).",t1_m989fok,https://www.reddit.com/r/datascience/comments/1ia175l/official_2024_end_of_year_salary_sharing_thread/m989fok/,t3_1ia175l,ForeverEconomy8969,2025-01-26T06:48:09.000Z,14,"Title: Head of Data Science

 Tenure length:  5 years

Location: Netherlands

 $Remote: Hybrid

Salary:  145k base

Company/Industry:  Manufacturing

Education: PhD Economics

Prior Experience: Manager, Team Lead, Lead, Sr DS, Sr ML Eng, DS, Data engineer, total 11 YOE.

$Internship/$Coop No

Relocation/Signing Bonus: 

Stock and/or recurring bonuses: 35k performance bonus, 20k equity, 30k company performance bonus

Total comp: 230k Euros 

The amounts are reduced by 20% because I work 4 days a week for an extra family day (common for young dads/mothers in NL)

And my favourite perk, 34 annual leave days: 26 standard + 8 extra days from the manufacturing collective labour agreement.",True,Netherlands,Netherlands,,"Manager, Team Lead, Lead, Sr DS, Sr ML Eng, DS, Data engineer; total 11 YOE",False,False,,,1ia175l,[Official] 2024 End of Year Salary Sharing thread,https://www.reddit.com/r/datascience/comments/1ia175l/official_2024_end_of_year_salary_sharing_thread/
True,,,,,EUR,,,,Bonuses are heavily taxed; take-home from bonuses is usually less than half.,,"States taxes are brutal in NL compared to the UK and cost of living is higher than out-of-London UK. Base salary is heavily taxed. Reduced working days by 1, earning ~20% less to reduce work effort and gain more family time.",t1_m98x3u3,https://www.reddit.com/r/datascience/comments/1ia175l/official_2024_end_of_year_salary_sharing_thread/m98x3u3/,t3_1ia175l,ForeverEconomy8969,2025-01-26T10:44:46.000Z,4,"May be, but the taxes are pretty brutal here compared to the UK. Life is also considerably more expensive in NL compared to out-of-London UK. Take home pay from my bonuses is usually less than half. The base salary is also so taxed that it makes no sense for me to earn that much at the moment compared to the effort, so basically cut working days by 1, earn 20% less, but reduce work effort and get more family time.",,NL,Netherlands,,,,,,,1ia175l,[Official] 2024 End of Year Salary Sharing thread,https://www.reddit.com/r/datascience/comments/1ia175l/official_2024_end_of_year_salary_sharing_thread/
True,Data Analyst,,0 years,70000.0,USD,healthcare,BS in Statistics/Data Science,,,,,t1_m97vnlk,https://www.reddit.com/r/datascience/comments/1ia175l/official_2024_end_of_year_salary_sharing_thread/m97vnlk/,t3_1ia175l,glowstickstingray,2025-01-26T04:55:45.000Z,7,"Data Analyst
- Tenure length: 0 years
- location: NY (hybrid)
- salary: 70k
- company/industry: healthcare
- education: BS in Statistics/Data Science
- prior experience: 2023 grad with public health data projects/capstone, but no tech internships",True,NY (hybrid),United States,,"2023 grad with public health data projects/capstone, but no tech internships",False,,,,1ia175l,[Official] 2024 End of Year Salary Sharing thread,https://www.reddit.com/r/datascience/comments/1ia175l/official_2024_end_of_year_salary_sharing_thread/
True,Data Science Manager,,2.5 years,310000.0,USD,Tech but not FAANG,Masters Econ,0.0,75000 RSUs,385000.0,,t1_m96w9hx,https://www.reddit.com/r/datascience/comments/1ia175l/official_2024_end_of_year_salary_sharing_thread/m96w9hx/,t3_1ia175l,xernt99,2025-01-26T01:16:55.000Z,6,"**Title: Data Science Manager**

* **Tenure length:** 2.5 years
* **Location:** Remote, East coast city not NYC
* **Salary:** $310k
* **Company/Industry:** Tech but not FAANG
* **Education:** Masters Econ
* **Prior Experience:** 12 years experience total, all in DS or similar
* **Relocation/Signing Bonus:** NA
* **Stock and/or recurring bonuses:** $75k RSUs
* **Total comp:** $385k",True,"Remote, East coast city not NYC",United States,,"12 years experience total, all in DS or similar",,,,,1ia175l,[Official] 2024 End of Year Salary Sharing thread,https://www.reddit.com/r/datascience/comments/1ia175l/official_2024_end_of_year_salary_sharing_thread/
True,Senior Data Analyst,Senior,5 years,120000.0,USD,Banking,Masters,,Annual bonus 10000-20000,,,t1_m97ykpd,https://www.reddit.com/r/datascience/comments/1ia175l/official_2024_end_of_year_salary_sharing_thread/m97ykpd/,t3_1ia175l,zdunn,2025-01-26T05:17:19.000Z,6,"Title: Senior Data Analyst

•	⁠Tenure length: 5 years

•	⁠Location: Albany, NY (fully remote)

•	⁠Salary: $120k

•	⁠Bonus: $10-20k annually

•	⁠Company/Industry: Banking

•	⁠Education: Masters

•	⁠Prior Experience: 1.5 years in banking but none in data science (other than grad school)",True,"Albany, NY (fully remote)",United States,Albany,1.5 years in banking but none in data science (other than grad school),,,,,1ia175l,[Official] 2024 End of Year Salary Sharing thread,https://www.reddit.com/r/datascience/comments/1ia175l/official_2024_end_of_year_salary_sharing_thread/
True,Analytics Engineer,,1 year,235000.0,USD,FAANG-adjacent tech,"Social Science PhD, Stats MA",,~270k (bonus + RSU before any stock movement),505000.0,,t1_m98v4t1,https://www.reddit.com/r/datascience/comments/1ia175l/official_2024_end_of_year_salary_sharing_thread/m98v4t1/,t3_1ia175l,datascientistdude,2025-01-26T10:24:47.000Z,6,"**Title**: Analytics Engineer

- **Tenure length**: 1 year

- **Location**: Remote, office in the Bay Area but I live in a West Coast non-Bay Area HCOL city

- **Salary**: 235k

- **Company/Industry**: FAANG-adjacent tech

- **Education**: Social Science PhD, Stats MA

- **Prior Experience**: 8 YOE (4 at FAANG)

- **Stock and/or recurring bonuses**: ~270k (bonus + RSU before any stock movement)

- **Total comp**: ~505k",True,"Remote, office in the Bay Area but I live in a West Coast non-Bay Area HCOL city",United States,,8 YOE (4 at FAANG),,,,,1ia175l,[Official] 2024 End of Year Salary Sharing thread,https://www.reddit.com/r/datascience/comments/1ia175l/official_2024_end_of_year_salary_sharing_thread/
True,Data Scientist,,4 years,148000.0,USD,Consulting; multiple industries (private sector; no government contracts),PhD; quantitative social science,,"Annual bonus, highly variable depending on contracts/revenue; typically 15-35% of base. Toward the low end this year.",170000.0,Total compensation is variable; reported as low 170s this year. No government contracts; COVID slowed new contracts this year.,t1_ghcvk08,https://www.reddit.com/r/datascience/comments/klvb55/official_2020_end_of_year_salary_sharing_thread/ghcvk08/,t3_klvb55,anonamen,2020-12-29T03:26:31.000Z,30,"Always find this concept useful. Not enough sample to do much with on this site, but always nice to have a more data to work with when trying to pin down market value. 

**Title**: Data Scientist  
**Tenure**: 4 years  
**Location**: DC  
**Salary**: 148k  
**Industry**: Consulting; multiple industries (private sector; no government contracts).   
**Education**: PhD; quantitative social science.   
**Prior** **experience**: various internships; TA'd stats during PhD; 2 years as a data analyst  
**Bonus** **comp**: annual and highly variable depending on how contracts are going, how much revenue is coming in; typically 15-35% of base salary. Towards the low end of that this year; thanks to COVID we were slower on adding new contracts than usual.   
**Total** **comp**: Variable; see bonus. Low 170s this year.",,DC,United States,Washington DC,Various internships; TA'd stats during PhD; 2 years as a data analyst,True,,,,klvb55,[Official] 2020 End of Year Salary Sharing thread,https://www.reddit.com/r/datascience/comments/klvb55/official_2020_end_of_year_salary_sharing_thread/
True,Director of Data Science,Director,~10y,,,Big tech,PhD,,Stock: ~$2.5M; Salary(+bonus): ~$500k (base not specified),3000000.0,,t1_m9pom92,https://www.reddit.com/r/datascience/comments/1ia175l/official_2024_end_of_year_salary_sharing_thread/m9pom92/,t3_1ia175l,internet_poster,2025-01-28T21:51:55.000Z,7,"Title: Director of Data Science 

Tenure length: ~10y 

Location: HCOL 

Salary(+bonus): ~$500k 

Company: Big tech 

Education: PhD  

Prior experience: minimal 

Stock: ~$2.5M 

Total comp: ~$3M",,HCOL,,,minimal,,,,,1ia175l,[Official] 2024 End of Year Salary Sharing thread,https://www.reddit.com/r/datascience/comments/1ia175l/official_2024_end_of_year_salary_sharing_thread/
True,Associate Director,,1 year,132000.0,CHF,Bank,Econ Masters,0.0,0,132000.0,,t1_m97fu5p,https://www.reddit.com/r/datascience/comments/1ia175l/official_2024_end_of_year_salary_sharing_thread/m97fu5p/,t3_1ia175l,pitrucha,2025-01-26T03:11:16.000Z,11,"Title: Associate Director

Tenure length: 1 year

Location: Zurich

Salary: $132K

Company/Industry: Bank

Education: Econ Masters

Prior Experience: 3, DS/DA 

Relocation/Signing Bonus: None

Stock and/or recurring bonuses: 0

Total comp: $132K",,Zurich,Switzerland,Zurich,"3 years, DS/DA",,,,,1ia175l,[Official] 2024 End of Year Salary Sharing thread,https://www.reddit.com/r/datascience/comments/1ia175l/official_2024_end_of_year_salary_sharing_thread/
True,Analytics Manager,,2.5 years,90000.0,USD,Marketing Agency,No Degree,,,90000.0,Previously a Senior Analyst until the first of this month; internal promotion.,t1_m97pi2s,https://www.reddit.com/r/datascience/comments/1ia175l/official_2024_end_of_year_salary_sharing_thread/m97pi2s/,t3_1ia175l,[deleted],2025-01-26T04:12:43.000Z,4,"Title: Analytics Manager (was previously a Senior Analyst until the first of this month; internal promotion)

• Tenure length: 2.5 years

• Location: Central Texas

• $Remote: Fully

• Salary: $90k

• Company/Industry: Marketing Agency

• Education: No Degree :)

• Prior Experience: Quality/Customer Survey Analyst at a call center

• Relocation/Signing Bonus: N/A

• Stock and/or recurring bonuses: N/A

• Total comp: $90k",True,Central Texas,United States,,Quality/Customer Survey Analyst at a call center,,,,,1ia175l,[Official] 2024 End of Year Salary Sharing thread,https://www.reddit.com/r/datascience/comments/1ia175l/official_2024_end_of_year_salary_sharing_thread/
True,Senior Data Scientist Lead,Senior Lead,7 years,135000.0,USD,Large corporation in biotech/agrotech,PhD,5500.0,18% annual bonus (depends on company performance); 15% Long Term Incentive (4 year vest),180000.0,"Tenure breakdown: 5 years as Data Scientist, 2 years as Senior, recently promoted to Senior Lead. Full relocation costs covered.",t1_ghb37ma,https://www.reddit.com/r/datascience/comments/klvb55/official_2020_end_of_year_salary_sharing_thread/ghb37ma/,t3_klvb55,Omega037,2020-12-28T18:00:20.000Z,24,"*  **Title:** Senior Data Scientist Lead
* **Tenure length:** 7 Years (5 as normal DS, 2 as Senior, recently Senior Lead)
* **Location:** Large Midwestern city (not Chicago)
* **Salary:** $135,000
* **Company/Industry:** Large corporation in biotech/agrotech
* **Education:** PhD
* **Prior Experience:** Joined current employer directly out of grad school
   * **$Internship:** 3 Summer Internships as Graduate Student
* **Relocation/Signing Bonus:** Full relocation costs + $5500
* **Stock and/or recurring bonuses:** 
   * 18% annual bonus (depends on company performance)
   * 15% Long Term Incentive (4 year vest)
* **Total comp:** \~$180,000 with full bonus and LTI",,Large Midwestern city (not Chicago),United States,,Joined current employer directly out of grad school; 3 summer internships as graduate student,True,,,,klvb55,[Official] 2020 End of Year Salary Sharing thread,https://www.reddit.com/r/datascience/comments/klvb55/official_2020_end_of_year_salary_sharing_thread/
True,Senior Data Analyst,Senior,5 years,64000.0,GBP,Financial Services,BSc,,Bonus/stock: £6k,70000.0,Total compensation excludes pension.,t1_m992dmc,https://www.reddit.com/r/datascience/comments/1ia175l/official_2024_end_of_year_salary_sharing_thread/m992dmc/,t3_1ia175l,ColdStorage256,2025-01-26T11:36:49.000Z,6,"Haven't seen any UK posts so I can make you all feel pity for me.


Title: Senior Data Analyst


Tenure: 5 years


Location: UK


Salary: £64k


Industry: Financial Services


Education: BSc


Prior experience:


Bonus/stock: £6k


Total comp: £70k excluding pension",,UK,United Kingdom,,,,,,,1ia175l,[Official] 2024 End of Year Salary Sharing thread,https://www.reddit.com/r/datascience/comments/1ia175l/official_2024_end_of_year_salary_sharing_thread/
True,Data Scientist,,2 years,74000.0,USD,Digital Advertising,MS,0.0,2000 if we meet utilization targets (rarely happens),76000.0,agency pay is absolute garbage,t1_ghbx41p,https://www.reddit.com/r/datascience/comments/klvb55/official_2020_end_of_year_salary_sharing_thread/ghbx41p/,t3_klvb55,save_the_panda_bears,2020-12-28T22:15:13.000Z,23,"• Title: Data Scientist

 • Tenure length: 2 years

 • Location: US mid-sized midwest city

 • Salary: 74000

 • Company/Industry: Digital Advertising

 • Education: MS 

 • Prior Experience: 5 years quality assurance/software engineering

 • $Internship None

 • $Coop None

 • Relocation/Signing Bonus: 0

 • Stock and/or recurring bonuses: 2000 if we meet utilization targets (rarely happens)

 • Total comp: 76000 - agency pay is absolute garbage",,US mid-sized midwest city,United States,,5 years quality assurance/software engineering,False,False,,,klvb55,[Official] 2020 End of Year Salary Sharing thread,https://www.reddit.com/r/datascience/comments/klvb55/official_2020_end_of_year_salary_sharing_thread/
True,Senior Data Scientist,Senior,1 yr,205000.0,USD,Tech,MS + MBA,,$75k/yr,280000.0,,t1_m96zfjw,https://www.reddit.com/r/datascience/comments/1ia175l/official_2024_end_of_year_salary_sharing_thread/m96zfjw/,t3_1ia175l,Budget-Puppy,2025-01-26T01:35:13.000Z,8,"Senior Data Scientist

* **Tenure length:** 1 yr
* **Location:** Remote MCOL West Coast USA
* **Salary:** $205k
* **Company/Industry:** Tech
* **Education:** MS + MBA
* **Prior Experience:** 9 YOE as DS + analyst, 8 yrs unrelated
* **Relocation/Signing Bonus:** n/a
* **Stock and/or recurring bonuses:** $75k/yr
* **Total comp:** $280k",True,Remote MCOL West Coast USA,United States,,"9 YOE as DS + analyst, 8 yrs unrelated",,,,,1ia175l,[Official] 2024 End of Year Salary Sharing thread,https://www.reddit.com/r/datascience/comments/1ia175l/official_2024_end_of_year_salary_sharing_thread/
True,Machine Learning Engineer/Data Engineer,,2y6mo,140000.0,USD,Tech Start up,CMU BS Stat&ML,,5k shares/yr (currently worthless),140000.0,"Tech startup role covering backend, ML, and analytics; joined partly for culture and learning from strong senior devs",t1_m97t9b0,https://www.reddit.com/r/datascience/comments/1ia175l/official_2024_end_of_year_salary_sharing_thread/m97t9b0/,t3_1ia175l,fk_the_braves,2025-01-26T04:38:42.000Z,3,"**Title:** Machine Learning Engineer/Data Engineer 
* **Tenure length:** 2y6mo  
* **Location:** San Francisco 
* **Salary:** $140000  
* **Company/Industry:** Tech Start up
* **Education:** CMU BS Stat&amp;ML  
* **Prior Experience:** None  
* **Stock and/or recurring bonuses:** 5k shares/yr  
* **Total comp:** $140000 as stocks are currently worthless

It's a start up so basically I do everything from backend to ML and analytics. Comp is a bit lame but I wasn't here entirely for the $$, the company culture is nice and senior devs are all very talented, I have learned a lot from them.",,San Francisco,United States,San Francisco,None,,,,,1ia175l,[Official] 2024 End of Year Salary Sharing thread,https://www.reddit.com/r/datascience/comments/1ia175l/official_2024_end_of_year_salary_sharing_thread/
True,Data Scientist,,,,,,,,,,"States salary is low/lowish; lives in a fairly LCOL metro; values high flexibility, variety of projects, and supportive supervisor; was one of the first data scientists at the organization and helped develop best practices and methodology; gains exposure to clients across several industries; content to stay for now due to new child and family nearby; not actively looking but networking with DS professionals and recruiters while waiting for market to improve.",t1_ghk80cs,https://www.reddit.com/r/datascience/comments/klvb55/official_2020_end_of_year_salary_sharing_thread/ghk80cs/,t3_klvb55,save_the_panda_bears,2020-12-31T01:39:16.000Z,23,"Ha you're not being rude at all. I am fully aware it is quite low. The local data science job market isn't great at the moment, and my wife and I are hesitant to leave the area as we just had our first child and she has family in the area.  I'm actually fairly content riding it out for the moment. We live in a fairly LCOL metro, I have a ton of flexibility and variety in the types of projects I get to do, and my supervisor is fantastic and gives me quite a bit of freedom in how I manage my work. I was one of the first data scientists at the organization, so I've really been able to guide the development of our best practices, documentation standards, and general methodology. All in all, I've accepted the lowish salary for a very forgiving learning/experimentation environment where I get a ton of exposure to clients across several industries. 

This all being said, it's definitely not a permanent position. I wouldn't say I've been actively looking, but I have been working on expanding my network of other DS professionals along with a few recruiters while waiting for the market to pick up.",,,,,,,,,,klvb55,[Official] 2020 End of Year Salary Sharing thread,https://www.reddit.com/r/datascience/comments/klvb55/official_2020_end_of_year_salary_sharing_thread/
True,Director of Data Science,,<1 year,220000.0,USD,Retail tech,BS,0.0,$40k/year RSUs (up to $100k/year with refreshers); $45k annual bonus,305000.0,Promoted into role,t1_m98op89,https://www.reddit.com/r/datascience/comments/1ia175l/official_2024_end_of_year_salary_sharing_thread/m98op89/,t3_1ia175l,anon_ds_2024,2025-01-26T09:19:21.000Z,5,"**Title:** Director of Data Science

* **Tenure length:** &lt;1 year
* **Location:** HCOL city in US (not SF/NYC), fully remote 
* **Salary:** $220,000
* **Company/Industry:** Retail tech
* **Education:** BS
* **Prior Experience:** 8 years in various analytics/DS IC roles
* **Relocation/Signing Bonus:** None (promoted into role)
* **Stock and/or recurring bonuses:** $40k/year RSUs (up to $100k/year w/ refreshers). $45k bonus
* **Total comp:** 305k",True,"HCOL city in US (not SF/NYC), fully remote",United States,,8 years in various analytics/DS IC roles,,,,,1ia175l,[Official] 2024 End of Year Salary Sharing thread,https://www.reddit.com/r/datascience/comments/1ia175l/official_2024_end_of_year_salary_sharing_thread/
True,Senior DS Manager,Senior,4 years,290000.0,USD,Tech,PhD,,,1100000.0,,t1_m9bugfy,https://www.reddit.com/r/datascience/comments/1ia175l/official_2024_end_of_year_salary_sharing_thread/m9bugfy/,t3_1ia175l,byejovian,2025-01-26T20:40:19.000Z,4,"**Title:** Senior DS Manager

* **Tenure length:** 4 years
* **Location:** West Coast VHCOL
   * **$Remote:** Hybrid
* **Salary:** 290K
* **Company/Industry:** Tech
* **Education:** PhD
* **Prior Experience:** 10 years
   * **$Internship**
   * **$Coop**
* **Total comp:** $1.1M",True,West Coast VHCOL,United States,,10 years,True,True,,,1ia175l,[Official] 2024 End of Year Salary Sharing thread,https://www.reddit.com/r/datascience/comments/1ia175l/official_2024_end_of_year_salary_sharing_thread/
True,sr data scientist,Senior,<2.5 years,160000.0,USD,Financial Services,PhD engineering,,Stock and/or recurring bonuses: $10k,170000.0,,t1_m97p0sa,https://www.reddit.com/r/datascience/comments/1ia175l/official_2024_end_of_year_salary_sharing_thread/m97p0sa/,t3_1ia175l,BingoTheBarbarian,2025-01-26T04:09:30.000Z,3,"Title: sr data scientist 

•	⁠Tenure length: &lt;2.5 years current role,

•	⁠Location: HCOL East Coast, not nyc

•	⁠Salary: $160k

•	⁠Company/Industry:Financial Services

•	⁠Education: PhD engineering 

•	⁠Prior Experience: 2 years previously as a lab scientist

•	⁠Relocation/Signing Bonus: None

•	⁠Stock and/or recurring bonuses: $10k

•	⁠Total comp: $170k",,"HCOL East Coast, not nyc",United States,,2 years previously as a lab scientist,,,,,1ia175l,[Official] 2024 End of Year Salary Sharing thread,https://www.reddit.com/r/datascience/comments/1ia175l/official_2024_end_of_year_salary_sharing_thread/
True,Data Scientist,,6 months,93000.0,USD,Government Contract,BA in Mathematics,,5% bonus,107650.0,"Education Assistance (~$10,000) is how much the company is paying for grad school. Side note: pay increased by $35k moving from Data Analyst to Data Scientist.",t1_gi7akaz,https://www.reddit.com/r/datascience/comments/klvb55/official_2020_end_of_year_salary_sharing_thread/gi7akaz/,t3_klvb55,_DataLyfe,2021-01-05T18:00:26.000Z,21,"
* **Title:** Data Scientist
* **Tenure length:** 6 months
* **Location:** Arlington, VA (DC Metro Area)
* **Salary:** $93,000
* **Company/Industry:** Government Contract
* **Education:** BA in Mathematics
* **Prior Experience:** Data Analyst for 1.5 years
   * **$Internship** on-campus Data Science Intern while undergrad
   * **$Coop**
* **Relocation/Signing Bonus:** 
* **Stock and/or recurring bonuses:** 5%
* **Total comp:** $97,650 + ~$10,000 for Education Assistance = ~$107,650

*Education Assistance is how much they are paying for my grad school program

Side note my pay increased by $35k going from Data Analyst -&gt; Data Scientist",,"Arlington, VA (DC Metro Area)",United States,Arlington,Data Analyst for 1.5 years; on-campus Data Science Intern while undergrad,True,,,,klvb55,[Official] 2020 End of Year Salary Sharing thread,https://www.reddit.com/r/datascience/comments/klvb55/official_2020_end_of_year_salary_sharing_thread/
True,Data Scientist,,< 1 year,140000.0,USD,FAANG/Tech Unicorn,(Non-US) BSc Econ/Stats; (US) Master's Financial Eng,0.0,60k/yr options on publicly traded stock (appreciated to ~80k since),200000.0,Preparing for 1-year comp/bonus/promo negotiation,t1_ghscbc5,https://www.reddit.com/r/datascience/comments/klvb55/official_2020_end_of_year_salary_sharing_thread/ghscbc5/,t3_klvb55,Helikaon242,2021-01-02T02:27:02.000Z,21,"I have my 1-year comp/bonus/promo negotiation coming up so these threads are very helpful!  


* **Title:** Data Scientist
* **Tenure length:** &lt; 1 year
* **Location:** Bay Area
* **Salary:** 140k
* **Company/Industry:** FAANG/Tech Unicorn
* **Education:** (Non-US) BSc Econ/Stats (US) Master's Financial Eng
* **Prior Experience:** 2 internships in quant asset management/hedge fund
* **Relocation/Signing Bonus:** N/A
* **Stock and/or recurring bonuses:** 60k/yr options on publicly traded stock (appreciated to \~80k since)
* **Total comp:** 200k",,Bay Area,United States,San Francisco,2 internships in quant asset management/hedge fund,True,,,,klvb55,[Official] 2020 End of Year Salary Sharing thread,https://www.reddit.com/r/datascience/comments/klvb55/official_2020_end_of_year_salary_sharing_thread/
True,Informatics Manager,,1 year,160000.0,USD,Healthcare,PhD,,,160000.0,,t1_ghb61lt,https://www.reddit.com/r/datascience/comments/klvb55/official_2020_end_of_year_salary_sharing_thread/ghb61lt/,t3_klvb55,DS_throwitaway,2020-12-28T18:23:54.000Z,17,"
 • Title: Informatics Manager

 • Tenure length: 1 year. 

 • Location: NYC/Remote

 • Salary: 160k

 • Company/Industry: Healthcare

 • Education: PhD

 • Prior Experience: 2 years as a data scientist, 2 years in health IT

 • $Internship

 • $Coop

 • Relocation/Signing Bonus: NA

 • Stock and/or recurring bonuses: NA

 • Total comp: 160k",True,NYC/Remote,United States,New York City,"2 years as a data scientist, 2 years in health IT",,,,,klvb55,[Official] 2020 End of Year Salary Sharing thread,https://www.reddit.com/r/datascience/comments/klvb55/official_2020_end_of_year_salary_sharing_thread/
True,Director of Machine Learning,Director,,200000.0,USD,Tech/Start up,"B.S. in Eng from an unknown meh school, PhD in a very computational and stats heavy field",,Annual bonus 25000,225000.0,,t1_m97zapb,https://www.reddit.com/r/datascience/comments/1ia175l/official_2024_end_of_year_salary_sharing_thread/m97zapb/,t3_1ia175l,barhanita,2025-01-26T05:22:49.000Z,3,"Title: Director of Machine Learning 
Location: Southern California (hybrid schedule)
Salary: $200k
Education: B.S. in Eng from an unknown meh school, PhD in a very computational and stats heavy field
Years of experience since graduation: 8 (mostly as a data scientist)
Industry: Tech/Start up
Bonus: $25k
TC: $225k",True,Southern California (hybrid schedule),United States,,8 years (mostly as a data scientist),,,,,1ia175l,[Official] 2024 End of Year Salary Sharing thread,https://www.reddit.com/r/datascience/comments/1ia175l/official_2024_end_of_year_salary_sharing_thread/
True,Solutions Architect,,4 months,95000.0,USD,Biotech,"Master'd out of a PhD, BS in Biology and CS",0.0,No,113000.0,,t1_m9802oy,https://www.reddit.com/r/datascience/comments/1ia175l/official_2024_end_of_year_salary_sharing_thread/m9802oy/,t3_1ia175l,throwaway1043543561,2025-01-26T05:28:53.000Z,3,"**Title:** Solutions Architect

* **Tenure length:** 4 months
* **Location:** Midwest
* **Salary:** $95k
* **Company/Industry:** Biotech
* **Education:** Master'd out of a PhD, BS in Biology and CS
* **Prior Experience:** 7 YOE in bio research labs during undergrad and grad school
* **Relocation/Signing Bonus:** No
* **Stock and/or recurring bonuses:** No
* **Total comp:** $113k",,Midwest,United States,,7 YOE in bio research labs during undergrad and grad school,,,,,1ia175l,[Official] 2024 End of Year Salary Sharing thread,https://www.reddit.com/r/datascience/comments/1ia175l/official_2024_end_of_year_salary_sharing_thread/
True,Data Scientist II,,2 months,124000.0,USD,Gaming,"BS Statistics, current MS student in Analytics",15000.0,,139000.0,100% remote; working from PNW,t1_m98jj1e,https://www.reddit.com/r/datascience/comments/1ia175l/official_2024_end_of_year_salary_sharing_thread/m98jj1e/,t3_1ia175l,Lisbeth_Salandar,2025-01-26T08:26:38.000Z,3,"**Title:** Data Scientist II

* **Tenure length:** 2 months
* **Location:** NY, working from PNW
   * **$Remote:** 100%
* **Salary:** 124k
* **Company/Industry:** Gaming
* **Education:** BS Statistics, current MS student in Analytics
* **Prior Experience:** 1 year DS I, 1.5 years Data Analyst, 1 year business analyst 
* **Relocation/Signing Bonus:** 15k
* **Total comp:** 139k",True,"NY, working from PNW",United States,,"1 year DS I, 1.5 years Data Analyst, 1 year business analyst",,,,,1ia175l,[Official] 2024 End of Year Salary Sharing thread,https://www.reddit.com/r/datascience/comments/1ia175l/official_2024_end_of_year_salary_sharing_thread/
True,Analytics Manager (individual contributor),,1.5 years in this role,107000.0,USD,travel technology,"BA in Communication, halfway through an MSDS",15000.0,"12% bonus eligible annually, and merit based stock awards that start vesting after a year (last year I got $20k, not sure how common these are given out)",,Total comp range stated as 107-121k (base + bonus). Signing bonus paid $10k after 1 month and $5k after 1 year.,t1_ghcgq4l,https://www.reddit.com/r/datascience/comments/klvb55/official_2020_end_of_year_salary_sharing_thread/ghcgq4l/,t3_klvb55,[deleted],2020-12-29T01:12:40.000Z,15,"* **Title:** Analytics Manager (individual contributor)
* **Tenure length:** 1.5 years in this role
* **Location:** Chicago 
* **Salary:** $107k
* **Company/Industry:** travel technology 
* **Education:** BA in Communication, halfway through an MSDS 
* **Prior Experience:** 3 years in a prior analytics role, 12 years before that in traditional marketing roles 
* **Relocation/Signing Bonus:** $15k ($10k after 1 month and $5k after 1 year) 
* **Stock and/or recurring bonuses:** 12% bonus eligible annually, and merit based stock awards that start vesting after a year (last year I got $20k, not sure how common these are given out)
* **Total comp:** $107-121k (base + bonus)",,Chicago,United States,Chicago,"3 years in a prior analytics role, 12 years before that in traditional marketing roles",,,,,klvb55,[Official] 2020 End of Year Salary Sharing thread,https://www.reddit.com/r/datascience/comments/klvb55/official_2020_end_of_year_salary_sharing_thread/
True,Data Scientist,Lead,,170000.0,,Consulting,M.S. and B.S. in statistics,,Bonus: 34000 (did not materialize in 2023); Options: 20000 with 3-year vesting (have not increased in value yet),,Industry note: consulting was not recommended by the poster.,t1_m9b9za0,https://www.reddit.com/r/datascience/comments/1ia175l/official_2024_end_of_year_salary_sharing_thread/m9b9za0/,t3_1ia175l,7182818284590452,2025-01-26T19:04:54.000Z,3,"Lead Data Scientist

* Base Salary:170,000 
* Bonus: 34,000 (which did not materialize in 2023)
* Options: 20,000 3 years vesting. Have not increased in value yet.
* YOE: 9 
* Education: M.S. and B.S. in statistics 
* Industry: Consulting (which I would not recommend)
* Area: remote",True,remote,,,9 years,,,,,1ia175l,[Official] 2024 End of Year Salary Sharing thread,https://www.reddit.com/r/datascience/comments/1ia175l/official_2024_end_of_year_salary_sharing_thread/
True,Senior Data Scientist,Senior,1 year,175000.0,CAD,Small Fintech Company,BS Economics & Mathematics,,Equity,175000.0,,t1_kfdpfqb,https://www.reddit.com/r/datascience/comments/18tevwk/official_2023_end_of_year_salary_sharing_thread/kfdpfqb/,t3_18tevwk,Ok-Economy1462,2023-12-29T06:13:27.000Z,103,"Title: Senior Data Scientist 

Tenure length: 1 year

Location: Canada (Remote)

Salary: 175k

Company/Industry: Small Fintech Company

Education: BS Economics &amp; Mathematics 

Prior Experience: 5 years DS, 8 years Quant Risk/Consulting/Banking

Other Bonuses: Equity

Total Comp: 175k",True,Canada (Remote),Canada,,"5 years DS, 8 years Quant Risk/Consulting/Banking",,,,,18tevwk,[Official] 2023 End of Year Salary Sharing thread,https://www.reddit.com/r/datascience/comments/18tevwk/official_2023_end_of_year_salary_sharing_thread/
True,Director of Data Science,Director,6 years,195000.0,,Financial Services,"Finance, Marketing, CFA",,Bonus: 30k; Stock: 15k,237000.0,,t1_m9brmxh,https://www.reddit.com/r/datascience/comments/1ia175l/official_2024_end_of_year_salary_sharing_thread/m9brmxh/,t3_1ia175l,Upstairs-Garlic-2301,2025-01-26T20:27:38.000Z,3,"Title: Director of Data Science

Tenure Length: 6 years

Location: Remote

Salary: 195k

Industry: Financial Services

Education: Finance, Marketing, CFA

Bonus: 30k

Stock: 15k

Total Comp: 237k",True,Remote,,,,,,,,1ia175l,[Official] 2024 End of Year Salary Sharing thread,https://www.reddit.com/r/datascience/comments/1ia175l/official_2024_end_of_year_salary_sharing_thread/
True,Data Scientist,,A little over 2 years,40000.0,EUR,,Bsc in Comp. Sci.,,,,,t1_ghdnzeh,https://www.reddit.com/r/datascience/comments/klvb55/official_2020_end_of_year_salary_sharing_thread/ghdnzeh/,t3_klvb55,selib,2020-12-29T09:37:01.000Z,15,"Title: Data Scientist

Tenure length: A little over 2 years

Location: Austria

Salary: ~40k€

Education: Bsc in Comp. Sci.

Prior Experience: 6 month internship in DS",,Austria,Austria,,6 month internship in DS,True,,,,klvb55,[Official] 2020 End of Year Salary Sharing thread,https://www.reddit.com/r/datascience/comments/klvb55/official_2020_end_of_year_salary_sharing_thread/
True,Data Science Director,Director,<1 years,250000.0,CAD,Logistics Tech,Bachelors,0.0,Options,250000.0,Total comp stated as not really counting options.,t1_m97mol2,https://www.reddit.com/r/datascience/comments/1ia175l/official_2024_end_of_year_salary_sharing_thread/m97mol2/,t3_1ia175l,data_wizard_1867,2025-01-26T03:54:13.000Z,2,"**Title:** Data Science Director

* **Tenure length:** &lt;1 years
* **Location:** Toronto
* **Salary:** $250k CAD
* **Company/Industry:*** Logistics Tech
* **Education:** Bachelors
* **Prior Experience:** 6 YoE, previously Manager, Senior DS, DS, different orgs
* **Relocation/Signing Bonus:** None
* **Stock and/or recurring bonuses:** Options
* **Total comp:** $250k (not really counting options)",,Toronto,Canada,Toronto,"6 YoE, previously Manager, Senior DS, DS, different orgs",,,,,1ia175l,[Official] 2024 End of Year Salary Sharing thread,https://www.reddit.com/r/datascience/comments/1ia175l/official_2024_end_of_year_salary_sharing_thread/
True,,,,,EUR,,,,,,States their pay is the median in Austria; feels underpaid for what they do; job is very relaxed.,t1_ghuklc5,https://www.reddit.com/r/datascience/comments/klvb55/official_2020_end_of_year_salary_sharing_thread/ghuklc5/,t3_klvb55,selib,2021-01-02T18:31:08.000Z,18,"It's the median pay in Austria. I'd say I'm kinda underpaid for what I do, but my job is very relaxed so I'm not complaining about it too much.",,Austria,Austria,,,,,,,klvb55,[Official] 2020 End of Year Salary Sharing thread,https://www.reddit.com/r/datascience/comments/klvb55/official_2020_end_of_year_salary_sharing_thread/
True,Analytics Eng,,1.5 years,107000.0,CAD,software,BA Economics,0.0,25k CAD,130000.0,,t1_m985f0b,https://www.reddit.com/r/datascience/comments/1ia175l/official_2024_end_of_year_salary_sharing_thread/m985f0b/,t3_1ia175l,[deleted],2025-01-26T06:12:36.000Z,2,"Title: Analytics Eng

•	⁠Tenure length: 1.5 years

•	⁠Location: Toronto

⁠•	⁠$Remote: Yes

•	⁠Salary: 107k cad

•	⁠Company/Industry: software

•	⁠Education: BA Economics

•	⁠Prior Experience: 3 yrs as data analyst at startups 

•	⁠Relocation/Signing Bonus: None

•	⁠Stock and/or recurring bonuses: 25k cad

•	⁠Total comp: ~$130k cad",True,Toronto,Canada,Toronto,3 yrs as data analyst at startups,,,,,1ia175l,[Official] 2024 End of Year Salary Sharing thread,https://www.reddit.com/r/datascience/comments/1ia175l/official_2024_end_of_year_salary_sharing_thread/
True,Data Scientist,Senior,,50000.0,USD,,,,,,"Generic estimate: 'Average salary in Central Europe' — a senior DS in Czech Republic might be north of $50k. Figure is approximate (50k+), not a specific individual's compensation.",t1_ghrsv8c,https://www.reddit.com/r/datascience/comments/klvb55/official_2020_end_of_year_salary_sharing_thread/ghrsv8c/,t3_klvb55,MadT3acher,2021-01-01T23:26:04.000Z,7,"Average salary in Central Europe I’d say, a senior DS in Czech Republic might yield something north of $50k maybe.",,Czech Republic,Czech Republic,,,,,,,klvb55,[Official] 2020 End of Year Salary Sharing thread,https://www.reddit.com/r/datascience/comments/klvb55/official_2020_end_of_year_salary_sharing_thread/
True,Data Analyst Senior,Senior,2 years,95000.0,USD,"Healthcare, hospital",Masters,,,,Assumes salary could go higher with more frequent job changes; enjoys working for a hospital system.,t1_m98dmu4,https://www.reddit.com/r/datascience/comments/1ia175l/official_2024_end_of_year_salary_sharing_thread/m98dmu4/,t3_1ia175l,doodledumplingTA,2025-01-26T07:28:06.000Z,2,"
**Title:** Data Analyst Senior

* **Tenure length:** 2 years

* **Location:** Midwest city, MCOL

   * **$Remote:** Mostly, in person meetings 1/month approx

* **Salary:** 95k


* **Company/Industry:** Healthcare, hospital

* **Education:** Masters

* **Prior Experience:** 4 YOE prior, 6 YOE total.  I assume salary could go higher if I jumped more often.  I do enjoy working for a hospital system though.",True,"Midwest city, MCOL",United States,,"4 YOE prior, 6 YOE total",,,,,1ia175l,[Official] 2024 End of Year Salary Sharing thread,https://www.reddit.com/r/datascience/comments/1ia175l/official_2024_end_of_year_salary_sharing_thread/
True,Data Analyst-ish / not sure.,,3 weeks,90000.0,USD,municipally owned utility company,B.S with honor Chemical Engineering,,,,Salary listed as $90K + pension. Recently convinced boss to focus only on data analytics/science; follow-up meeting in about a month.,t1_m98hd95,https://www.reddit.com/r/datascience/comments/1ia175l/official_2024_end_of_year_salary_sharing_thread/m98hd95/,t3_1ia175l,Den_er_da_hvid,2025-01-26T08:04:53.000Z,2,"**Title: Data Analyst-ish /not sure.** 

When I came to my current job I had a goal to work more with data than prevous job, and even slowly get to more data than the job originally had. I Spend 2024 building the foundation. 2 weeks ago in a short meeting I convinsed my boss that I should focus only on data analytics/science. We have a follow up in about a month.  


* **Tenure length: 3 weeks**
* **Location: Denmark**
* **Salary: $90K + pension**
* **Company/Industry: municipally owned utility company**
* **Education:  B.S with honor Chemical Engineering** 
* **Prior Experience:**
   * **A bit of Powerbi for 6 years.**
   * **a bit of fun in liniar regression**
* **Relocation/Signing Bonus: -**
* **Stock and/or recurring bonuses: -**
* **Total comp: ?**",,Denmark,Denmark,,A bit of Power BI for 6 years; a bit of fun in linear regression,,,,,1ia175l,[Official] 2024 End of Year Salary Sharing thread,https://www.reddit.com/r/datascience/comments/1ia175l/official_2024_end_of_year_salary_sharing_thread/
True,Product Owner,,4 years,62000.0,EUR,insurance,Masters,,"€6,5K",68500.0,,t1_m98pbu6,https://www.reddit.com/r/datascience/comments/1ia175l/official_2024_end_of_year_salary_sharing_thread/m98pbu6/,t3_1ia175l,Quakzz,2025-01-26T09:25:44.000Z,2,"Title: Product Owner 
- Tenure length: 4 years 
- Location: Rotterdam, Netherlands 
- Salary: €62K 
- Company/Industry: insurance 
- Education: Masters 
- Prior Experience: None 
- Relocation/Signing Bonus: None 
- Stock and/or recurring bonuses: €6,5K 
- Total comp: €68,5K",,"Rotterdam, Netherlands",Netherlands,Rotterdam,None,,,,,1ia175l,[Official] 2024 End of Year Salary Sharing thread,https://www.reddit.com/r/datascience/comments/1ia175l/official_2024_end_of_year_salary_sharing_thread/
True,Sr. Staff Research Scientist,Senior Staff,3.5 years,265000.0,USD,Public company with an R&D focus.,"M.S. in Statistics, Ph.D in Economics",20000.0,"$610k/year RSUs (at respective grant prices), $40k performance bonus, $45k scheduled bonus",987000.0,Also teaches two classes a year in the city for another $27k (separate from primary role).,t1_kfemx00,https://www.reddit.com/r/datascience/comments/18tevwk/official_2023_end_of_year_salary_sharing_thread/kfemx00/,t3_18tevwk,ZhanMing057,2023-12-29T12:47:40.000Z,78,"* **Title:** Sr. Staff Research Scientist
* **Tenure length:** 3.5 years
* **Location:** fully remote, based in NYC
* **Salary:** $265k. I also teach two classes a year in the city for another $27k. 
* **Company/Industry:** Public company with an R&amp;D focus.
* **Education:** M.S. in Statistics, Ph.D in Economics
* **Prior Experience:** 1 year postdoc, 1.5 years assistant professor at a business school, some tech internships back in grad school 
* **Relocation/Signing Bonus:** $20k relocation
* **Stock and/or recurring bonuses:** $610k/year RSUs (at respective grant prices), $40k performance bonus, $45k scheduled bonus
* **Total comp:** $987k",True,"fully remote, based in NYC",United States,New York City,"1 year postdoc, 1.5 years assistant professor at a business school, some tech internships back in grad school",True,,,,18tevwk,[Official] 2023 End of Year Salary Sharing thread,https://www.reddit.com/r/datascience/comments/18tevwk/official_2023_end_of_year_salary_sharing_thread/
True,Data Scientist,,6 months,375000.0,USD,FAANG,Masters,,0,375000.0,,t1_ghoe8qz,https://www.reddit.com/r/datascience/comments/klvb55/official_2020_end_of_year_salary_sharing_thread/ghoe8qz/,t3_klvb55,Peppington,2021-01-01T04:57:01.000Z,14,"Title: Data Scientist

Tenure length: 6 months 

Location: West Coast

Salary: 375,000

Company/Industry: FAANG

Education: Masters

Prior Experience: E-Commerce

Relocation/Signing Bonus:

Stock and/or recurring bonuses: 0

Total comp: 375,000",,West Coast,United States,,E-Commerce,,,,,klvb55,[Official] 2020 End of Year Salary Sharing thread,https://www.reddit.com/r/datascience/comments/klvb55/official_2020_end_of_year_salary_sharing_thread/
True,Adjunct,,,5600.0,USD,Higher Education,,,,,"Adjunct pay of 5600 per extra course at old college (per-course stipend, not an annual base). Mentions another person claiming 13k per course; only personal figure is 5600 per course.",t1_kfep6u8,https://www.reddit.com/r/datascience/comments/18tevwk/official_2023_end_of_year_salary_sharing_thread/kfep6u8/,t3_18tevwk,math_vet,2023-12-29T13:09:11.000Z,16,Where are you making 13k per course as an adjunct? I was paid 5600 as adjunct pay at my old college (in the Bronx) for teaching an extra course,,the Bronx,United States,New York City,,,,,,18tevwk,[Official] 2023 End of Year Salary Sharing thread,https://www.reddit.com/r/datascience/comments/18tevwk/official_2023_end_of_year_salary_sharing_thread/
True,Data Scientist,,2 years,34000.0,EUR,Wind Energy,Masters,0.0,Stocks 6000 euro,40000.0,,t1_m98wctl,https://www.reddit.com/r/datascience/comments/1ia175l/official_2024_end_of_year_salary_sharing_thread/m98wctl/,t3_1ia175l,Spige1,2025-01-26T10:37:10.000Z,2,"Title: Data Scientist

Tenure 2 years

Location: EU

Salary: 34 000 euro

Industry: Wind Energy

Education: Masters

Prior Experiance: Internships 2x

Sign up bonus: none

Stocks 6 000 euro

Total comp: 40 000 euro",,EU,,,Internships 2x,True,,,,1ia175l,[Official] 2024 End of Year Salary Sharing thread,https://www.reddit.com/r/datascience/comments/1ia175l/official_2024_end_of_year_salary_sharing_thread/
True,,,,,,Business school,,,,,States that the standard rate goes up to 16000 (currency and pay period unspecified). Notes it was much lower a couple years ago when they left the AP job.,t1_kfepq4j,https://www.reddit.com/r/datascience/comments/18tevwk/official_2023_end_of_year_salary_sharing_thread/kfepq4j/,t3_18tevwk,ZhanMing057,2023-12-29T13:14:02.000Z,13,"Business school, the standard rate goes up to $16k. It was much lower a couple years ago when I left the AP job, though.",,,,,Left an AP job a couple years ago,,,,,18tevwk,[Official] 2023 End of Year Salary Sharing thread,https://www.reddit.com/r/datascience/comments/18tevwk/official_2023_end_of_year_salary_sharing_thread/
True,Data Scientist,,3 years,45000.0,EUR,Customer Services,MSc Maths,0.0,15-25% bonus,54000.0,Hybrid,t1_m98y7oj,https://www.reddit.com/r/datascience/comments/1ia175l/official_2024_end_of_year_salary_sharing_thread/m98y7oj/,t3_1ia175l,NyquistDefier,2025-01-26T10:55:48.000Z,2,"**Title:** Data Scientist

* **Tenure length:** 3 years
* **Location:** Spain
   * **$Remote:** Hybrid
* **Salary:** EUR 45k (\~$47k)
* **Company/Industry: C**ustomer Services
* **Education:** MSc Maths
* **Prior Experience:**
   * **$Internships**: \~1 year
* **Relocation/Signing Bonus:** None
* **Stock and/or recurring bonuses:** 15-25% bonus
* **Total comp:** \~EUR 54k (\~$57k)",True,Spain,Spain,,Internship ~1 year,True,,,,1ia175l,[Official] 2024 End of Year Salary Sharing thread,https://www.reddit.com/r/datascience/comments/1ia175l/official_2024_end_of_year_salary_sharing_thread/
True,,,,,,,,,,,"Comment states that the lowest paid business professors were making almost double the commenter’s salary; commenter is in a math department. No numeric amounts, employer, location, or other details provided.",t1_kfeqdam,https://www.reddit.com/r/datascience/comments/18tevwk/official_2023_end_of_year_salary_sharing_thread/kfeqdam/,t3_18tevwk,math_vet,2023-12-29T13:19:42.000Z,5,"Jesus. Makes sense unfortunately, our lowest paid business profs were making almost double my salary (math department)",,,,,,,,,,18tevwk,[Official] 2023 End of Year Salary Sharing thread,https://www.reddit.com/r/datascience/comments/18tevwk/official_2023_end_of_year_salary_sharing_thread/
True,Staff Bioinformatics / Data Scientist,Staff,1 year,200000.0,USD,Large biotech,Ph.D. Physics,0.0,20000 per year RSU + 15% bonus,250000.0,"Other benefits: 'Unlimited' PTO; typically 30-35 days per year, not including US holidays.",t1_m9a7qzu,https://www.reddit.com/r/datascience/comments/1ia175l/official_2024_end_of_year_salary_sharing_thread/m9a7qzu/,t3_1ia175l,dancing_banana_gif,2025-01-26T16:04:16.000Z,2,"**Title:** Staff Bioinformatics / Data Scientist

- **Tenure length:** 1 year
- **Location:** CA
  - **$Remote:** Hybrid
-  **Salary:** $200k / year
-  **Company/Industry:** Large biotech
-  **Education:** Ph.D. Physics
-  **Prior Experience:** 3 PostDoc, 5 YoE in industry
   -    $Internship: None
   -    $Coop: None
-  **Relocation/Signing Bonus:** None
-  **Stock and/or recurring bonuses:** $20k/year RSU + 15% bonus
-  **Total comp:** $250k / year

Other benefits: Good amount (""unlimited"") time off, generally ends up being 30-35 days per year not including US holidays.",True,CA,United States,,"3 PostDoc, 5 YoE in industry",False,False,,,1ia175l,[Official] 2024 End of Year Salary Sharing thread,https://www.reddit.com/r/datascience/comments/1ia175l/official_2024_end_of_year_salary_sharing_thread/
True,Data Science Manager,,3 years,200000.0,USD,Biotechnology,Masters,10000.0,"$108k RSU (vested over 4 years), $96k RSU refreshers (annual), $20k bonus in stock (annual)",360000.0,,t1_m9alt5a,https://www.reddit.com/r/datascience/comments/1ia175l/official_2024_end_of_year_salary_sharing_thread/m9alt5a/,t3_1ia175l,grokds,2025-01-26T17:12:03.000Z,2,"**Title**: Data Science Manager

**Tenure length**: 3 years

**Location**: Midwest

**Remote**: Fully Remote

**Salary**: $200K

**Company/Industry**: Biotechnology

**Education**: Masters

**Prior Experience**: 7 years (Data Scientist and Data Science Manager) + 1 year (3 internships)

**Relocation/Signing Bonus**: $10,000

**Stock and/or recurring bonuses**: $108k RSU (vested over 4 years), $96K RSU refreshers (annual), $20K bonus in Stock (annual)

**Total comp**: $360K",True,Midwest,United States,,7 years (Data Scientist and Data Science Manager) + 1 year (3 internships),True,,,,1ia175l,[Official] 2024 End of Year Salary Sharing thread,https://www.reddit.com/r/datascience/comments/1ia175l/official_2024_end_of_year_salary_sharing_thread/
True,,,,,,,,,RSU included,,"No special skill set. Experience in classical statistics; building ML models (neural nets, boosting algorithms, retention modeling); also SWE competency.",t1_gi5q3rx,https://www.reddit.com/r/datascience/comments/klvb55/official_2020_end_of_year_salary_sharing_thread/gi5q3rx/,t3_klvb55,Peppington,2021-01-05T07:15:40.000Z,11,"Yes RSU included. Roughly 6 YOE prior to starting this position. No special skill set. I had experience in classical statistics, building ML models(neural nets, boosting algos, retention modeling), also SWE competency",,,,,6 years,,,,,klvb55,[Official] 2020 End of Year Salary Sharing thread,https://www.reddit.com/r/datascience/comments/klvb55/official_2020_end_of_year_salary_sharing_thread/
True,Graduate Data Scientist,,5 months,27000.0,GBP,Tech,Masters in Data Science,,,,Independently works on projects writing Python functions to gather daily metrics used for business decisions. Feels underpaid.,t1_m9bjtsl,https://www.reddit.com/r/datascience/comments/1ia175l/official_2024_end_of_year_salary_sharing_thread/m9bjtsl/,t3_1ia175l,SolidFantastic,2025-01-26T19:51:05.000Z,2,"Title: Graduate Data Scientist

•	⁠Tenure length: 5 months 
•	⁠Location: Remote (UK)
•	⁠Salary: £27k
•	⁠Company/Industry: Tech
•	⁠Education: Masters in Data Science 
•	⁠Prior Experience: Data Analyst (whilst at uni part time)
•	⁠Relocation/Signing Bonus: None
•	⁠Stock and/or recurring bonuses: None
•	⁠Total comp: None. 

I independently work on projects, writing Python functions to gather metrics each day autonomously that will be used to influence business decisions (I feel like I’m very underpaid :()",True,Remote (UK),United Kingdom,,Data Analyst (whilst at uni part time),,,,,1ia175l,[Official] 2024 End of Year Salary Sharing thread,https://www.reddit.com/r/datascience/comments/1ia175l/official_2024_end_of_year_salary_sharing_thread/
True,Machine Learning Manager,,starting in Jan 2021,120000.0,CAD,fast food,MSc in Statistics,,25% salary bonus; additional stock compensation after first year,150000.0,,t1_ghq0xz5,https://www.reddit.com/r/datascience/comments/klvb55/official_2020_end_of_year_salary_sharing_thread/ghq0xz5/,t3_klvb55,somystery,2021-01-01T15:39:03.000Z,15,"* Title: Machine Learning Manager
* Tenure length: starting in Jan 2021
* Location: GTA Canada
* Salary: $120k
* Company/Industry: fast food lul
* Education: MSc in Statistics
* Prior Experience:
   * 2 years as MLE at various startups
   * NLP research (industry collaborator) with a large AI research lab in Toronto
   * ML research as a graduate researcher in a genomics lab
* Relocation/Signing Bonus:
* Stock and/or recurring bonuses: 25% salary bonus. additional stock compensation after first year
* Total comp: $150k",,GTA Canada,Canada,Toronto,2 years as MLE at various startups; NLP research (industry collaborator) with a large AI research lab in Toronto; ML research as a graduate researcher in a genomics lab,,,,,klvb55,[Official] 2020 End of Year Salary Sharing thread,https://www.reddit.com/r/datascience/comments/klvb55/official_2020_end_of_year_salary_sharing_thread/
True,,L7,,,,,,,"Receiving four concurrent RSU grants (original grant, scheduled refresh, and two promotion grants). Original RSU grant not yet exhausted; once it ends, total compensation will decrease.",,"Hired as L5, quickly promoted to L6, and has been L7 since the past summer. R&D organization has grown since joining. Mentions considering returning to academia and using that leverage in promotion negotiations. No numeric salary, location, or company disclosed.",t1_kfgr1ht,https://www.reddit.com/r/datascience/comments/18tevwk/official_2023_end_of_year_salary_sharing_thread/kfgr1ht/,t3_18tevwk,ZhanMing057,2023-12-29T21:06:01.000Z,14,"&gt;I’m really curious whether this is a smaller company that turned out to be a good fit for you or whether it was a riskier bet at the time of signing.

A bit of both - covid was an interesting time and the R&amp;D org has grown considerably since, and my background is also in a particularly useful field for the business. I was hired as an L5, almost immediately brought up to L6, and I've been an L7 since the past summer. My original RSU grant hasn't yet run out, so I'm receiving four concurrent grants (original, scheduled refresh, two promotions). Once the original grant runs out TC will dip a bit.  

I've also been pretty open about flirting with going back to academia, which has definitely sped up the process. Perception probably matters more than reality, but if I'm negotiating a promo grant I try to always do it being 100% prepared to walk away.   

Big tech can be dumb about promotions. I'm not judging, but I know more than one person who has barely done any work at all at G for ten years, built a couple of cute things, said all the right things, and made it all the way from L3 to L6. If you can make that happen, that's great, but a better system would reward impact, not how long you've sat in a particular chair.",,,,,,,,,,18tevwk,[Official] 2023 End of Year Salary Sharing thread,https://www.reddit.com/r/datascience/comments/18tevwk/official_2023_end_of_year_salary_sharing_thread/
True,Senior Data Scientist,Senior,2 years,145000.0,USD,Manufacturing,PhD in computational neuroscience,8000.0,Target bonus of 11% base salary,160000.0,"Remember the sampling bias in threads like these, friends!",t1_m9ccd25,https://www.reddit.com/r/datascience/comments/1ia175l/official_2024_end_of_year_salary_sharing_thread/m9ccd25/,t3_1ia175l,JimmyTheCrossEyedDog,2025-01-26T22:01:13.000Z,2,"* **Title:** Senior Data Scientist 
* **Tenure length:** 2 years
* **Location:** Remote
* **Salary:** $145k USD
* **Company/Industry:** Manufacturing 
* **Education:** PhD in computational neuroscience 
* **Prior Experience:** 2 years in prior DS/Senior DS position 
* **Relocation/Signing Bonus:** $8k
* **Recurring bonuses:** Target bonus of 11% base salary
* **Total comp:** $160k USD give or take

Remember the sampling bias in threads like these, friends!",True,Remote,,,2 years in prior DS/Senior DS position,,,,,1ia175l,[Official] 2024 End of Year Salary Sharing thread,https://www.reddit.com/r/datascience/comments/1ia175l/official_2024_end_of_year_salary_sharing_thread/
True,Quant,,,,,Banking,PhD in Economics,,,,States compensation is at L5 level; role requires putting things into production.,t1_kh9z6co,https://www.reddit.com/r/datascience/comments/18tevwk/official_2023_end_of_year_salary_sharing_thread/kh9z6co/,t3_18tevwk,[deleted],2024-01-10T22:36:53.000Z,2,When ever I read that last paragraph I feel like I've made all the wrong choices. Another Ph.D Econ here. I work in banking as a quant. My comp is L5 level.  We have to put things into production here.,,,,,,,,,,18tevwk,[Official] 2023 End of Year Salary Sharing thread,https://www.reddit.com/r/datascience/comments/18tevwk/official_2023_end_of_year_salary_sharing_thread/
True,Data Scientist,Junior,1 year,40000.0,EUR,Finance,Technical MSc,,"8% holiday pay in May + 13th month in December + €2,000 set bonus; total just over €9,000. Also significant mandatory pension/401k-style contribution.",49000.0,Non-US company. Total comp excludes pension contribution.,t1_gi5r7fw,https://www.reddit.com/r/datascience/comments/klvb55/official_2020_end_of_year_salary_sharing_thread/gi5r7fw/,t3_klvb55,Mango-stickyrice,2021-01-05T07:32:24.000Z,15,"Some perspective from a non-US company

* **Title:** (Jr.) Data Scientist
* **Tenure length:** 1 year
* **Location:** The Netherlands
* **Salary:** ~€40.0000
* **Company/Industry:** Finance
* **Education:** Technical MSc 
* **Prior Experience:** About 1.5 years of mostly internships and programming side-jobs.
* **Relocation/Signing Bonus:** -
* **Stock and/or recurring bonuses:** 8% of total salary ""holiday pay"" in May + 13th month in December + €2k set bonus. Total just over €9000. Also significant contribution to pension plan/401K, which is mandatory here.
* **Total comp:** ~€49.000, which is about $60.000 (excl. 401k contribution).

I think this is above average here for someone with little working experience.",,The Netherlands,Netherlands,,About 1.5 years of mostly internships and programming side-jobs.,True,,,,klvb55,[Official] 2020 End of Year Salary Sharing thread,https://www.reddit.com/r/datascience/comments/klvb55/official_2020_end_of_year_salary_sharing_thread/
True,Head of DS,,16 months,190000.0,USD,EdTech,"PhD, Psychology",0.0,"Founder's shares (restricted); one-time grant valued at low end, spread across 5 years; intended to be held until acquisition",280000.0,In office 5x/week with generous WFH/PTO; recruited into the role by a local firm; plans to retire if company is acquired,t1_m9k2qtn,https://www.reddit.com/r/datascience/comments/1ia175l/official_2024_end_of_year_salary_sharing_thread/m9k2qtn/,t3_1ia175l,wil_dogg,2025-01-28T01:05:55.000Z,2,"Title:  Head of DS

Tenure length:  16 months

Location:  Mid-Atlantic, medium cost of living, 20 minute commute to office

$Remote: In office 5x a week with generous WFH / PTO

Salary:   $190K

Company/Industry:  EdTech

Education:  PhD, Psychology

Prior Experience:  40 years of R&amp;D / analytics across numerous industries.  This is my 3rd start-up / small business turn-around.

Relocation/Signing Bonus:  None needed, it was a smart career move where I was recruited into the role by a local firm

Stock and/or recurring bonuses:  Founder's shares, restricted.

Total comp:  $280K assuming the low end of restricted shares valuation and spreading the RSU's across 5 years.  It is a one-time grant to be held until we are acquired, I plan to retire if we are acquired.",False,"Mid-Atlantic, medium cost of living, 20 minute commute to office",United States,,40 years of R&D/analytics across numerous industries; 3rd start-up/small business turnaround,,,,,1ia175l,[Official] 2024 End of Year Salary Sharing thread,https://www.reddit.com/r/datascience/comments/1ia175l/official_2024_end_of_year_salary_sharing_thread/
True,Senior Data Scientist,Senior,2 years,60000.0,EUR,Insurance,PhD,,~5k EUR/y,65000.0,Base salary also mentioned as 63k USD equivalent. Hybrid work arrangement.,t1_m9o6p5f,https://www.reddit.com/r/datascience/comments/1ia175l/official_2024_end_of_year_salary_sharing_thread/m9o6p5f/,t3_1ia175l,Global-Proof1765,2025-01-28T17:45:23.000Z,2,"**Title**: Senior Data Scientist

**Tenure length**: 2 years

**Location**: Latvia, Hybrid

**Salary**: 60k EUR / 63k USD

**Company/Industry**: Insurance

**Education**: PhD

**Prior Experience**: 0

**Relocation/Signing Bonus**:

**Stock and/or recurring bonuses**: ~5k EUR/y

**Total comp**: ~65k EUR",True,"Latvia, Hybrid",Latvia,,0 years,,,,,1ia175l,[Official] 2024 End of Year Salary Sharing thread,https://www.reddit.com/r/datascience/comments/1ia175l/official_2024_end_of_year_salary_sharing_thread/
True,Lead Data Scientist,,3 years,175000.0,USD,Tech,M.S. Stats,0.0,$50k Equity / funny money,225000.0,Remote living in the midwest (VLCOL) while role is associated with NYC.,t1_m9r2l43,https://www.reddit.com/r/datascience/comments/1ia175l/official_2024_end_of_year_salary_sharing_thread/m9r2l43/,t3_1ia175l,esperaporquejoe,2025-01-29T02:09:34.000Z,2,"Title: Lead Data Scientist  
Tenure length: 3 Years  
Location: NYC (Remote living in the midwest VLCOL)  
Salary: $175k  
Company/Industry: Tech  
Education: M.S. Stats  
Prior Experience: Six mo internship  
Relocation/Signing Bonus: $0  
Stock and/or recurring bonuses: $50k Equity / funny money  
Total comp: $225k",True,NYC (Remote living in the midwest VLCOL),United States,New York City,Six mo internship,True,,,,1ia175l,[Official] 2024 End of Year Salary Sharing thread,https://www.reddit.com/r/datascience/comments/1ia175l/official_2024_end_of_year_salary_sharing_thread/
True,Data Scientist,,1.5 years,91000.0,USD,Finance,B.S. Economics (state school) 2019. Minor in Physics,10000.0,n/a,91000.0,Considering getting a master's to improve mobility and relocation prospects; feels lucky to have the role.,t1_gieqszj,https://www.reddit.com/r/datascience/comments/klvb55/official_2020_end_of_year_salary_sharing_thread/gieqszj/,t3_klvb55,guided-,2021-01-07T09:14:47.000Z,14,"* **Title**: Data Scientist
* **Tenure length**: 1.5 years
* **Location**: Dallas
* **Salary**: 91k
* **Company/Industry**: Finance
* **Education**: B.S. Economics (state school) 2019. Minor in Physics
* **Prior Experience**: Internships and research assistant (semi-related)
* **Relocation/Signing Bonus**: 10k
* **Stock and/or recurring bonuses**: n/a
* **Total comp**: 91k

I'm seriously considering getting a master's because I'm scared I'll be a tough hire elsewhere and want to relocate eventually. I feel pretty lucky to have this role!",,Dallas,United States,Dallas,Internships and research assistant (semi-related),True,,,,klvb55,[Official] 2020 End of Year Salary Sharing thread,https://www.reddit.com/r/datascience/comments/klvb55/official_2020_end_of_year_salary_sharing_thread/
True,Machine Learning Engineer,,1yr,480000.0,DKK,Media intelligence,"MSc Software Development, BEng Mechanical Engineering",,n/a,78000.0,Total compensation stated as 78k USD. Pretty standard starting salary for tech jobs in Denmark. Works in a very small team. Considering moving to the UK or Canada next year; mentions potential complications with US (Australian worker E3 visa).,t1_giks1xe,https://www.reddit.com/r/datascience/comments/klvb55/official_2020_end_of_year_salary_sharing_thread/giks1xe/,t3_klvb55,Lewba,2021-01-08T20:01:53.000Z,12,"* **Title:** Machine Learning Engineer
* **Tenure length:** 1yr
* **Location:** Copenhagen, Denmark
* **Salary:** 480,000dkk (78k USD)
* **Company/Industry:** Media intelligence
* **Education:** MSc Software Development, BEng Mechanical Engineering
* **Prior Experience:** 18 months of internships (including at the same company)
* **Signing bonus:** n/a
* **Stock:** n/a
* **Total comp:** 78k USD

Pretty standard starting salary for tech jobs in Denmark. I work in a very small team. I'd be looking at moving off to the UK or Canada in the next year or so (US would probably be a headache with Australian worker E3 visa stuff).",,"Copenhagen, Denmark",Denmark,Copenhagen,18 months of internships (including at the same company),True,,,,klvb55,[Official] 2020 End of Year Salary Sharing thread,https://www.reddit.com/r/datascience/comments/klvb55/official_2020_end_of_year_salary_sharing_thread/
True,Data Scientist,New grad,6 months,105000.0,USD,Manufacturing,"BE Comp. Engg., MS CS",,No stocks; Recurring bonus 16k per year for 3 years,121000.0,Bonuses: 7k relocation and 20k sign-on. Role is hybrid.,t1_m98wbwg,https://www.reddit.com/r/datascience/comments/1ia175l/official_2024_end_of_year_salary_sharing_thread/m98wbwg/,t3_1ia175l,BlazeAssault04,2025-01-26T10:36:55.000Z,2,"Title : Data Scientist (New grad)

Tenure Length : 6 months

Location :  Southwest (Hybrid)

Salary : 105k

Company/Industry : Manufacturing 

Education : BE Comp. Engg., MS CS

Prior Experience : Internships (9 months), Research Assistant (8 months)

Bonus : 7k relocation, 20k sign-on

Recurring bonus: No stocks, 16k per year (for 3 years)

Total Comp: 121k",True,Southwest (Hybrid),United States,,"Internships (9 months), Research Assistant (8 months)",True,,,,1ia175l,[Official] 2024 End of Year Salary Sharing thread,https://www.reddit.com/r/datascience/comments/1ia175l/official_2024_end_of_year_salary_sharing_thread/
True,Senior Data Scientist,Senior,"Full-time 1.5 years, half year part-time before that",98000.0,USD,Major financial services company,MS in Statistical Practice,0.0,20% bonus eligible (~18% actual),115000.0,"Fought to get the title change; salary has not caught up yet. Good benefits: health, high 401k match, and $2,000/year toward student loans.",t1_ghe55hq,https://www.reddit.com/r/datascience/comments/klvb55/official_2020_end_of_year_salary_sharing_thread/ghe55hq/,t3_klvb55,ds2019_sharing,2020-12-29T14:05:26.000Z,12,"Well this will be almost exactly the same as my post from last year, when I made this throwaway account

* **Title:** Senior Data Scientist (fought to get the title change, salary hasn't caught up yet)
* **Tenure length:** Full-time 1.5 years, half year part-time before that
* **Location:** Boston
* **Salary:** $98,000
* **Company/Industry:** Major financial services company
* **Education:** MS in Statistical Practice
* **Prior Experience:** pre-DS career teaching
   * Interned at the same company I work for now at like $28/hour, then same rate as part-time while finishing my MS
* **Relocation/Signing Bonus:** Nope
* **Stock and/or recurring bonuses:** 20% bonus eligible (which means I get around 18% actually)
* **Total comp:** \~ $115k annual, good benefits (health, high 401k match, $2k/year towards student loans)",,Boston,United States,Boston,"Pre-DS career teaching. Interned at the same company at $28/hour, then same rate as part-time while finishing MS.",True,,,,klvb55,[Official] 2020 End of Year Salary Sharing thread,https://www.reddit.com/r/datascience/comments/klvb55/official_2020_end_of_year_salary_sharing_thread/
True,,,2.5 years,60000.0,CAD,Adtech,Bachelors and a graduate certificate in Business Analytics,,NA,60000.0,,t1_m97kdxk,https://www.reddit.com/r/datascience/comments/1ia175l/official_2024_end_of_year_salary_sharing_thread/m97kdxk/,t3_1ia175l,ExceptionError2,2025-01-26T03:39:38.000Z,1,"Tenure Length:2.5 years
Location: Toronto (Remote)
Salary: 60k
Company/Industry: Adtech
Education: Bachelors and a graduate certificate in Business Analytics
Prior experience: 2 years in Client and Customer facing role
Bonuses: NA
Total Comp: 60k",True,Toronto (Remote),Canada,Toronto,2 years in Client and Customer facing role,,,,,1ia175l,[Official] 2024 End of Year Salary Sharing thread,https://www.reddit.com/r/datascience/comments/1ia175l/official_2024_end_of_year_salary_sharing_thread/
True,Data Analyst,,0 years (just landed the job),64000.0,CAD,Healthcare,Masters,,,64000.0,No benefits,t1_m97o4cl,https://www.reddit.com/r/datascience/comments/1ia175l/official_2024_end_of_year_salary_sharing_thread/m97o4cl/,t3_1ia175l,morning_batman,2025-01-26T04:03:32.000Z,1,"Title: Data Analyst
Tenure: 0 Years (just landed the job)
Location: Toronto
Salary: 64k CAD
Company / Industry: Healthcare
Education: Masters
Prior Experience:
3 Internships
No benefits
Total comp: 64k CAD",,Toronto,Canada,Toronto,3 internships,True,,,,1ia175l,[Official] 2024 End of Year Salary Sharing thread,https://www.reddit.com/r/datascience/comments/1ia175l/official_2024_end_of_year_salary_sharing_thread/
True,,,,265000.0,,,,,Additional 600000 (unspecified breakdown; could be bonus/equity),865000.0,"Comment reacts to a compensation package: 265k base plus 600k additional. No job details, location, or currency provided; appears to reference someone else's comp and mentions not being at a hedge fund (HF).",t1_kfgvlr5,https://www.reddit.com/r/datascience/comments/18tevwk/official_2023_end_of_year_salary_sharing_thread/kfgvlr5/,t3_18tevwk,cheselnut,2023-12-29T21:34:31.000Z,6,How is this even real comp not working at a HF? $265 base + an additional $600k that sounds wild!,,,,,,,,,,18tevwk,[Official] 2023 End of Year Salary Sharing thread,https://www.reddit.com/r/datascience/comments/18tevwk/official_2023_end_of_year_salary_sharing_thread/
True,Lead Data Scientist,Lead,5 years,163000.0,USD,Healthcare,"PhD, STEM field",0.0,~15% annual bonus,185000.0,,t1_m97qulg,https://www.reddit.com/r/datascience/comments/1ia175l/official_2024_end_of_year_salary_sharing_thread/m97qulg/,t3_1ia175l,bojibridge,2025-01-26T04:21:57.000Z,1,"Title: Lead Data Scientist

Tenure length: 5 years  

Location: L-MCOL Midwest   

Salary: $163k  

Company/Industry: Healthcare  

Education: PhD, STEM field  

Prior Experience: 3 yrs postdoctoral researcher, STEM field

Relocation/Signing Bonus: None  

Stock and/or recurring bonuses: ~15% annual bonus  

Total comp: $185k",,L-MCOL Midwest,United States,,"3 yrs postdoctoral researcher, STEM field",,,,,1ia175l,[Official] 2024 End of Year Salary Sharing thread,https://www.reddit.com/r/datascience/comments/1ia175l/official_2024_end_of_year_salary_sharing_thread/
True,Lead Data Scientist,Lead,5+ years,185000.0,USD,Media,MS Stats,,20%,220000.0,,t1_gi2nfji,https://www.reddit.com/r/datascience/comments/klvb55/official_2020_end_of_year_salary_sharing_thread/gi2nfji/,t3_klvb55,joe_gdit,2021-01-04T15:12:57.000Z,11,"  - **Title:**  Lead Data Scientist  
  - **Tenure length:**  5+ years  
  - **Location:**  NYC    
  - **Salary:**  $185,000  
  - **Company/Industry:**  Media  
  - **Education:**  MS Stats  
  - **Prior Experience:** A few years as an analyst  
    - **$Internship**  Unrelated 
    - **$Coop**  None  
  - **Relocation/Signing Bonus:** None  
  - **Stock and/or recurring bonuses:**  20%  
  - **Total comp:**  $220,000",,NYC,United States,New York City,A few years as an analyst,True,False,,,klvb55,[Official] 2020 End of Year Salary Sharing thread,https://www.reddit.com/r/datascience/comments/klvb55/official_2020_end_of_year_salary_sharing_thread/
True,Lead Data Scientist,Lead,4 Years,155000.0,USD,Education,Masters,,2-3% yearly,,High cost living,t1_m97rto4,https://www.reddit.com/r/datascience/comments/1ia175l/official_2024_end_of_year_salary_sharing_thread/m97rto4/,t3_1ia175l,aaronswar43,2025-01-26T04:28:42.000Z,1,"**Title:** Lead Data Scientist

* **Tenure length:** 4 Years
* **Location:** Northeaster, USA (High cost living)
* **Salary:** $155k
* **Stock and/or recurring bonuses:** 2-3% yearly
* **Company/Industry:** Education
* **Education:** Masters
* **Prior Experience:** 4 Years (1 year- Full stack dev, 1.5 - Devops, 1.5 - DS)",,"Northeaster, USA (High cost living)",United States,,"4 Years (1 year- Full stack dev, 1.5 - Devops, 1.5 - DS)",,,,,1ia175l,[Official] 2024 End of Year Salary Sharing thread,https://www.reddit.com/r/datascience/comments/1ia175l/official_2024_end_of_year_salary_sharing_thread/
True,,,,80000.0,EUR,Mid-tier firms,,,,,"Comment advises seeking a 30% raise and suggests that mid-tier firms in Amsterdam pay 80K+ (base). Figure provided as general market guidance, not a personal salary disclosure.",t1_gig4go1,https://www.reddit.com/r/datascience/comments/klvb55/official_2020_end_of_year_salary_sharing_thread/gig4go1/,t3_klvb55,tripple13,2021-01-07T17:54:11.000Z,4,"Yeah, just my 5 cents: Get a 30% bump up or GTFO. But to be fair, from my own experience in the industry. Jumps like that rarely happen in-house, you sold yourself short upon employment. However, I would argue you should be able to receive 80K+ at mid-tier firms in the Dam.",,the Dam,Netherlands,Amsterdam,,,,,,klvb55,[Official] 2020 End of Year Salary Sharing thread,https://www.reddit.com/r/datascience/comments/klvb55/official_2020_end_of_year_salary_sharing_thread/
True,Data Scientist,,,155000.0,USD,Tech,Masters degree,,,230000.0,,t1_m99j6ph,https://www.reddit.com/r/datascience/comments/1ia175l/official_2024_end_of_year_salary_sharing_thread/m99j6ph/,t3_1ia175l,puffypawtrotter,2025-01-26T13:49:01.000Z,1,"Title: Data Scientist
Location: NYC
Salary: 155k
Company: Tech
Education: Masters degree
TC: 230k",,NYC,United States,New York City,,,,,,1ia175l,[Official] 2024 End of Year Salary Sharing thread,https://www.reddit.com/r/datascience/comments/1ia175l/official_2024_end_of_year_salary_sharing_thread/
True,Data Scientist,,6 months,185000.0,USD,Tech,PhD,0.0,Approximately 125k USD in stock/recurring bonuses,300000.0,Total comp stated as '300k+ with stock appreciation'; MCOL indicates medium cost-of-living area.,t1_m99n41c,https://www.reddit.com/r/datascience/comments/1ia175l/official_2024_end_of_year_salary_sharing_thread/m99n41c/,t3_1ia175l,Sorry-Owl4127,2025-01-26T14:13:36.000Z,1,"Title: Data Scientist

•	⁠Tenure length:  6 months
•	⁠Location: Remote: MCOL
•	⁠Salary: $ US 185
•	⁠Company/Industry: Tech
•	⁠Education: PhD 
•	⁠Prior Experience: 3, plus PhD and postdoc, and a life before that 
•	⁠Relocation/Signing Bonus: None
•	⁠Stock and/or recurring bonuses: $ ~125
•	⁠Total comp: $ 300k+ with stock appreciation",True,Remote: MCOL,,,"3, plus PhD and postdoc, and a life before that",,,,,1ia175l,[Official] 2024 End of Year Salary Sharing thread,https://www.reddit.com/r/datascience/comments/1ia175l/official_2024_end_of_year_salary_sharing_thread/
True,Senior Data Scientist,Senior,3.5 Years,1600000.0,INR,Consulting MBB,Bachelors in Engineering,0.0,2-3 lpa (2720-4050 USD approx),,Total compensation range mentioned as 18-19 lpa (~25k USD). Asking if this is a good salary for India; started as data analyst for one year and learned on the job; still learning. Edit: added currency in USD as well.,t1_ghsokm3,https://www.reddit.com/r/datascience/comments/klvb55/official_2020_end_of_year_salary_sharing_thread/ghsokm3/,t3_klvb55,itaintmeeeeeee,2021-01-02T04:20:22.000Z,10,"•	⁠Title: Senior Data Scientist

•	⁠Tenure length: 3.5 Years 

•	⁠Location: India

•	⁠Salary: 16lpa (21,772 USD)

•	⁠Company/Industry: Consulting MBB

•	⁠Education: Bachelors in Engineering 

•	⁠Prior Experience: -

•	⁠Relocation/Signing Bonus: 0

•	⁠Stock and/or recurring bonuses: 2-3 lpa (2720-4050 USD approx)

•	⁠Total comp: 18-19 lpa (~25k USD)

Also, can anyone from India please help me understand if this is a good salary? As I do not have many friends in this domain (started as data analyst for ome year and then learnt on the go, still learning)

Edit: added currency in USD as well",,India,India,,1 year as data analyst,,,,,klvb55,[Official] 2020 End of Year Salary Sharing thread,https://www.reddit.com/r/datascience/comments/klvb55/official_2020_end_of_year_salary_sharing_thread/
True,Senior Data Scientist,Senior,2.5 years,120000.0,USD,Step below the national labs,PhD in math,,0,120000.0,,t1_m99r5za,https://www.reddit.com/r/datascience/comments/1ia175l/official_2024_end_of_year_salary_sharing_thread/m99r5za/,t3_1ia175l,psssat,2025-01-26T14:37:45.000Z,1,"Title: Senior Data Scientist

•	⁠Tenure length: 2.5 years

•	⁠Location: hybrid: Med-High Cost of Living city in the US

•	⁠Salary: 120k

•	⁠Company/Industry: Step below the national labs

•	⁠Education: PhD in math

•	⁠Prior Experience: 0

•	⁠Relocation/Signing Bonus: None

•	⁠Stock and/or recurring bonuses: 0

•	⁠Total comp: 120k",True,hybrid: Med-High Cost of Living city in the US,United States,,0,,,,,1ia175l,[Official] 2024 End of Year Salary Sharing thread,https://www.reddit.com/r/datascience/comments/1ia175l/official_2024_end_of_year_salary_sharing_thread/
True,Data Analyst,,1 year,70000.0,USD,Financial services,BA in French,0.0,$2k this year due to COVID (usually ~$5k expected),72000.0,Bonuses reduced this year due to COVID; typically around $5k expected.,t1_gkutaok,https://www.reddit.com/r/datascience/comments/klvb55/official_2020_end_of_year_salary_sharing_thread/gkutaok/,t3_klvb55,sticker_vigilante,2021-01-26T19:08:00.000Z,10,"I'm late to the game, but I thought I could add some variety with my humanities degree.  

&amp;#x200B;

* **Title: Data Analyst**  
 
* **Tenure length: 1 year**  
 
* **Location: Detroit**   
 
* **Salary: $70k**  
 
* **Company/Industry: Financial services**  
 
* **Education: BA in French**  
 
* **Prior Experience:**
   * **Digital marketing with some SQL at a startup**  
 
* **Relocation/Signing Bonus: $0**  
 
* **Stock and/or recurring bonuses: $2k this year due to COVID (usually \~$5k expected)**  
 
* **Total comp: $72k**",,Detroit,United States,Detroit,Digital marketing with some SQL at a startup,,,,,klvb55,[Official] 2020 End of Year Salary Sharing thread,https://www.reddit.com/r/datascience/comments/klvb55/official_2020_end_of_year_salary_sharing_thread/
True,Applied NLP Researcher,,2yr6m,155000.0,,Healthcare,"PhD (neuroscience), MS (data science)",,9k,,,t1_m9a4ang,https://www.reddit.com/r/datascience/comments/1ia175l/official_2024_end_of_year_salary_sharing_thread/m9a4ang/,t3_1ia175l,smilodon138,2025-01-26T15:47:16.000Z,1,"* **Title**: Applied NLP Researcher
* **Tenure length:** 2yr6m, \~1yr previous DS experience
* **Location:** remote
* **Salary:** 155k
* **Company/Industry:** Healthcare
* **Education:** PhD (neuroscience), MS (data science)
* **Prior Experience:** &lt;1yr previous ds experience. waaaayyyyy tooo much time in academia
* **Relocation/Signing Bonus:** N/A
* **Stock and/or recurring bonuses:** 9k",True,remote,,,<1yr previous ds experience. waaaayyyyy tooo much time in academia,,,,,1ia175l,[Official] 2024 End of Year Salary Sharing thread,https://www.reddit.com/r/datascience/comments/1ia175l/official_2024_end_of_year_salary_sharing_thread/
True,,,,,,,,,"Quoting equity grant prices. L6 grant: $500,000 over a 4-year schedule. L7 grant: around $850,000. With appreciation, total value is a bit over $1,000,000. Long preclearance period; did not quote market rate.",,"Negotiated promotions aggressively; references L6 and L7 levels. Equity values stated are grant values, not current market rate due to preclearance constraints.",t1_kfhvh4x,https://www.reddit.com/r/datascience/comments/18tevwk/official_2023_end_of_year_salary_sharing_thread/kfhvh4x/,t3_18tevwk,ZhanMing057,2023-12-30T01:34:23.000Z,3,"Not really, I'm quoting grant prices. With appreciation it's a bit over $1 mil. I have a rather lengthy preclearance period so I felt it wouldn't be fair to quote the market rate (since it could move a lot between grant date and when I can schedule a sale). 

I did negotiate promos fairly aggressively - L6 was $500k over a 4-year schedule, and L7 around $850k.",,,,,,,,,,18tevwk,[Official] 2023 End of Year Salary Sharing thread,https://www.reddit.com/r/datascience/comments/18tevwk/official_2023_end_of_year_salary_sharing_thread/
True,Senior Consultant / Data Scientist,Senior,2 years,167000.0,,Government Consulting,MBA,0.0,"Recurring bonuses: 10K security, 20K regular; 30K retention bonus",225000.0,Work arrangement: in-person (on-site).,t1_m9a5f91,https://www.reddit.com/r/datascience/comments/1ia175l/official_2024_end_of_year_salary_sharing_thread/m9a5f91/,t3_1ia175l,delaughey,2025-01-26T15:52:52.000Z,1,"Title: senior consultant / data scientist 
Tenure: 2 years, in person
Salary: 167K
Company/Industry: Government Consulting 
Education: MBA
Prior experience: 2 years government DS, 1 year other consulting company
Relocation/signing bonus: none
Recurring bonuses: 10K security, 20K regular, 30K 
retention bonus 
Total comp: ~225K",False,,,,"2 years government DS, 1 year other consulting company",,,,,1ia175l,[Official] 2024 End of Year Salary Sharing thread,https://www.reddit.com/r/datascience/comments/1ia175l/official_2024_end_of_year_salary_sharing_thread/
True,Analyst,,8 months,70000.0,USD,professional sports,Master’s,,Recurring bonus: varies,,"Love my job, the industry and type of work I get to do on a daily basis are exactly what I was hoping for out of college.",t1_m9a6sio,https://www.reddit.com/r/datascience/comments/1ia175l/official_2024_end_of_year_salary_sharing_thread/m9a6sio/,t3_1ia175l,Xrt3,2025-01-26T15:59:33.000Z,1,"Title: Analyst

Tenure length: 8 months

Location: Midwest, hybrid

Salary: $70k

Company/Industry: professional sports

Education: Master’s

Prior experience: two summer internships, one at current place of work

Recurring bonus: varies

Love my job, the industry and type of work I get to do on a daily basis are exactly what I was hoping for out of college.",True,"Midwest, hybrid",United States,,"two summer internships, one at current place of work",True,,,,1ia175l,[Official] 2024 End of Year Salary Sharing thread,https://www.reddit.com/r/datascience/comments/1ia175l/official_2024_end_of_year_salary_sharing_thread/
True,Quantitative Researcher,,1 month,90000.0,USD,Small startup fintech,"MS Math, BS Physics",0.0,Stock options; unknown valuation (private company),90000.0,First full-time job outside academia,t1_ghkdlr5,https://www.reddit.com/r/datascience/comments/klvb55/official_2020_end_of_year_salary_sharing_thread/ghkdlr5/,t3_klvb55,fysiksnerd,2020-12-31T02:27:18.000Z,8,"* **Title**: Quantitative Researcher
* **Tenure Length**: 1 month
* **Location**: HCOL West Coast City
* **Salary**: $90,000
* **Company/Industry**: Small startup fintech
* **Education**: MS Math, BS Physics
* **Prior Experience**: 1 year graduate student researcher, 3 years undergraduate student researcher
* **Relocation/Signing Bonus**: None
* **Stock and/or Recurring Bonuses**: Stock options. Unknown valuation (private company)
* **Total Comp**: $90,000

Edit: This is my first full-time job outside academia.",,HCOL West Coast City,United States,,1 year graduate student researcher; 3 years undergraduate student researcher,,,,,klvb55,[Official] 2020 End of Year Salary Sharing thread,https://www.reddit.com/r/datascience/comments/klvb55/official_2020_end_of_year_salary_sharing_thread/
True,Machine Learning Data Scientist,,1 year,140000.0,USD,Large delivery/logistics app,2-year data science masters (Berkeley MIMS). Economics BA.,,"$100,000 RSUs on signing, $50,000 performance bonus. Fully vested after 4 years",,Total comp stated as 140000 + value of RSUs,t1_ghtxb4a,https://www.reddit.com/r/datascience/comments/klvb55/official_2020_end_of_year_salary_sharing_thread/ghtxb4a/,t3_klvb55,Godspeed2014,2021-01-02T15:02:46.000Z,9,"Title: Machine Learning Data Scientist

Tenure Length: 1 year

Location: San Francisco

Salary: $140,000

Company/Industry: Large delivery/logistics app

Education: 2-year data science masters (Berkeley MIMS). Economics BA. 

Prior experience: 2 years investment research analyst, 1yr analyst at small startup

Relocation/signing bonus: N/A

Stock: $100,000 RSUs on signing, $50,000 performance bonus. Fully vested after 4 years

Total comp: $140000 + however you value RSUs",,San Francisco,United States,San Francisco,"2 years investment research analyst, 1yr analyst at small startup",,,,,klvb55,[Official] 2020 End of Year Salary Sharing thread,https://www.reddit.com/r/datascience/comments/klvb55/official_2020_end_of_year_salary_sharing_thread/
True,Data Scientist,,1.5 Years,120000.0,USD,Insurance,BS Computer Science,,~4%,125000.0,I'm really just a Data Scientist. :(,t1_m9b3zcc,https://www.reddit.com/r/datascience/comments/1ia175l/official_2024_end_of_year_salary_sharing_thread/m9b3zcc/,t3_1ia175l,AyeBoredGuy,2025-01-26T18:37:07.000Z,1,"**Title:** ""Data Scientist""

* **Tenure length:** 1.5 Years
* **Location:** East Coast &amp; Hybrid
* **Salary:** 120K
* **Company/Industry:** Insurance
* **Education:** BS Computer Science
* **Prior Experience:** 3 YoE Data Analytics
* **Relocation/Signing Bonus:** None
* **Stock and/or recurring bonuses:** \~4%
* **Total comp:** \~$125K

I'm really just a Data Scientist. :(",True,East Coast & Hybrid,United States,,3 YoE Data Analytics,,,,,1ia175l,[Official] 2024 End of Year Salary Sharing thread,https://www.reddit.com/r/datascience/comments/1ia175l/official_2024_end_of_year_salary_sharing_thread/
True,Business Analytics Manager,,1 year,113000.0,CHF,FMCG,BS Economics; Master’s of Actuarial Science,,15% bonus,144000.0,"Benefits include ~2,500 CHF health insurance and ~11,500 CHF pension fund contribution. Work is ~50% remote (hybrid). Relocation/signing bonus: none.",t1_m9b5409,https://www.reddit.com/r/datascience/comments/1ia175l/official_2024_end_of_year_salary_sharing_thread/m9b5409/,t3_1ia175l,Crisederire,2025-01-26T18:42:22.000Z,1,"Title: Business Analytics Manager

•	⁠Tenure length: 1 year

•	⁠Location: Vevey, Switzerland
	⁠•	⁠$Remote: 50%

•	⁠Salary: 113k +2.5k health insurance + 11.5k to pension fund CHF

•	⁠Company/Industry: FMCG

•	⁠Education: BS Economics; Master’s of Actuarial Science

•	⁠Prior Experience:
	⁠•	⁠$4 years as actuary and business analyst. 5 years data scientist and analytics
	⁠•	⁠$Coop
•	⁠Relocation/Signing Bonus: None

•	⁠Stock and/or recurring bonuses: 15% Bonus

•	⁠Total comp: ~$144CHF 


Revenues are crazy high in U.S. I am impressed. Is it the norm ? Or only high salaries like to post their salary",True,"Vevey, Switzerland",Switzerland,Vevey,4 years as actuary and business analyst; 5 years data scientist and analytics,,True,,,1ia175l,[Official] 2024 End of Year Salary Sharing thread,https://www.reddit.com/r/datascience/comments/1ia175l/official_2024_end_of_year_salary_sharing_thread/
True,VP of ops analytics,VP,5 years,190000.0,USD,Finance,BS Economics; Master of Data Anlytics,0.0,12% Bonus,215000.0,Remote: Hybrid,t1_m9bfw7h,https://www.reddit.com/r/datascience/comments/1ia175l/official_2024_end_of_year_salary_sharing_thread/m9bfw7h/,t3_1ia175l,Secure-Ad170,2025-01-26T19:32:32.000Z,1,"Title: VP of ops analytics

•	⁠Tenure length: 5 years
•	⁠Location: Nevada
	⁠•	⁠$Remote: Hybrid
•	⁠Salary: 190k
•	⁠Company/Industry: Finance 
•	⁠Education: BS Economics; Master of Data Anlytics
•	⁠Prior Experience:
	⁠•	⁠Promotions, data analyst at a prior company
•	⁠Relocation/Signing Bonus: None
•	⁠Stock and/or recurring bonuses: 12% Bonus
•	⁠Total comp: ~$215k",True,Nevada,United States,,"Promotions, data analyst at a prior company",,,,,1ia175l,[Official] 2024 End of Year Salary Sharing thread,https://www.reddit.com/r/datascience/comments/1ia175l/official_2024_end_of_year_salary_sharing_thread/
True,Data Scientist,,4 years,105000.0,USD,Communications,PhD,,10000 per year,115000.0,Hybrid role,t1_m9bi41g,https://www.reddit.com/r/datascience/comments/1ia175l/official_2024_end_of_year_salary_sharing_thread/m9bi41g/,t3_1ia175l,Training_Change6675,2025-01-26T19:42:56.000Z,1,"**Title:** Data Scientist

* **Tenure length:** 4 years
* **Location:** Northeast USA
   * **$Remote:** Hybrid
* **Salary:** $105,000
* **Company/Industry:** Communications
* **Education:** PhD
* **Prior Experience:** 
   * **$Internship**
   * **$Coop**
* **Relocation/Signing Bonus:**
* **Stock and/or recurring bonuses:** $10k/yr
* **Total comp:** $115,000",True,Northeast USA,United States,,,True,True,,,1ia175l,[Official] 2024 End of Year Salary Sharing thread,https://www.reddit.com/r/datascience/comments/1ia175l/official_2024_end_of_year_salary_sharing_thread/
True,Data analyst,,4 years,70000.0,USD,market research,"BA Political Science, BS Computer Science",,,,Current position offers no benefits; feels underpaid; enjoys the job and is looking for a new role.,t1_m9bnwzb,https://www.reddit.com/r/datascience/comments/1ia175l/official_2024_end_of_year_salary_sharing_thread/m9bnwzb/,t3_1ia175l,SwmpySouthpw,2025-01-26T20:10:33.000Z,1,"**Title**: Data analyst

  


Tenure length: 4 years

Location: TX

$Remote: Fully

Salary: $70k

Company/Industry: market research

Education: BA Political Science, BS Computer Science

Prior Experience: none in any data related field

  


I've been looking for a new role lately as my current position doesn't offer any benefits and I feel I could be paid better, but other than that I really love my job.",True,TX,United States,,none in any data related field,,,,,1ia175l,[Official] 2024 End of Year Salary Sharing thread,https://www.reddit.com/r/datascience/comments/1ia175l/official_2024_end_of_year_salary_sharing_thread/
True,"Analyst, [Product Name]",,8 years,155000.0,USD,FAANG,Bachelors and Masters,20000.0,50-75K per year,,Total comp approximately $230-270K USD (depends). Hybrid role.,t1_m9bxl3x,https://www.reddit.com/r/datascience/comments/1ia175l/official_2024_end_of_year_salary_sharing_thread/m9bxl3x/,t3_1ia175l,bensa410,2025-01-26T20:54:41.000Z,1,"**Title: Analyst, \[Product Name\]** 

* Tenure length: **8 years**
* Location: **New York City**
   * $Remote: **Hybrid**
* Salary: **$155K USD**
* Company/Industry: **FAANG**
* Education: **Bachelors and Masters**
* Prior Experience: **A few startups, 2 midisze companies, all in Product &amp; Marketing Analystics**
* Relocation/Signing Bonus: **$20K SB**
* Stock and/or recurring bonuses: **$50-75K p/y**
* Total comp: \~**$230-270K USD, depends**",True,New York City,United States,New York City,"A few startups, 2 midisze companies, all in Product & Marketing Analystics",,,,,1ia175l,[Official] 2024 End of Year Salary Sharing thread,https://www.reddit.com/r/datascience/comments/1ia175l/official_2024_end_of_year_salary_sharing_thread/
True,Data Science Consultant,,1 yoe,133000.0,USD,Defense,"MSci Analytics, DEng (accepted into program)",5000.0,5% if you never take PTO,,Total comp range reported as 133000 to 139000.,t1_m9bz2xx,https://www.reddit.com/r/datascience/comments/1ia175l/official_2024_end_of_year_salary_sharing_thread/m9bz2xx/,t3_1ia175l,chrisrocs88,2025-01-26T21:01:19.000Z,1,"Title: Data Science Consultant
 
Tenure length: 1 yoe
Location: Midwest 
Remote: No
Salary: 133k
 Company/Industry: Defense
Education: MSci Analytics, DEng (accepted into program)
Prior Experience: 1 year Analytics 
Relocation/Signing Bonus: 5k relo
Stock and/or recurring bonuses: 5% if you never take PTO
 Total comp: 133K to 139K",False,Midwest,United States,,1 year Analytics,,,,,1ia175l,[Official] 2024 End of Year Salary Sharing thread,https://www.reddit.com/r/datascience/comments/1ia175l/official_2024_end_of_year_salary_sharing_thread/
True,"Director, AI/ML & Research",Director,4 years,210000.0,USD,Finance,Bachelors in Chemical Engineering; Masters in Statistics; PhD (ongoing) in Applied Statistics,10000.0,No stocks; 15% annual bonus (~30000 USD) at the low end,240000.0,PTOs: 26,t1_m9czhbp,https://www.reddit.com/r/datascience/comments/1ia175l/official_2024_end_of_year_salary_sharing_thread/m9czhbp/,t3_1ia175l,the_uncrowned_k1ng,2025-01-26T23:52:12.000Z,1,"Title: Director, AI/ML &amp; Research

Tenure Length: 4 years

Location: Remote , based out of NE US

Salary: $210KUSD

Company/Industry: Finance

Education: Bachelors Chemical Engineering, Masters Statistics, PhD (ongoing) Applied Stats

Prior Experience: 
1. Automation engineer, 2 years Consulting
2. Data Science Intern: 6months Fintech
3. Research Assistant: 4months big 4 tech
4. Data Scientist: 1.5 years Fintech

Relocation/Sign on bonus: $10K USD

Stocks/Yearly Bonus: no stocks, 15% annual bonus at the low end, ~$30K USD

PTOs: 26

Total Comp: $240k USD",True,"Remote , based out of NE US",United States,,"Automation engineer; 2 years consulting; Data Science Intern (6 months, fintech); Research Assistant (4 months, big 4 tech); Data Scientist (1.5 years, fintech)",True,,,,1ia175l,[Official] 2024 End of Year Salary Sharing thread,https://www.reddit.com/r/datascience/comments/1ia175l/official_2024_end_of_year_salary_sharing_thread/
True,Senior Data Scientist,Senior,,130000.0,,Healthcare,PhD in circuit-level neuroscience,,,,,t1_m9d1to9,https://www.reddit.com/r/datascience/comments/1ia175l/official_2024_end_of_year_salary_sharing_thread/m9d1to9/,t3_1ia175l,sharkweekshane,2025-01-27T00:04:00.000Z,1,"Title: Senior Data Scientist 
Location: HCOL, hybrid  
Salary: 130,000 
Industry: Healthcare 
Education: PhD in circuit-level neuroscience  
No prior industry experience",True,"HCOL, hybrid",,,No prior industry experience,,,,,1ia175l,[Official] 2024 End of Year Salary Sharing thread,https://www.reddit.com/r/datascience/comments/1ia175l/official_2024_end_of_year_salary_sharing_thread/
True,Data Scientist,Staff,,365000.0,,Late stage tech startup,PhD,,Stock/equity: 200000 per year; not liquid,565000.0,,t1_m9e3fnn,https://www.reddit.com/r/datascience/comments/1ia175l/official_2024_end_of_year_salary_sharing_thread/m9e3fnn/,t3_1ia175l,Adventurous_Glass494,2025-01-27T03:13:05.000Z,1,"Staff Data Scientist
Company: Late stage tech startup
Salary: $365K
Stock: $200K per year but not liquid 
YOE: 7 + PhD",,,,,7 years,,,,,1ia175l,[Official] 2024 End of Year Salary Sharing thread,https://www.reddit.com/r/datascience/comments/1ia175l/official_2024_end_of_year_salary_sharing_thread/
True,Senior Scientist: Statistics,Senior,2 years,135000.0,USD,Pharma,MS statistics; BE mechanical engineering,,"13,500 stock; 20,250 bonus",168750.0,Internship 10 weeks (unrelated). Relocation/Signing Bonus: didn't ask.,t1_kfejcx7,https://www.reddit.com/r/datascience/comments/18tevwk/official_2023_end_of_year_salary_sharing_thread/kfejcx7/,t3_18tevwk,flapjaxrfun,2023-12-29T12:10:47.000Z,36,"Not sure if you want statisticians in here, but i can delete if you don't.

**Title:** Senior Scientist: Statistics

* **Tenure length: 2 years
* **Location: NE USA 
   * **$Remote: no
* **Salary:** 135,000 base
* **Company/Industry: Pharma
* **Education: MS stats, BE mechanical engineering 
* **Prior Experience: 11 years
   * **$Internship 10 weeks (unrelated)
   * **$Coop
* **Relocation/Signing Bonus: didn't ask
* **Stock and/or recurring bonuses: 13,500 stock; 20,250 bonus
* **Total comp:** 168,750",False,NE USA,United States,,11 years,True,True,,,18tevwk,[Official] 2023 End of Year Salary Sharing thread,https://www.reddit.com/r/datascience/comments/18tevwk/official_2023_end_of_year_salary_sharing_thread/
True,Data Scientist,,9 months,82500.0,USD,finance consultant,BS Physics; MS Data Science,,,91000.0,Base pay stated as '$82.5' (interpreted as $82.5k). Hybrid work arrangement.,t1_m9e6n8u,https://www.reddit.com/r/datascience/comments/1ia175l/official_2024_end_of_year_salary_sharing_thread/m9e6n8u/,t3_1ia175l,Midnight_Madman_81,2025-01-27T03:31:29.000Z,1,"Title: data scientist

Tenure: 9 months

Locations: NYC
     Hybrid
Base pay: $82.5

Company/industry: finance consultant 

Total comp: $91k

Education: bs physics MS data science 

Prior experience: 3month data science internship, 1.5 years swe",True,NYC,United States,New York City,3 months data science internship; 1.5 years SWE,True,,,,1ia175l,[Official] 2024 End of Year Salary Sharing thread,https://www.reddit.com/r/datascience/comments/1ia175l/official_2024_end_of_year_salary_sharing_thread/
True,Senior Data Scientist,Senior,3 months,46000.0,CZK,Healthcare,"Bsc data science, MSc Quantitative Finance",,10% bonus eligible annually,,Total comp stated as 46-50k annually,t1_ghrjh18,https://www.reddit.com/r/datascience/comments/klvb55/official_2020_end_of_year_salary_sharing_thread/ghrjh18/,t3_klvb55,MadT3acher,2021-01-01T22:01:18.000Z,7,"•	⁠Title: Senior Data Scientist

•	⁠Tenure length: 3 months into the new role

•	⁠Location: Czech Republic

•	⁠Salary: $46k

•	⁠Company/Industry: Healthcare

•	⁠Education: Bsc data science, MSc Quantitative Finance

•	⁠Prior Experience: 3 years in Finance and 4 years in aeronautical industry

•	⁠Stock and/or recurring bonuses: 10% bonus eligible annually

•	⁠Total comp: $46-50k annually",,Czech Republic,Czech Republic,,3 years in Finance and 4 years in aeronautical industry,,,,,klvb55,[Official] 2020 End of Year Salary Sharing thread,https://www.reddit.com/r/datascience/comments/klvb55/official_2020_end_of_year_salary_sharing_thread/
True,Data Scientist,,2 years,93000.0,EUR,Chemical Industry,Chemistry PhD,2000.0,10000 EUR,103000.0,,t1_m9ewou1,https://www.reddit.com/r/datascience/comments/1ia175l/official_2024_end_of_year_salary_sharing_thread/m9ewou1/,t3_1ia175l,Massive_Arm_706,2025-01-27T06:43:16.000Z,1,"**Title:** Data Scientist 

**Tenure length:** 2 years

**Location:** Cologne, Germany

**Remote:** hybrid 

**Salary:** 93k €

**Company/Industry:** Chemical Industry

**Education:** Chemistry PhD

**Prior Experience:** 5 years industrial R&amp;D

**Relocation/Signing Bonus:** ~2k €

**Stock and/or recurring bonuses:** 10k €

**Total comp:** 103k €",True,"Cologne, Germany",Germany,Cologne,5 years industrial R&D,,,,,1ia175l,[Official] 2024 End of Year Salary Sharing thread,https://www.reddit.com/r/datascience/comments/1ia175l/official_2024_end_of_year_salary_sharing_thread/
True,Data Scientist,,2.5 years,130000.0,CHF,Pharma,MSc Statistics,0.0,$10k,140000.0,Base salary also quoted as ~143k USD; total compensation also quoted as ~153k USD. Stock/recurring bonuses amount provided in USD.,t1_m9f4a3g,https://www.reddit.com/r/datascience/comments/1ia175l/official_2024_end_of_year_salary_sharing_thread/m9f4a3g/,t3_1ia175l,Downtown_Advance_249,2025-01-27T07:57:03.000Z,1,"**Title:** Data Scientist

* **Tenure length:** 2.5 years
* **Location:** Switzerland
* **Salary:** 130k CHF, \~143k USD
* **Company/Industry:** Pharma
* **Education:** MSc Statistics
* **Prior Experience:** student jobs in Statistics e.g. RA, TA, one PM job in Finance
* **Relocation/Signing Bonus:** none
* **Stock and/or recurring bonuses:** $10k
* **Total comp:** \~$140k CHF, \~153k USD",,Switzerland,Switzerland,,"student jobs in Statistics e.g. RA, TA, one PM job in Finance",,,,,1ia175l,[Official] 2024 End of Year Salary Sharing thread,https://www.reddit.com/r/datascience/comments/1ia175l/official_2024_end_of_year_salary_sharing_thread/
True,,,,147000.0,,Biostatistics,MS,,,,"Uses R only. Responsibilities include selecting appropriate statistical methods, calculating sample sizes, writing protocols and statistical analysis plans, reviewing literature, and collaborating with scientists and doctors. Notes salary is less than data scientists.",t1_kg3ljf3,https://www.reddit.com/r/datascience/comments/18tevwk/official_2023_end_of_year_salary_sharing_thread/kg3ljf3/,t3_18tevwk,StayInThea,2024-01-03T07:48:25.000Z,2,"I'm in biostats. Use R only. I help choose appropriate stat methods for studies which is then used to calculate how many patients are needed. I help write protocols and statistical analysis plans, read literature on what methods to use. Tons of emails and working with scientists and doctors to figure out what is going on and plan things appropriately. Salary is way less than data scientists, I get 147k with 5 years experience and an MS",,,,,5 years,,,,,18tevwk,[Official] 2023 End of Year Salary Sharing thread,https://www.reddit.com/r/datascience/comments/18tevwk/official_2023_end_of_year_salary_sharing_thread/
True,Data Scientist,Junior,,60000.0,CZK,,,,,,"Advisory comment, not a personal salary. Recommends junior data scientist ask ~60,000 CZK per month, with a target range of 60–65k CZK/month. Notes that 60k CZK/month is roughly ~34k USD per annum. Suggests higher end if candidate has quantitative background, speaks English and Czech (and possibly another language), and has consulting experience. Warns that a low offer likely targets a data analyst role rather than data scientist. Encourages stating openness to negotiate with HR. Compensation amounts are monthly base; no bonuses or equity mentioned.",t1_gi8ex4m,https://www.reddit.com/r/datascience/comments/klvb55/official_2020_end_of_year_salary_sharing_thread/gi8ex4m/,t3_klvb55,MadT3acher,2021-01-05T22:26:47.000Z,4,"Ahoj !

Yeah sure, I’ll give you a quick head up. I think a junior in data science should ask something like 60,000.00 CZK per month (34k USD per annum), then it depends on your experience and where you’ll work.

Note also that you shouldn’t undersell yourself. Aim for 60-65k CZK a month if you feel like it’s your worth (quantitative science, speaking English and Czech and perhaps another language, consulting experience etc.). If they offer a low salary, then they are targeting at hiring a data analyst and not a data scientist. That’s my view on the situation.

In case you see that the situation with HR doesn’t really work well, you can always say “I’m open for negociation on compensation “. They will be ok with proceeding with the application.

Hope this small summary helped.

PS: we can talk about it in more details via DM if you’d like",,,Czech Republic,,,,,,,klvb55,[Official] 2020 End of Year Salary Sharing thread,https://www.reddit.com/r/datascience/comments/klvb55/official_2020_end_of_year_salary_sharing_thread/
True,Senior Machine Learning Engineer,Senior,4 months,95000.0,USD,"Manufacturing, public company",Non tech STEM BS+MS from a top 3 Brazilian school,,,95000.0,"Employer is in Maryland, United States; fully remote from Brazil. Contractor with no benefits. Currency assumed USD based on employer location (not explicitly stated). Conclusion: Needs a green card.",t1_m9f4tzo,https://www.reddit.com/r/datascience/comments/1ia175l/official_2024_end_of_year_salary_sharing_thread/m9f4tzo/,t3_1ia175l,MCRN-Gyoza,2025-01-27T08:02:34.000Z,1,"Title: Senior Machine Learning Engineer

Tenure: 4 months. 

Location: Remote, company is in Maryland, I'm in Brazil.

Salary: 95k

Industry: Manufacturing, public company. 

Education: Non tech STEM BS+MS from a top 3 Brazilian school. 

Previous experience: 6 YOE in Data Science, mostly in industrial IoT and real estate. 

Total comp: 95k, no benefits or anything, I'm technically a contractor.

Conclusion: I need a green card.",True,"Remote, company is in Maryland, I'm in Brazil.",Brazil,,"6 YOE in Data Science, mostly in industrial IoT and real estate",,,,,1ia175l,[Official] 2024 End of Year Salary Sharing thread,https://www.reddit.com/r/datascience/comments/1ia175l/official_2024_end_of_year_salary_sharing_thread/
True,Senior Data Analyst,Senior,2 months,70000.0,GBP,Gambling,BSc Computer Science (India); MSc Data Science (UK),0.0,10% fixed bonus,77000.0,"Hybrid, 2 days in the office but not mandatory; salary and total compensation are before taxes.",t1_m9fanko,https://www.reddit.com/r/datascience/comments/1ia175l/official_2024_end_of_year_salary_sharing_thread/m9fanko/,t3_1ia175l,Unusual_Arrival6969,2025-01-27T09:03:32.000Z,1,"**Title:** Senior Data Analyst

* **Tenure length:** 2 months
* **Location:** London
   * **$Remote:** Hybrid, 2 days in the office but not mandatory 
* **Salary:** £70K (before taxes)
* **Company/Industry:** Gambling
* **Education:** BSc Computer Science (India); MSc Data Science (UK)
* **Prior Experience:** 3.5 YoE  as a Digital Marketing Analyst
* **Relocation/Signing Bonus:** None
* **Stock and/or recurring bonuses:** 10% fixed bonus
* **Total comp:** £77K (before taxes)",True,London,United Kingdom,London,3.5 years as a Digital Marketing Analyst,,,,,1ia175l,[Official] 2024 End of Year Salary Sharing thread,https://www.reddit.com/r/datascience/comments/1ia175l/official_2024_end_of_year_salary_sharing_thread/
True,Data Scientist,,1/2 year,190000.0,USD,Small tech company,Masters in data science,0.0,No other bonus to date,190000.0,,t1_kfdjcxn,https://www.reddit.com/r/datascience/comments/18tevwk/official_2023_end_of_year_salary_sharing_thread/kfdjcxn/,t3_18tevwk,_The_Bear,2023-12-29T05:17:27.000Z,72,"Data scientist
  
1/2 year of tenure
  
190k salary
  
Remote, US
  
Small tech company
  
Masters in data science
  
2 years of prior experience as a data scientist.
  
No signing bonus
  
No other bonus to date
  
Total comp 190k",True,"Remote, US",United States,,2 years as a data scientist,,,,,18tevwk,[Official] 2023 End of Year Salary Sharing thread,https://www.reddit.com/r/datascience/comments/18tevwk/official_2023_end_of_year_salary_sharing_thread/
True,Data Scientist,,5 months,130000.0,USD,Banking,BS Economics; Master’s of Economics,5000.0,20-40k,,Total compensation mentioned as approximately $155k-175k range.,t1_m9fme4j,https://www.reddit.com/r/datascience/comments/1ia175l/official_2024_end_of_year_salary_sharing_thread/m9fme4j/,t3_1ia175l,xCrek,2025-01-27T11:03:01.000Z,1,"Title: Data Scientist

•	⁠Tenure length: 5 months
•	⁠Location: Northeast City - Medium Cost of Living
•	⁠Salary: $130k 
•	⁠Company/Industry: Banking
•	⁠Education: BS Economics; Master’s of Economics
•	⁠Prior Experience: 2 years experience 
•	⁠Relocation/Signing Bonus: $5k
•	⁠Stock and/or recurring bonuses: 20-40k
•	⁠Total comp: ~$155k-175k",,Northeast City - Medium Cost of Living,United States,,2 years experience,,,,,1ia175l,[Official] 2024 End of Year Salary Sharing thread,https://www.reddit.com/r/datascience/comments/1ia175l/official_2024_end_of_year_salary_sharing_thread/
True,ML Engineer,Senior Staff,3 years,300000.0,USD,Tech,PhD,,"100k Annual bonus, 900k RSUs (stock had a good year and so did I)",1300000.0,,t1_kffgsr0,https://www.reddit.com/r/datascience/comments/18tevwk/official_2023_end_of_year_salary_sharing_thread/kffgsr0/,t3_18tevwk,RUDE_AND_MEME,2023-12-29T16:26:11.000Z,31,"**Title:** Senior Staff ML Engineer

* **Tenure length:** 3 years
* **Location:** SF Bay Area
* **Salary:** $300k
* **Company/Industry:** Tech
* **Education:** PhD
* **Prior Experience:**  4yrs Industry, 5 yrs Postdoc
* **Relocation/Signing Bonus: -**
* **Stock and/or recurring bonuses:** $100k Annual bonus, $900k RSUs (stock had a good year and so did I)
* **Total comp:** $1.3M",,SF Bay Area,United States,San Francisco,"4yrs Industry, 5 yrs Postdoc",,,,,18tevwk,[Official] 2023 End of Year Salary Sharing thread,https://www.reddit.com/r/datascience/comments/18tevwk/official_2023_end_of_year_salary_sharing_thread/
True,Data Scientist,,1.5 years,110000.0,USD,Pharma,BS Chemical Engineering; All but dissertation/Did not complete PhD (Chemical Engineering),,,,Comp is hourly on a yearly contract; hybrid work arrangement,t1_m9ha4eg,https://www.reddit.com/r/datascience/comments/1ia175l/official_2024_end_of_year_salary_sharing_thread/m9ha4eg/,t3_1ia175l,Penguin474,2025-01-27T16:59:15.000Z,1,"Title: Data Scientist

Tenure length: 1.5 years

Location: Northeast US

$Remote: Hybrid

Salary: 110K hourly on a yearly contract

Company/Industry: Pharma

Education: BS Chemical Engineering; All but dissertation/Did not complete PhD (also ChemE)

Prior Experience: 5 years contracting research during grad school data science

Relocation/Signing Bonus: None

Stock and/or recurring bonuses: None",True,Northeast US,United States,,5 years contracting research during grad school data science,,,,,1ia175l,[Official] 2024 End of Year Salary Sharing thread,https://www.reddit.com/r/datascience/comments/1ia175l/official_2024_end_of_year_salary_sharing_thread/
True,Data Scientist,,6 months,125000.0,USD,high frequency trading,BS pure math + engineering. Pure math was a waste but made me look smart,15000.0,70k because we’re doing really well during covid,210000.0,,t1_gi5gq5o,https://www.reddit.com/r/datascience/comments/klvb55/official_2020_end_of_year_salary_sharing_thread/gi5gq5o/,t3_klvb55,1083545,2021-01-05T05:16:40.000Z,6,"Title: Data Scientist

Tenure length: 6 months

Location: Midwest

Salary: 125k

Company/Industry: high frequency trading

Education: BS pure math + engineering. Pure math was a waste but made me look smart

Prior Experience: a few data science internships + deep learning research

Relocation/Signing Bonus: 15k

Stock and/or recurring bonuses: 70k because we’re doing really well during covid

Total comp: 210k",,Midwest,United States,,a few data science internships + deep learning research,True,,,,klvb55,[Official] 2020 End of Year Salary Sharing thread,https://www.reddit.com/r/datascience/comments/klvb55/official_2020_end_of_year_salary_sharing_thread/
True,Risk Data Scientist,,4 years 7 months,125000.0,USD,Insurance,Bachelors in Mathematics / Bachelors in BME,,,125000.0,"Trying to pivot to another role; feels pay is low for NYC and experience, struggling to get traction.",t1_m9hmbnb,https://www.reddit.com/r/datascience/comments/1ia175l/official_2024_end_of_year_salary_sharing_thread/m9hmbnb/,t3_1ia175l,HellForLife,2025-01-27T17:55:48.000Z,1,"**Title**: Risk Data Scientist

**Tenure length**: 4 years 7 months

**Location**: Company based in NYC, but role is remote. I live in NYC

**Salary**: $125,000 Base

**Company/Industry**: Insurance

**Education**: Bachelors in Mathematics / Bachelors in BME

**Prior Experience**: Bootcamp

**Relocation/Signing Bonus**: N/A

**Stock and/or recurring bonuses**: N/A

**Total comp**: $125k

Been trying to pivot to another role over the past year as I feel my pay is low for NYC and for my experience, but just struggling to get any traction sadly.",True,"Company based in NYC, but role is remote. I live in NYC",United States,New York City,Bootcamp,,,,,1ia175l,[Official] 2024 End of Year Salary Sharing thread,https://www.reddit.com/r/datascience/comments/1ia175l/official_2024_end_of_year_salary_sharing_thread/
True,Data scientist,,1 year,120000.0,USD,E-commerce (pre-IPO startup),PhD engineering,0.0,$15k bonus; pre-IPO startup equity valued around $30k/yr,135000.0,Underpaid based on skills and actively looking; considering switching to MLE,t1_gicjd06,https://www.reddit.com/r/datascience/comments/klvb55/official_2020_end_of_year_salary_sharing_thread/gicjd06/,t3_klvb55,ml-throwaway-2019,2021-01-06T21:23:41.000Z,8,"* **Title:** Data scientist
* **Tenure length:** 1 year
* **Location:** HCOL East Coast (not NYC)
* **Salary:** 120k
* **Company/Industry:** E-commerce
* **Education:** PhD engineering
* **Prior Experience:** Post doc only
* **Relocation/Signing Bonus:** N/A
* **Stock and/or recurring bonuses:** 15k bonus. At a pre-IPO startup, equity is valued around $30k/yr.
* **Total comp:** $135k, don't count equity as it's paper money

I'm underpaid based on my skills and actively looking for a new role. Considering switching to MLE.",,HCOL East Coast (not NYC),United States,,Post doc only,,,,,klvb55,[Official] 2020 End of Year Salary Sharing thread,https://www.reddit.com/r/datascience/comments/klvb55/official_2020_end_of_year_salary_sharing_thread/
True,Portfolio Analytics Developer,,2.5 years (1.5 being full-time),83000.0,USD,Healthcare - Fortune 50,BS from in-state public university,,Targeted 6% of salary (recurring bonus),88000.0,,t1_m9i9mh4,https://www.reddit.com/r/datascience/comments/1ia175l/official_2024_end_of_year_salary_sharing_thread/m9i9mh4/,t3_1ia175l,CFCNandos,2025-01-27T19:43:42.000Z,1,"
**Title:** Portfolio Analytics Developer

* **Tenure length:** 2.5 years (1.5 being full-time)
* **Location:** Remote USA
* **Salary:** $83k
* **Company/Industry:** Healthcare - Fortune 50
* **Education:** BS from in-state public university
* **Prior Experience:** This is my first job 
   * **$Internship**: tech intern for one year at same company
* **Relocation/Signing Bonus:** None
* **Stock and/or recurring bonuses:** targeted 6% of salary
* **Total comp:** $88k",True,Remote USA,United States,,First job; internship: tech intern for one year at same company,True,,,,1ia175l,[Official] 2024 End of Year Salary Sharing thread,https://www.reddit.com/r/datascience/comments/1ia175l/official_2024_end_of_year_salary_sharing_thread/
True,Staff Data Scientist / Tech Lead Manager,Staff,3 months,214000.0,USD,MAANG,"BS/MS Ops Research, PhD Statistics, MBA",45000.0,"42K Bonus, $217 RSU",518000.0,,t1_kfduqhw,https://www.reddit.com/r/datascience/comments/18tevwk/official_2023_end_of_year_salary_sharing_thread/kfduqhw/,t3_18tevwk,blue-marmot,2023-12-29T07:09:54.000Z,107,"Title: Staff Data Scientist / Tech Lead Manager 

Tenure length: 3 months

Location: Seattle/Hybrid

Salary: $214K

Company/Industry: MAANG

Education: BS/MS Ops Research, PhD Statistics, MBA

Prior Experience:  Military Vet, Statistics Professor, Federal R&amp;D, 2 Start Ups (20yrs total work history)

Other Bonuses: 45K sign-on, 42K Bonus, $217 RSU

Total Comp: $518K",True,Seattle/Hybrid,United States,Seattle,"Military Vet, Statistics Professor, Federal R&D, 2 Start Ups (20yrs total work history)",,,,,18tevwk,[Official] 2023 End of Year Salary Sharing thread,https://www.reddit.com/r/datascience/comments/18tevwk/official_2023_end_of_year_salary_sharing_thread/
True,Data Scientist,,1.5 years,116000.0,CAD,Medtech,PhD,,10-20% bonus,130000.0,,t1_m9idr0l,https://www.reddit.com/r/datascience/comments/1ia175l/official_2024_end_of_year_salary_sharing_thread/m9idr0l/,t3_1ia175l,canamel,2025-01-27T20:02:56.000Z,1,"**Title:** Data Scientist

* **Tenure length:** 1.5 years
* **Location:** Toronto
   * **$Remote:** Fully
* **Salary:** $116k
* **Company/Industry:** Medtech
* **Education:** PhD
* **Stock and/or recurring bonuses:** 10-20% bonus
* **Total comp:** $130k",True,Toronto,Canada,Toronto,,,,,,1ia175l,[Official] 2024 End of Year Salary Sharing thread,https://www.reddit.com/r/datascience/comments/1ia175l/official_2024_end_of_year_salary_sharing_thread/
True,Senior Data Scientist,Senior,2.5 years,160000.0,USD,startup / internet,PhD in theoretical physics,15000.0,some options / no bonuses,160000.0,,t1_gjdz3cy,https://www.reddit.com/r/datascience/comments/klvb55/official_2020_end_of_year_salary_sharing_thread/gjdz3cy/,t3_klvb55,Future-Tie-6316,2021-01-15T21:39:55.000Z,6,"**Title:** Senior Data Scientist

**Tenure length:** 2.5 years

**Location:** San Francisco Bay Area, California

**Salary**: $160,000

**Company/Industry:** startup / internet

**Education:** PhD in theoretical physics

**Prior Experience:** 1 year postdoc in academia

**Relocation/Signing Bonus:** $15,000

**Stock and/or recurring bonuses:** some options / no bonuses

**Total comp:** $160,000",,"San Francisco Bay Area, California",United States,San Francisco,1 year postdoc in academia,,,,,klvb55,[Official] 2020 End of Year Salary Sharing thread,https://www.reddit.com/r/datascience/comments/klvb55/official_2020_end_of_year_salary_sharing_thread/
True,"Director, Data Science & AI",Director,8mo,280000.0,USD,Consulting,"Masters in DS, BS in EE",,Annual bonus: 30000,310000.0,,t1_m9jb388,https://www.reddit.com/r/datascience/comments/1ia175l/official_2024_end_of_year_salary_sharing_thread/m9jb388/,t3_1ia175l,MLmyAI,2025-01-27T22:40:04.000Z,1,"**Title:** Director, Data Science &amp; AI

* **Tenure length:** 8mo
* **Location:** Midwest
* **$Remote:** Yes
* **Salary:** 280k
* **Company/Industry:** Consulting
* **Education:** Masters in DS, BS in EE
* **Prior Experience:** 15 years in consulting, 6 YoE in ds/ML, all applied AI roles
* **Bonus:** 30k / year
* **Total comp:** 310k",True,Midwest,United States,,"15 years in consulting, 6 YoE in ds/ML, all applied AI roles",,,,,1ia175l,[Official] 2024 End of Year Salary Sharing thread,https://www.reddit.com/r/datascience/comments/1ia175l/official_2024_end_of_year_salary_sharing_thread/
True,Data Scientist,,Pre-start,125000.0,,Very early-stage startup,PhD,0.0,Equity percentage of the company,125000.0,,t1_ghjpgj9,https://www.reddit.com/r/datascience/comments/klvb55/official_2020_end_of_year_salary_sharing_thread/ghjpgj9/,t3_klvb55,DSThrowawayF2020,2020-12-30T22:57:16.000Z,5,"* **Title:** Data Scientist
* **Tenure length:** Pre-start
* **Location:** Remote
* **Salary:** $125,000
* **Company/Industry:** Very early-stage startup
* **Education:** PhD
* **Prior Experience:** 1 year in an adjacent field.
   * **$Internship** 1 internship in an adjacent field.
   * **$Coop** N/A
* **Relocation/Signing Bonus:** None
* **Stock and/or recurring bonuses:** Equity percentage of the company
* **Total comp:** $125,000",True,Remote,,,1 year in an adjacent field.,True,False,,,klvb55,[Official] 2020 End of Year Salary Sharing thread,https://www.reddit.com/r/datascience/comments/klvb55/official_2020_end_of_year_salary_sharing_thread/
True,"Sr. Manager, Data Analytics",Senior Manager,3 years,115000.0,USD,Financial Services,MSc Data Analytics,,30k annual bonus; 10k stock,155000.0,,t1_m9kuus2,https://www.reddit.com/r/datascience/comments/1ia175l/official_2024_end_of_year_salary_sharing_thread/m9kuus2/,t3_1ia175l,hardlyhippo,2025-01-28T03:40:41.000Z,1,"Title: Sr. Manager, Data Analytics

Tenure: 3 years

Location: DFW/Hybrid

Salary: 115k

Industry: Financial Services

Education: MSc Data Analytics

Prior Experience: New to role. Same industry but sales focused role.

Bonus/stock: 30k annual/10k stock

Total comp: 155k",True,DFW/Hybrid,United States,Dallas,New to role. Same industry but sales focused role.,,,,,1ia175l,[Official] 2024 End of Year Salary Sharing thread,https://www.reddit.com/r/datascience/comments/1ia175l/official_2024_end_of_year_salary_sharing_thread/
True,Senior Data Analyst,Senior,3 years,130000.0,USD,Cloud SaaS,BS Economics,,15% annual bonus; ~$30k annually in RSUs,,Total compensation stated as approx range ~$175-180k; no relocation or signing bonus,t1_ghub8fu,https://www.reddit.com/r/datascience/comments/klvb55/official_2020_end_of_year_salary_sharing_thread/ghub8fu/,t3_klvb55,dataguy24,2021-01-02T17:12:07.000Z,5,"-	**Title:** Senior Data Analyst 
-	**Tenure Length:** 3 years
-	**Location:** Seattle metro area
-	**Salary:** $130k
-	**Company/Industry:** Cloud SaaS
-	**Education:** BS Economics 
-	**Prior Experience:** 3 years of analytics experience, 3 years of customer success/sales
-	**Relocation/Signing Bonus:** None
-	**Stock and/or Recurring Bonuses**: 15% annual bonus. ~$30k annually in RSUs. 
-	**Total Comp:** ~$175-180k",,Seattle metro area,United States,Seattle,"3 years of analytics experience, 3 years of customer success/sales",,,,,klvb55,[Official] 2020 End of Year Salary Sharing thread,https://www.reddit.com/r/datascience/comments/klvb55/official_2020_end_of_year_salary_sharing_thread/
True,Data Scientist,,2 years,45000.0,EUR,Insurance,MS Data Science,2000.0,€5k,50000.0,Partially remote (hybrid),t1_m9t7gt0,https://www.reddit.com/r/datascience/comments/1ia175l/official_2024_end_of_year_salary_sharing_thread/m9t7gt0/,t3_1ia175l,justadesciplinedguy,2025-01-29T12:25:27.000Z,1,"
**Title:** Data Scientist
* **Tenure length:** 2 years
* **Location:** Amsterdam, Netherlands
   * **$Remote:** Partially
* **Salary:** €45k
* **Company/Industry:** Insurance
* **Education:** MS Data Science
* **Prior Experience:** 
   * **$Internship**: 1 year Data science internship 
   * **$Coop**: 3 years Data science consulting
* **Relocation/Signing Bonus:** €2k
* **Stock and/or recurring bonuses:** €5k
* **Total comp:** €50k",True,"Amsterdam, Netherlands",Netherlands,Amsterdam,1 year Data science internship; 3 years Data science consulting,True,True,,,1ia175l,[Official] 2024 End of Year Salary Sharing thread,https://www.reddit.com/r/datascience/comments/1ia175l/official_2024_end_of_year_salary_sharing_thread/
True,Senior Data Scientist,Senior,2.5 years,96000.0,USD,"Large, non-tech & non-finance company","MS Computer Science, BS Computer Science",0.0,,96000.0,"Started at 70,000 base in this role",t1_gikx4pr,https://www.reddit.com/r/datascience/comments/klvb55/official_2020_end_of_year_salary_sharing_thread/gikx4pr/,t3_klvb55,DS_throwaway12,2021-01-08T20:39:13.000Z,6," * Title: Senior Data Scientist
 * Tenure length: 2.5 years
 * Location: Chicago
 * Salary: 96,000 (started at 70)
 * Company/Industry: Large, non-tech &amp; non-finance company
 * Education: MS Computer Science, BS Computer Science
 * Prior Experience: internship in software engineering, various positions at my university, relevant class projects that I could talk about in interviews
 * Relocation/Signing Bonus: none
 * Stock and/or recurring bonuses: none
 * Total comp: 96,000",,Chicago,United States,Chicago,Internship in software engineering; various positions at my university; relevant class projects discussed in interviews,True,,,,klvb55,[Official] 2020 End of Year Salary Sharing thread,https://www.reddit.com/r/datascience/comments/klvb55/official_2020_end_of_year_salary_sharing_thread/
True,Data Scientist,,3 years,108500.0,USD,Fintech,Masters in Analytics,0.0,"$3,000",111500.0,"Mainly in technical program manager roles running ETL teams or making Tableau dashboards. Company has very little data science leadership, looking for an exit. Shocked to hear the FAANG guys are making $500k; expected around 185-240k with stock based on friends' offers.",t1_girxy8k,https://www.reddit.com/r/datascience/comments/klvb55/official_2020_end_of_year_salary_sharing_thread/girxy8k/,t3_klvb55,[deleted],2021-01-10T16:49:23.000Z,6,"Title: Data Scientist

Tenure length: 3 years

Location: Southeast US

Salary: $108,500

Company/Industry: Fintech

Education: Masters in Analytics

Prior Experience: Neuro research, Salesforce db admin

Relocation/Signing Bonus: 0

Stock and/or recurring bonuses: $3,000

Total comp: $111,500

Mainly in technical program manager roles running ETL teams or making Tableau dashboards. Company has very little data science leadership, looking for an exit. 


Shocked to hear the FAANG guys are making $500k.  I thought it was more around 185-240k with stock based on job offers my friends have gotten.",,Southeast US,United States,,"Neuro research, Salesforce db admin",,,,,klvb55,[Official] 2020 End of Year Salary Sharing thread,https://www.reddit.com/r/datascience/comments/klvb55/official_2020_end_of_year_salary_sharing_thread/
True,Data Scientist,,9 months,125000.0,USD,Startup,BA in hard science,,6k-10k/year,,Total compensation reported as a range: 131k-135k (USD).,t1_gjam74z,https://www.reddit.com/r/datascience/comments/klvb55/official_2020_end_of_year_salary_sharing_thread/gjam74z/,t3_klvb55,datasci_throwaway11,2021-01-15T01:11:54.000Z,6,"* **Title:** Data Scientist
* **Tenure length:** 9 months
* **Location:** Seattle
* **Salary:** 125k
* **Company/Industry:** Startup
* **Education:** BA in hard science
* **Prior Experience:** 3 years as a DS prior to this role
* **Relocation/Signing Bonus:** n/a
* **Stock and/or recurring bonuses:** 6k-10k/year
* **Total comp:** 131k-135k",,Seattle,United States,Seattle,3 years as a DS prior to this role,,,,,klvb55,[Official] 2020 End of Year Salary Sharing thread,https://www.reddit.com/r/datascience/comments/klvb55/official_2020_end_of_year_salary_sharing_thread/
True,Data Scientist,,1 year,104000.0,USD,Department of Defense (US federal government),Masters in Data Science and Analytics,,5% 401k equivalent match,,"Developmental program with guaranteed pay increases. Bonus: approximately 1000 USD travel expenses compensated (one-time). Benefits: 26 days off a year for holidays, 13 personal days, 13 sick days, short workdays. Recent career change; first job in the field after graduating.",t1_m9wkc60,https://www.reddit.com/r/datascience/comments/1ia175l/official_2024_end_of_year_salary_sharing_thread/m9wkc60/,t3_1ia175l,okee_dokee,2025-01-29T22:16:09.000Z,1,"**Title**: Data Scientist

**Company**: Department of Defense

**Location**: DC Metro Area

**Education**: Masters in Data Science and Analytics

**Salary**: $104k (Developmental program with guaranteed pay increases)

**Bonus**: ~$1k travel expenses compensated.

**Stock**: 5% 401k equivalent match

**Tenure**: 1 year (1 YOE Total)

**Prior Experience**: None

**Benefits**: 

 * 26 days off a year for holidays
 * 13 personal days
 * 13 sick days
 * Short workdays

Recent career change, first job in the field after graduating.",,DC Metro Area,United States,Washington DC,None,,,,,1ia175l,[Official] 2024 End of Year Salary Sharing thread,https://www.reddit.com/r/datascience/comments/1ia175l/official_2024_end_of_year_salary_sharing_thread/
True,Senior Data Scientist,Senior,4.5 years,178000.0,USD,Tech,PhD in Engineering,0.0,~190k/year in RSU at current stock price ($50) and 33k target bonus,400000.0,,t1_gkzjrkt,https://www.reddit.com/r/datascience/comments/klvb55/official_2020_end_of_year_salary_sharing_thread/gkzjrkt/,t3_klvb55,dauntless47,2021-01-27T19:09:57.000Z,5,"Better late than never.

**Title:** Senior Data Scientist

**Tenure Length:**  4.5 years

**Location:** San Francisco Bay Area

**Salary:** 178k

**Company/Industry:** Tech

**Education:** PhD in Engineering

**Prior Experience:** None, first job

**Relocation/Signing Bonus:** None

**Stock and/or recurring bonuses:** ~190k/year in RSU at current stock price ($50) and 33k target bonus

**Total Comp:** ~400k",,San Francisco Bay Area,United States,San Francisco,"None, first job",,,,,klvb55,[Official] 2020 End of Year Salary Sharing thread,https://www.reddit.com/r/datascience/comments/klvb55/official_2020_end_of_year_salary_sharing_thread/
True,Data Scientist,,0 years (just starting; interned last summer),130000.0,USD,Bank Holding/Financial Services,MS DS,30000.0,Performance bonus: 12.5% of base,181750.0,Relocation bonus: 5500. Total compensation also reported as 155000 averaged over 4 years.,t1_mb2a95b,https://www.reddit.com/r/datascience/comments/1ia175l/official_2024_end_of_year_salary_sharing_thread/mb2a95b/,t3_1ia175l,Obvious_Magazine620,2025-02-05T05:58:52.000Z,1,"**Title**: Data Scientist

**Location**: NYC (Hybrid)

**Company/Industry**: Bank Holding/Financial Services

**Tenure**: 0 years (just starting but interned last summer), Total 5 YOE outside of the US (before MS)

**Education**: MS DS

**Base Salary**: $130K

**Sign-on Bonus**: $30K

**Relocation Bonus**: $5.5K

**Performance Bonus**: 12.5% of Base

**Total Compensation**: $181750 (1st year)

**Total Compensation**: $155K (averaged over 4 years)",True,NYC (Hybrid),United States,New York City,5 YOE outside of the US (before MS),True,,,,1ia175l,[Official] 2024 End of Year Salary Sharing thread,https://www.reddit.com/r/datascience/comments/1ia175l/official_2024_end_of_year_salary_sharing_thread/
True,,,,,USD,,,,,,Glassdoor-reported averages mentioned: Data Analyst in the US ~63000 USD salary; Data Scientist in the US ~113000 USD salary. General market info; not an individual's compensation. Comment also notes that a BS in CS and working in software engineering may pay similar or more and may not require a master's.,t1_ghujra0,https://www.reddit.com/r/datascience/comments/klvb55/official_2020_end_of_year_salary_sharing_thread/ghujra0/,t3_klvb55,[deleted],2021-01-02T18:24:04.000Z,25,"If your motivation is a high salary, then no, data science is not the best ROI. Getting a bachelors in CS and working in software engineering or development probably pays the same or more and doesn’t require investing time or money in a masters.

However according to Glassdoor the average data analyst salary in the US is $63k compared to $113k for a data scientist, so the degree should pay off quickly.",,US,United States,,,,,,,klvb55,[Official] 2020 End of Year Salary Sharing thread,https://www.reddit.com/r/datascience/comments/klvb55/official_2020_end_of_year_salary_sharing_thread/
True,Data Scientist,,8 years,78000.0,EUR,Health Insurance,Applied Statistics (M.Sc.),,,,"Comment notes Germany lagging in data science tech/expertise/salaries; companies confuse Data Science with BI/Controlling, making negotiation difficult; salary differences between roles are small and international gap is noticeable.",t1_mjhhgz9,https://www.reddit.com/r/datascience/comments/1ia175l/official_2024_end_of_year_salary_sharing_thread/mjhhgz9/,t3_1ia175l,Dark_Gaia_87,2025-03-24T14:44:37.000Z,1,"Title: Data Scientist

•	⁠Tenure length: 8 years
•	⁠Location: Germany
•	⁠Salary: 78k 
•	⁠Company/Industry: Health Insurance
•	⁠Education: Applied Statistics (M.Sc.)

In the field of Data Science, Germany is lagging behind in terms of technology, expertise, and salaries in most industries. Many companies struggle to distinguish between Data Science, Business Intelligence, and basic Controlling, which makes it difficult to negotiate higher salaries.

Even within organizations, the salary differences between these roles are often negligible. And when comparing internationally, the gap becomes even more apparent.

Has anyone else experienced this?",,Germany,Germany,,,,,,,1ia175l,[Official] 2024 End of Year Salary Sharing thread,https://www.reddit.com/r/datascience/comments/1ia175l/official_2024_end_of_year_salary_sharing_thread/
True,Economist,,3.5 years,165000.0,USD,Large Tech,PhD Economics,,,320000.0,,t1_kfedz09,https://www.reddit.com/r/datascience/comments/18tevwk/official_2023_end_of_year_salary_sharing_thread/kfedz09/,t3_18tevwk,dhabidrs90,2023-12-29T11:08:21.000Z,28,"Title: Economist

Tenure Length: 3.5 years

Company/industry: Large Tech

Location: Seattle

Salary:165k

Education: PhD Economics

Total Comp: $320k",,Seattle,United States,Seattle,,,,,,18tevwk,[Official] 2023 End of Year Salary Sharing thread,https://www.reddit.com/r/datascience/comments/18tevwk/official_2023_end_of_year_salary_sharing_thread/
True,,,,,,,"MSDS master’s, graduated in 2019",,,,"States there was not an immediate salary increase, but the MSDS degree ultimately doubled their salary.",t1_gkhnr8n,https://www.reddit.com/r/datascience/comments/klvb55/official_2020_end_of_year_salary_sharing_thread/gkhnr8n/,t3_klvb55,Vervain7,2021-01-24T03:41:43.000Z,4,It was worth it to me. Not immediate salary increase but i graduated in 2019 with my MSDS masters abs doubles my salary .,,,,,,,,,,klvb55,[Official] 2020 End of Year Salary Sharing thread,https://www.reddit.com/r/datascience/comments/klvb55/official_2020_end_of_year_salary_sharing_thread/
True,Senior Data Scientist,Senior,1 Year,123500.0,USD,Bulge Bracket Banks,Master's in Statistics and Applied Math,0.0,"$8,000",131500.0,,t1_ghmo0gs,https://www.reddit.com/r/datascience/comments/klvb55/official_2020_end_of_year_salary_sharing_thread/ghmo0gs/,t3_klvb55,datagaucho,2020-12-31T18:39:47.000Z,6,"* **Title:** Senior Data Scientist
* **Tenure length:** 1 Year
* **Location:** NYC
* **Salary:** $123,500
* **Company/Industry:** Bulge Bracket Banks
* **Education:** Master's in Statistics and Applied Math
* **Prior Experience:** Previously worked in the advertising industry for 2 years
* **Relocation/Signing Bonus:** 0
* **Stock and/or recurring bonuses:** $8,000
* **Total comp:** $131,500",,NYC,United States,New York City,Previously worked in the advertising industry for 2 years,,,,,klvb55,[Official] 2020 End of Year Salary Sharing thread,https://www.reddit.com/r/datascience/comments/klvb55/official_2020_end_of_year_salary_sharing_thread/
True,Data Scientist,,3.5 years,87000.0,USD,higher education,Masters,,"~$8,000",95000.0,,t1_ghqo3cv,https://www.reddit.com/r/datascience/comments/klvb55/official_2020_end_of_year_salary_sharing_thread/ghqo3cv/,t3_klvb55,bigno53,2021-01-01T18:12:54.000Z,6,"Title: Data Scientist

Tenure length: 3.5 years

Location: Baltimore area

Salary: $87,000

Company/Industry: higher education

Education: Masters

Prior Experience: 1 year as data analyst at a marketing firm

Relocation/Signing Bonus:

Stock and/or recurring bonuses: ~$8,000

Total comp: ~95,000",,Baltimore area,United States,Baltimore,1 year as data analyst at a marketing firm,,,,,klvb55,[Official] 2020 End of Year Salary Sharing thread,https://www.reddit.com/r/datascience/comments/klvb55/official_2020_end_of_year_salary_sharing_thread/
True,Data Scientist,,2 Years,87000.0,USD,Home/Auto Insurance,"BS Math, MS Statistics",,~10% Bonus,95000.0,,t1_kfeicm5,https://www.reddit.com/r/datascience/comments/18tevwk/official_2023_end_of_year_salary_sharing_thread/kfeicm5/,t3_18tevwk,Zercx,2023-12-29T11:59:39.000Z,25,"Title: Data Scientist   
  
Tenure length: 2 Years  
  
Location: Chicago, IL (Remote)   
  
Salary: $87,000  
  
Company/Industry: Home/Auto Insurance   
  
Education: BS Math, MS Statistics   
  
Prior Experience: Data Analyst, 2 Years (same company)  
  
Relocation/Signing Bonus: n/a  
  
Stock and/or recurring bonuses: \~10% Bonus   
  
Total comp: $95,000",True,"Chicago, IL (Remote)",United States,Chicago,"Data Analyst, 2 Years (same company)",,,,,18tevwk,[Official] 2023 End of Year Salary Sharing thread,https://www.reddit.com/r/datascience/comments/18tevwk/official_2023_end_of_year_salary_sharing_thread/
True,Data scientist,,1.5 years,65500.0,EUR,Tech,"MSc in data science, PhD in computer science",,up to 10% bonus,72050.0,,t1_kfdq17n,https://www.reddit.com/r/datascience/comments/18tevwk/official_2023_end_of_year_salary_sharing_thread/kfdq17n/,t3_18tevwk,goatsnboots,2023-12-29T06:19:32.000Z,46,"Title: Data scientist


Tenure length: 1.5 years


Location: Ireland 


Salary: €65,500


Company/Industry: Tech


Education: MSc in data science, PhD in computer science


Prior Experience: n/a


Relocation/Signing Bonus: n/a


Stock and/or recurring bonuses: up to 10% bonus


Total comp: €72,050",,Ireland,Ireland,,,,,,,18tevwk,[Official] 2023 End of Year Salary Sharing thread,https://www.reddit.com/r/datascience/comments/18tevwk/official_2023_end_of_year_salary_sharing_thread/
True,Analytics Project Manager,,1 year,70000.0,USD,Electronic Components Distribution,Bachelors in Industrial Engineering,,,,,t1_gibhlw7,https://www.reddit.com/r/datascience/comments/klvb55/official_2020_end_of_year_salary_sharing_thread/gibhlw7/,t3_klvb55,Tecpreneur0031,2021-01-06T16:48:46.000Z,6,"Title: Analytics Project Manager

Tenure Length: 1 year 

Location: Dallas

Salary: 70K

Company/Industry: Electronic Components Distribution

Education: Bachelors in Industrial Engineering

Prior Experience: Supply chain internships and Industrial engineering internships while in college.",,Dallas,United States,Dallas,Supply chain internships and Industrial engineering internships while in college.,True,,,,klvb55,[Official] 2020 End of Year Salary Sharing thread,https://www.reddit.com/r/datascience/comments/klvb55/official_2020_end_of_year_salary_sharing_thread/
True,Data Analyst,,starting in March,65000.0,USD,,"BA Comp Sci, phy minor",,~15%,,Total comp stated as range: 65000 - 76000,t1_kfeks4h,https://www.reddit.com/r/datascience/comments/18tevwk/official_2023_end_of_year_salary_sharing_thread/kfeks4h/,t3_18tevwk,thisismyaccount2412,2023-12-29T12:25:59.000Z,21,"
**Title:** Data Analyst 

* **Tenure length:** starting in March
* **Location:** Washington DC hybrid 
* **Salary:** 65k
* **Education:** BA Comp Sci, phy minor 
* **Prior Experience:** TA, Research Assistant 
* **Stock and/or recurring bonuses:** ~15%
* **Total comp:** 65k - 76k",True,Washington DC hybrid,United States,Washington DC,"TA, Research Assistant",,,,,18tevwk,[Official] 2023 End of Year Salary Sharing thread,https://www.reddit.com/r/datascience/comments/18tevwk/official_2023_end_of_year_salary_sharing_thread/
True,"Lead Analyst, Analytics (Individual Contributor)",Lead,1 yr,119000.0,USD,,"MBA, MS Analytics",,~$21K/yr,140000.0,"Relocation bonus $10,000 and signing bonus $26,000.",t1_gicg8dr,https://www.reddit.com/r/datascience/comments/klvb55/official_2020_end_of_year_salary_sharing_thread/gicg8dr/,t3_klvb55,FrontAppearance2530,2021-01-06T21:01:55.000Z,4,"* **Title:** Lead Analyst, Analytics (Individual Contributor)
* **Tenure length:** 1 yr
* **Location:** West Coast
* **Salary:** $119,000
* **Education:** MBA, MS Analytics
* **Prior Experience:** 3 yrs post-MBA as a Sr Analyst, 7 yrs pre-MBA non-tech engineering roles
* **Relocation/Signing Bonus:** $10k/$26k
* **Stock and/or recurring bonuses:** \~$21K/yr
* **Total comp:** \~140k",,West Coast,United States,,"3 yrs post-MBA as a Sr Analyst, 7 yrs pre-MBA non-tech engineering roles",,,,,klvb55,[Official] 2020 End of Year Salary Sharing thread,https://www.reddit.com/r/datascience/comments/klvb55/official_2020_end_of_year_salary_sharing_thread/
True,Decision Scientist,,1 years,105000.0,USD,SaaS,PhD,,,105000.0,,t1_givu6kz,https://www.reddit.com/r/datascience/comments/klvb55/official_2020_end_of_year_salary_sharing_thread/givu6kz/,t3_klvb55,recovering_physicist,2021-01-11T14:31:46.000Z,5,"**Title:** Decision Scientist

**Tenure length:** 1 years

**Location:** Between the coasts

**Salary**: 105,000

**Company/Industry:** SaaS

**Education:** PhD

**Prior Experience:** \~5 years in academia post-PhD

**Relocation/Signing Bonus:** N/A

**Stock and/or recurring bonuses:** N/A

**Total comp:** 105,000",,Between the coasts,United States,,~5 years in academia post-PhD,,,,,klvb55,[Official] 2020 End of Year Salary Sharing thread,https://www.reddit.com/r/datascience/comments/klvb55/official_2020_end_of_year_salary_sharing_thread/
True,Data Science Manager,Manager,10+ years,170000.0,USD,Consulting,"Masters to get the job, currently working on a Ph.D.",60000.0,"Performance-based variable bonus: recently ~30%, previously up to ~60%.",,Total compensation usually ranges between 200000 and 250000. Completed a research fellowship prior to moving to industry (not an internship).,t1_gjal15d,https://www.reddit.com/r/datascience/comments/klvb55/official_2020_end_of_year_salary_sharing_thread/gjal15d/,t3_klvb55,kiwipineapplebug2,2021-01-15T01:01:39.000Z,5,"* **Title: Data Science Manager**
* **Tenure length:** 10+ years
* **Location:** East Coast
* **Salary:** 170k
* **Company/Industry:** Consulting
* **Education:** Masters to get the job, currently working on a Ph.D.
* **Prior Experience:** Research full time for 1 year, part time/ volunteer while working for another 8, started doing professional consulting gig after.
* **$Internship** I did a research fellowship prior to moving to industry, but no internship
* **$Coop Nope**
* **Relocation/Signing Bonus:** $60,000
* **Stock and/or recurring bonuses:** Dependent on company performance - recently was 30%, previously as high as 60%
* **Total comp:** Usually 200k - 250k",,East Coast,United States,,Research full time for 1 year; part-time/volunteer research while working for another 8 years; started professional consulting afterward.,False,False,,,klvb55,[Official] 2020 End of Year Salary Sharing thread,https://www.reddit.com/r/datascience/comments/klvb55/official_2020_end_of_year_salary_sharing_thread/
True,VP of Data Science,VP,7.5 years,250000.0,USD,Mid-size marketing firm,PhD in STEM + DS bootcamp,0.0,10% bonus target,,Total comp range reported as $250k - $275k.,t1_kfez430,https://www.reddit.com/r/datascience/comments/18tevwk/official_2023_end_of_year_salary_sharing_thread/kfez430/,t3_18tevwk,aspera1631,2023-12-29T14:29:42.000Z,15,"Title: VP of Data Science

* Tenure length: 7.5 years
* Location: Boston (hybrid)
* Salary: $250k
* Company/Industry: Mid-size marketing firm
* Education: PhD in STEM + DS bootcamp
* Prior Experience: Postdoc position
* Reloaction / Signing: none
* Stock / Bonus: 10% bonus target
* Total comp: $250k - $275k",True,Boston (hybrid),United States,Boston,Postdoc position,,,,,18tevwk,[Official] 2023 End of Year Salary Sharing thread,https://www.reddit.com/r/datascience/comments/18tevwk/official_2023_end_of_year_salary_sharing_thread/
True,NLP Engineer,,<6mo,110000.0,USD,Health (government contracting),BA in Statistics,0.0,None,110000.0,Basically still a recent grad.,t1_gl061h3,https://www.reddit.com/r/datascience/comments/klvb55/official_2020_end_of_year_salary_sharing_thread/gl061h3/,t3_klvb55,whydoihavethis2,2021-01-27T21:43:08.000Z,5,"Might as well contribute some data :)

* **Title:** NLP Engineer
* **Tenure length:** &lt;6mo
* **Location:** DMV
* **Salary:** 110k
* **Company/Industry:** Health (government contracting)
* **Education:** BA in Statistics
* **Prior Experience:** Research + an internship during undergrad. I am basically still a recent grad. 
* **Relocation/Signing Bonus:** NA
* **Stock and/or recurring bonuses:** Nope lol
* **Total comp:** 110k",,DMV,United States,Washington DC,Research + an internship during undergrad.,True,,,,klvb55,[Official] 2020 End of Year Salary Sharing thread,https://www.reddit.com/r/datascience/comments/klvb55/official_2020_end_of_year_salary_sharing_thread/
True,VP of Data Science,VP,,,,,,,,,Mentions a salary range of 250000-275000 for a VP of Data Science; currency and whether this is base or total compensation are unspecified.,t1_kk5ef7u,https://www.reddit.com/r/datascience/comments/18tevwk/official_2023_end_of_year_salary_sharing_thread/kk5ef7u/,t3_18tevwk,Scientist_777,2024-01-29T19:41:50.000Z,2,I'm surprised that the VP of Data Science is earning only $250K to $275K; I thought the salary would be higher.,,,,,,,,,,18tevwk,[Official] 2023 End of Year Salary Sharing thread,https://www.reddit.com/r/datascience/comments/18tevwk/official_2023_end_of_year_salary_sharing_thread/
True,Data Scientist,,2 years,19000.0,INR,US-based financial services company,Bachelors in CS,,No stock; bonus 500,19500.0,Non-US data point; all figures are pre-tax; mentions cost cutting at company,t1_kfhxgb7,https://www.reddit.com/r/datascience/comments/18tevwk/official_2023_end_of_year_salary_sharing_thread/kfhxgb7/,t3_18tevwk,Dump7,2023-12-30T01:48:07.000Z,12,"Gonna add some ""non - US"" data:

Tenure length: 2 years

Location: India

Salary: $19,000

Industry: a US based financial services company.

Education: bachelors in CS

Prior exp: 4 months research exp at a top lab, 6 months internship at a top consulting company, 4 months full time at the same consulting company. Then 2 years as a data scientist in my current company. 

Bonus: $500

Stock: nope

Total comp: $19,500


Now I see what my colleagues mean by cost cutting. All of this is pre taxes btw.",,India,India,,4 months research experience at a top lab; 6 months internship at a top consulting company; 4 months full-time at the same consulting company; then 2 years as a data scientist at current company,True,,,,18tevwk,[Official] 2023 End of Year Salary Sharing thread,https://www.reddit.com/r/datascience/comments/18tevwk/official_2023_end_of_year_salary_sharing_thread/
True,Senior Healthcare Analyst,Senior,just started,110000.0,USD,Healthcare segment of Fortune 100 (F100),MPH and MS (Data Science),3000.0,Variable bonus 10%,120000.0,Company has many office locations.,t1_gkhn8jj,https://www.reddit.com/r/datascience/comments/klvb55/official_2020_end_of_year_salary_sharing_thread/gkhn8jj/,t3_klvb55,Vervain7,2021-01-24T03:36:50.000Z,4,"title : senior healthcare analyst

Tenure : just started 

Location: LCL northeast (company has many office locations )

Salary: 110,000

Company/Industry : healthcare segment of F100

Education : MPH and MS (data science) 

Prior exp: 

4.2 years hospital analytics . 
(Analyst and senior analyst )

2.5 years hospital research 

SignOn: 3,000


bonus : variable 10% 

Total : 120,000",,LCL northeast (company has many office locations ),United States,,4.2 years hospital analytics (Analyst and Senior Analyst); 2.5 years hospital research,,,,,klvb55,[Official] 2020 End of Year Salary Sharing thread,https://www.reddit.com/r/datascience/comments/klvb55/official_2020_end_of_year_salary_sharing_thread/
True,Data Scientist / Developer,Junior,1y,37000.0,EUR,Forecasting for external clients,MSc Data Science with some MSc AI courses sprinkled in. BA.,0.0,None,37000.0,Title listed as '(Junior) Data Scientist / Developer'.,t1_glgt4nd,https://www.reddit.com/r/datascience/comments/klvb55/official_2020_end_of_year_salary_sharing_thread/glgt4nd/,t3_klvb55,[deleted],2021-01-31T09:46:46.000Z,4,"* Title: (Junior) Data Scientist / Developer
* Tenure length: 1y
* Location: Austria
* Salary: 37k
* Company/Industry: Forecasting for external clients
* Education: MSc Data Science with some MSc AI courses sprinkled in. BA.
* Prior Experience:
   * Approx 1 year applied research, 5 years in other industries.
* Relocation/Signing Bonus: None
* Stock and/or recurring bonuses: None
* Total comp: 37k",,Austria,Austria,,"Approx 1 year applied research, 5 years in other industries.",,,,,klvb55,[Official] 2020 End of Year Salary Sharing thread,https://www.reddit.com/r/datascience/comments/klvb55/official_2020_end_of_year_salary_sharing_thread/
True,Data Scientist (Dept leader & only data scientist for SEA),,< 1 year,36000.0,USD,Credit risk,Quantitative psychology from top 11 uni of QS rank,,,42000.0,Only data scientist for SEA; department leader. Mentions SEA hub for data science and that it is depressing.,t1_gmlkg5f,https://www.reddit.com/r/datascience/comments/klvb55/official_2020_end_of_year_salary_sharing_thread/gmlkg5f/,t3_klvb55,Mid-daycoffee,2021-02-08T17:04:25.000Z,4,"Its depressing here at the SEA hub for data science. 

Title: Data Scientist (Dept leader &amp; only data scientist for SEA)

Tenure length: &lt; 1 year

Location: Singapore

Salary: usd 36k

Company/Industry: Credit risk

Education: Quantitative psychology from top 11 uni of QS rank

Prior Experience: Hr data analyst

Relocation/Signing Bonus: N/A

Stock and/or recurring bonuses: N/A

Total comp: est usd 42k",,Singapore,Singapore,Singapore,Hr data analyst,,,,,klvb55,[Official] 2020 End of Year Salary Sharing thread,https://www.reddit.com/r/datascience/comments/klvb55/official_2020_end_of_year_salary_sharing_thread/
True,Business Analyst/Power BI Developer,,7 years,90000.0,USD,Financial Consulting,High School (Self Learned),0.0,No,90000.0,,t1_gorgs29,https://www.reddit.com/r/datascience/comments/klvb55/official_2020_end_of_year_salary_sharing_thread/gorgs29/,t3_klvb55,The_DataScientist,2021-02-25T22:33:09.000Z,4," **Title:**  Business Analyst/Power BI Developer 

**Tenure length:** 7 years

**Location:** Houston

**Salary**: $90,000

**Company/Industry:** Financial Consulting

**Education:** High School (Self Learned)

**Prior Experience:** AML Compliance Analyst

**Relocation/Signing Bonus:** No

**Stock and/or recurring bonuses:** No

**Total comp:** $90,000",,Houston,United States,Houston,AML Compliance Analyst,,,,,klvb55,[Official] 2020 End of Year Salary Sharing thread,https://www.reddit.com/r/datascience/comments/klvb55/official_2020_end_of_year_salary_sharing_thread/
True,Senior Consultant Data Scientist,Senior,4.5y (1.5y in role),63300.0,GBP,"Consulting, Large global consultancy","MSc Data Analytics, BSc Mathematics",0.0,Ability to contribute 10% to discounted ESPP (15% discount),67000.0,Remote eligible but currently works hybrid 2-3 days/week; no relocation/signing bonus.,t1_kgfllzd,https://www.reddit.com/r/datascience/comments/18tevwk/official_2023_end_of_year_salary_sharing_thread/kgfllzd/,t3_18tevwk,Sufficient_Host_6992,2024-01-05T14:04:57.000Z,14,"
If people could upvote me so I can post that'd be really appreciated.

**Title:** Senior Consultant Data Scientist 

* **Tenure length:** 4.5y (1.5y in role)
* **Location:** London, UK
   * **$Remote:** Yes, but I work hybrid anyways (2-3d/wk)
* **Salary:** £63,300
* **Company/Industry:** Consulting, Large global consultancy
* **Education:** MSc Data Analytics, BSc Mathematics 
* **Prior Experience:** 1.5y at a small consultancy (6 total)
   * **$Internship** 2x3 month summer placements
   * **$Coop**?
* **Relocation/Signing Bonus:** No lmao
* **Stock and/or recurring bonuses:** Ability to put 10% into discounted ESPP (15% discount)
* **Total comp:** £67k this year",True,"London, UK",United Kingdom,London,1.5y at a small consultancy (6 total),True,,,,18tevwk,[Official] 2023 End of Year Salary Sharing thread,https://www.reddit.com/r/datascience/comments/18tevwk/official_2023_end_of_year_salary_sharing_thread/
True,Data Scientist,,6 months,110000.0,USD,Healthcare sales,"MS, MBA",,$10k,120000.0,,t1_gi369np,https://www.reddit.com/r/datascience/comments/klvb55/official_2020_end_of_year_salary_sharing_thread/gi369np/,t3_klvb55,SpicyElephant,2021-01-04T17:45:43.000Z,3," • Title: Data Scientist
 • Tenure length: 6 months
 • Location: Large Midwest city
 • Salary: $110,000
 • Company/Industry: Healthcare sales
 • Education: MS, MBA
 • Prior Experience: 2 years data analyst, 2 years data scientist 
 ◦ $Internship: none
 ◦ $Coop: none
 • Relocation/Signing Bonus: N/A
 • Stock and/or recurring bonuses: $10k
 • Total comp: $120,000",,Large Midwest city,United States,,"2 years data analyst, 2 years data scientist",False,False,,,klvb55,[Official] 2020 End of Year Salary Sharing thread,https://www.reddit.com/r/datascience/comments/klvb55/official_2020_end_of_year_salary_sharing_thread/
True,BI Analyst,,Accepted Offer,100000.0,USD,Small tech company,BS (state school),5000.0,10% bonus,110000.0,,t1_kfdru8a,https://www.reddit.com/r/datascience/comments/18tevwk/official_2023_end_of_year_salary_sharing_thread/kfdru8a/,t3_18tevwk,Profoundly-Basic,2023-12-29T06:38:27.000Z,26,"**Title**: BI Analyst

* **Tenure length**: Accepted Offer  

* **Location**: Rockies (remote), US  

* **Salary**: $100k  

* **Company/Industry**: Small tech company  

* **Education**: BS (state school)  

* **Prior** **Experience**: 2 years data (1 as an intern)  

* **Relocation/Signing** **Bonus**: $5k sign-on  

* **Stock and/or recurring bonuses**: 10% bonus  

* **Total comp**: $110k",True,"Rockies (remote), US",United States,,2 years data (1 as an intern),True,,,,18tevwk,[Official] 2023 End of Year Salary Sharing thread,https://www.reddit.com/r/datascience/comments/18tevwk/official_2023_end_of_year_salary_sharing_thread/
True,Data Analyst,,,,USD,,BS,,,,Commenter says their total compensation is $2k higher than OP’s. Mentions higher cost of living in Southern California.,t1_kfg5rcu,https://www.reddit.com/r/datascience/comments/18tevwk/official_2023_end_of_year_salary_sharing_thread/kfg5rcu/,t3_18tevwk,BlackPlasmaX,2023-12-29T18:56:23.000Z,4,Thanks for your post. Making me realize I should be getting more as your TC is 2 grand lower than mine and im in So Cal (higher cost of living) with a Data Analyst title. I also have an extra year of experience on you as well as a B.S,,So Cal,United States,,States they have an extra year of experience compared to OP,,,,,18tevwk,[Official] 2023 End of Year Salary Sharing thread,https://www.reddit.com/r/datascience/comments/18tevwk/official_2023_end_of_year_salary_sharing_thread/
True,Data Scientist,,2 months,125000.0,USD,Property/Casualty Insurance,PhD Physics,,$5k Christmas bonus; 15% target performance bonus,150000.0,2.5 years total industry experience; company headquartered in Texas,t1_gi4myiz,https://www.reddit.com/r/datascience/comments/klvb55/official_2020_end_of_year_salary_sharing_thread/gi4myiz/,t3_klvb55,DoubleSidedTape,2021-01-05T00:48:24.000Z,3," • Title: Data Scientist 
 • Tenure length: 2 months in current role, 2.5 years in industry 
 • Location: fully remote, located in the inland northwest US, company headquartered in Texas
 • Salary: $125k
 • Company/Industry: Property/Casualty Insurance
 • Education: PhD Physics
 • Prior Experience: PhD, 2 years as data scientist in same industry before current role, 12 week in person data science boot camp
 • Relocation/Signing Bonus:
 • Stock and/or recurring bonuses: $5k Christmas bonus, 15% target performance bonus
 • Total comp: ~$150k",True,"fully remote, located in the inland northwest US, company headquartered in Texas",United States,,2 years as data scientist in same industry before current role; completed 12-week in-person data science boot camp,,,,,klvb55,[Official] 2020 End of Year Salary Sharing thread,https://www.reddit.com/r/datascience/comments/klvb55/official_2020_end_of_year_salary_sharing_thread/
True,Data Scientist,,1 - 2 years,144000.0,USD,healthcare,"BS in engineering; Data science bootcamp (General Assembly, early 2022); starting MS in CS (OMSCS) next fall, fully paid by employer",,No payout for 2023; hearing recurring bonus roughly 5% of base depending on personal/department goals,151000.0,Fully remote. Received a raise in Q2 from 125000 to 144000. Benefits described as excellent; maxed out retirement accounts this year.,t1_kfggpk4,https://www.reddit.com/r/datascience/comments/18tevwk/official_2023_end_of_year_salary_sharing_thread/kfggpk4/,t3_18tevwk,gerkiiier,2023-12-29T20:02:53.000Z,12,"Crazy to think its already been a whole year! Here is my post from last year [https://www.reddit.com/r/datascience/comments/101hxlj/comment/j2o8z7n/?utm\_source=share&amp;utm\_medium=web2x&amp;context=3](https://www.reddit.com/r/datascience/comments/101hxlj/comment/j2o8z7n/?utm_source=share&amp;utm_medium=web2x&amp;context=3)

Title: Data Scientist

Tenure length: 1 - 2 years

Location: CA

$Remote: Still fully remote!

Salary: Got a pretty sizeable raise in Q2 from $125,000 to now $144,000

Company/Industry: healthcare

Education: BS in engineering, bootcamp grad for DS (got A LOT of people asking about what bootcamp I did, I did General Assembly back in early 2022. Do I think it was THE reason I got the job, no. You really got to weigh the good with the bad and see if a bootcamp/career change is right for you. More than happy to continue to the convo in the comments). Also starting my masters in CS (OMSCS anyone?) next year during the fall. Fully paid for by current company so no brainer.

Prior Experience: 3 years in different industry with some data analytics work. (Excel, dashboards)

$Internship NA

$Coop NA

Relocation/Signing Bonus: NA

Stock and/or recurring bonuses: Didn't get anything for 2023 but hearing its roughly 5% of base, just depends on personal and department goals.

Total comp: \~$151,000

First full year w/ my big boy DS salary, and man what a year. So glad I chose this position, I've learned so much and have really grown professionally. I have also been able to meet and surpass the expectations my lead and manager set for me. Benefits are amazing, while a higher TC may be worth when I feel comfortable 3-5 YOE+ I can see myself as a lifer here. Also finally maxed out all my retirement accounts this year, huge personal finance goal for me! Here's to another great year!",True,CA,United States,,"3 years in a different industry with some data analytics work (Excel, dashboards)",False,False,,,18tevwk,[Official] 2023 End of Year Salary Sharing thread,https://www.reddit.com/r/datascience/comments/18tevwk/official_2023_end_of_year_salary_sharing_thread/
True,Senior Data Scientist,Senior,5,140000.0,USD,Tech,Masters,,20000 (stock and/or recurring bonuses),160000.0,,t1_gi72v1p,https://www.reddit.com/r/datascience/comments/klvb55/official_2020_end_of_year_salary_sharing_thread/gi72v1p/,t3_klvb55,New_Ad9991,2021-01-05T17:02:46.000Z,3," 

* **Title: Senior Data Scientist**
* **Tenure length: 5**
* **Location: East Coast**
* **Salary: $140K**
* **Company/Industry: Tech**
* **Education: Masters**
* **Prior Experience: 4 years**
   * **$Internship - 3 (9 months)**
   * **$Coop - 1 (6 months)**
* **Relocation/Signing Bonus:**
* **Stock and/or recurring bonuses: $20K**
* **Total comp: $160K**",,East Coast,United States,,4 years; internships: 3 (9 months); co-op: 1 (6 months),True,True,,,klvb55,[Official] 2020 End of Year Salary Sharing thread,https://www.reddit.com/r/datascience/comments/klvb55/official_2020_end_of_year_salary_sharing_thread/
True,Quant Trader,,< 1 year,135000.0,USD,Financial Services,"Undergrad and Masters in Engineering, MS Financial Eng",,50k stock and/or recurring bonuses,185000.0,,t1_gjqk7j0,https://www.reddit.com/r/datascience/comments/klvb55/official_2020_end_of_year_salary_sharing_thread/gjqk7j0/,t3_klvb55,shadowrouge101,2021-01-18T17:25:21.000Z,3,"* **Title: Quant Trader**
* **Tenure length: &lt; 1 year**
* **Location: Chicago**
* **Salary: 135k**
* **Company/Industry: Financial Services**
* **Education: Undergrad and Masters in Engineering, MS Financial Eng**
* **Prior Experience:**
   * 1 summer internship
* **Stock and/or recurring bonuses: 50k**
* **Total comp: 185k**",,Chicago,United States,Chicago,1 summer internship,True,,,,klvb55,[Official] 2020 End of Year Salary Sharing thread,https://www.reddit.com/r/datascience/comments/klvb55/official_2020_end_of_year_salary_sharing_thread/
True,Data Scientist,,1 year,86000.0,USD,Higher Ed,"BS Applied Mathematics, MS Biomedical Data Science",,None,86000.0,Hybrid (half-half),t1_kh2dxag,https://www.reddit.com/r/datascience/comments/18tevwk/official_2023_end_of_year_salary_sharing_thread/kh2dxag/,t3_18tevwk,LifeguardOk8213,2024-01-09T16:00:04.000Z,10,"If you can upvote so I may comment that'd be very much appreciated.

&amp;#x200B;

Title: Data Scientist

Tenure length: 1 year

Location: US, South Carolina

$Remote: (half-half) Hybrid

Salary: $86K

Company/Industry: Higher Ed

Education: BS Applied Mathematics, MS Biomedical Data Science

Prior Experience: 2 years research/graduate assistant during MS

$Internship: 2 prior internships

Relocation/Signing Bonus: None

Stock and/or recurring bonuses: None

Total comp: $86K",True,"US, South Carolina",United States,,2 years research/graduate assistant during MS; 2 prior internships,True,,,,18tevwk,[Official] 2023 End of Year Salary Sharing thread,https://www.reddit.com/r/datascience/comments/18tevwk/official_2023_end_of_year_salary_sharing_thread/
True,Sr Credit Analyst,Senior,Starting next month,110000.0,USD,Large cable/communications company,BS in Business Administration,,10% bonus,121000.0,,t1_gk7qzgf,https://www.reddit.com/r/datascience/comments/klvb55/official_2020_end_of_year_salary_sharing_thread/gk7qzgf/,t3_klvb55,someguy_000,2021-01-22T18:14:59.000Z,3,"* **Title: Sr Credit Analyst**
* **Tenure length: Starting next month**
* **Location: Connecticut** 
* **Salary: $110,000**
* **Company/Industry: Large cable/communications company**
* **Education: BS in Business Administration**
* **Prior Experience: 5 years experience as a project manager, worked on a lot of automation/data related software products. Data analyst for 2 years after that.**
* **Relocation/Signing Bonus: None**
* **Stock and/or recurring bonuses: 10% bonus**
* **Total comp: $121,000**",,Connecticut,United States,,5 years as a project manager working on automation/data-related software products; 2 years as a data analyst,,,,,klvb55,[Official] 2020 End of Year Salary Sharing thread,https://www.reddit.com/r/datascience/comments/klvb55/official_2020_end_of_year_salary_sharing_thread/
True,Data Scientist I,I,1.5 years,110000.0,,Large biotech company,BS/MS Computer Science,,"20k total (sign-on, RSUs, etc)",120000.0,,t1_kfdj5gy,https://www.reddit.com/r/datascience/comments/18tevwk/official_2023_end_of_year_salary_sharing_thread/kfdj5gy/,t3_18tevwk,WalkerSoccer,2023-12-29T05:15:39.000Z,27,"Title: Data Scientist I

Tenure length: 1.5 years

Location: Remote

Salary: 110k

Company/Industry: Large biotech company

Education: BS/MS Computer Science

Prior Experience: Summer internship at same company

Other Bonuses: 20k (sign-on, RSUs, etc)

Total Comp: 120k",True,Remote,,,Summer internship at same company,True,,,,18tevwk,[Official] 2023 End of Year Salary Sharing thread,https://www.reddit.com/r/datascience/comments/18tevwk/official_2023_end_of_year_salary_sharing_thread/
True,research associate,,2 years,60000.0,USD,social enterprise,MA in political science,,,,,t1_giqmv5o,https://www.reddit.com/r/datascience/comments/klvb55/official_2020_end_of_year_salary_sharing_thread/giqmv5o/,t3_klvb55,greendogufo,2021-01-10T06:13:12.000Z,2,"Title: research associate 
Tenure length: 2 years
Location: Midwest US 
Salary: 60k
Company industry: social enterprise
Education: MA in political science 
Prior experience: 3 years, 2 of a which as a research assistant in graduate school",,Midwest US,United States,,3 years; 2 of which as a research assistant in graduate school,,,,,klvb55,[Official] 2020 End of Year Salary Sharing thread,https://www.reddit.com/r/datascience/comments/klvb55/official_2020_end_of_year_salary_sharing_thread/
True,Data Manager,,4 years,85000.0,CHF,Financial Sector,Bachelor of Sience,,4000,89000.0,,t1_gisaro4,https://www.reddit.com/r/datascience/comments/klvb55/official_2020_end_of_year_salary_sharing_thread/gisaro4/,t3_klvb55,PerspectiveClassic55,2021-01-10T18:41:19.000Z,2,"Title: Data Manager
Tenure length: 4 years
Location: Switzerland
Salary: 85‘000
Company: Financial Sector
Education: Bachelor of Sience
Prior Experience: -
Relocating/Signing Bonus: -
Stock and/or recuring bonusses: 4‘000
Total comp: 89‘000",,Switzerland,Switzerland,,,,,,,klvb55,[Official] 2020 End of Year Salary Sharing thread,https://www.reddit.com/r/datascience/comments/klvb55/official_2020_end_of_year_salary_sharing_thread/
True,Data Scientist 1,,6 months,130000.0,USD,Freight Tech,BS Math; currently completing MS in CS part-time,0.0,~15000 in RSUs,145000.0,,t1_kfdq6uv,https://www.reddit.com/r/datascience/comments/18tevwk/official_2023_end_of_year_salary_sharing_thread/kfdq6uv/,t3_18tevwk,npangarang,2023-12-29T06:21:06.000Z,22,"Title: Data Scientist 1

Tenure: 6 months

Location: Remote (Texas)

Salary: 130k

Industry: Freight Tech

Education: BS Math, currently completing MS in CS part-time

Prior Experience: 1 YOE Junior DS at F500 + 3 DS summer internships 

Relocation/Sign-on: None

Stock/Bonus: ~15K in RSUs

TC: 145k",True,Remote (Texas),United States,,1 YOE Junior DS at F500 + 3 DS summer internships,True,,,,18tevwk,[Official] 2023 End of Year Salary Sharing thread,https://www.reddit.com/r/datascience/comments/18tevwk/official_2023_end_of_year_salary_sharing_thread/
True,Senior Data Scientist,Senior,1 years,104000.0,USD,Financial,Masters in Mathematics,0.0,19% bonus (depending on company and individual performance),130000.0,,t1_gjn5joi,https://www.reddit.com/r/datascience/comments/klvb55/official_2020_end_of_year_salary_sharing_thread/gjn5joi/,t3_klvb55,TheRandomForrest,2021-01-17T20:09:47.000Z,2,"**Title:** Senior Data Scientist

**Tenure length:** 1 years

**Location:** Tennessee USA

**Salary**: 104,000

**Company/Industry:** Financial 

**Education:** Masters in Mathematics 

**Prior Experience:** 5 years as Data Scientist 

**Relocation/Signing Bonus:** 0

**Stock and/or recurring bonuses:**  19% bonus (depending  on company and individual performance)  

**Total comp:** ~130,000",,Tennessee USA,United States,,5 years as Data Scientist,,,,,klvb55,[Official] 2020 End of Year Salary Sharing thread,https://www.reddit.com/r/datascience/comments/klvb55/official_2020_end_of_year_salary_sharing_thread/
True,Digital Engineering Graduate,,4 months,30000.0,GBP,Aerospace Manufacturing Industry,"BSc in Chemistry, MSc in Data Science, Keele University",,up to 8% of annual salary per tax year,32400.0,,t1_kfe1980,https://www.reddit.com/r/datascience/comments/18tevwk/official_2023_end_of_year_salary_sharing_thread/kfe1980/,t3_18tevwk,EncryptedMyst,2023-12-29T08:28:08.000Z,21,"Title: Digital Engineering Graduate  
Tenure length: 4 months  
Location: Wolverhampton, UK  
$Remote: On-site  
Salary: £30,000  
Company/Industry: Aerospace Manufacturing Industry  
Education: BSc in Chemistry, MSc in Data Science, Keele University  
Prior Experience: 3 month summer internship this year as a data analyst for a startup  
Relocation/Signing Bonus: None  
Stock and/or recurring bonuses: up to 8% of annual salary per tax year  
Total comp: £32,400",False,"Wolverhampton, UK",United Kingdom,Wolverhampton,3 month summer internship this year as a data analyst for a startup,True,,,,18tevwk,[Official] 2023 End of Year Salary Sharing thread,https://www.reddit.com/r/datascience/comments/18tevwk/official_2023_end_of_year_salary_sharing_thread/
True,Softwate engineer,,1 and half years,15000.0,LBP,Digital company,Bachelor degree,0.0,~800,15800.0,,t1_gnojjgh,https://www.reddit.com/r/datascience/comments/klvb55/official_2020_end_of_year_salary_sharing_thread/gnojjgh/,t3_klvb55,Clear_Plum_8336,2021-02-16T19:46:46.000Z,2,"**Title:** Softwate engineer

**Tenure length:** 1 and half years

**Location:** Lebanon

**Salary**: 15,000

**Company/Industry:** Digital company

**Education:** Bachelor degree

**Prior Experience:** worked at 2 banks and a digital company.

**Relocation/Signing Bonus:** 0

**Stock and/or recurring bonuses:** ~800

**Total comp:** ~15,800",,Lebanon,Lebanon,,worked at 2 banks and a digital company.,,,,,klvb55,[Official] 2020 End of Year Salary Sharing thread,https://www.reddit.com/r/datascience/comments/klvb55/official_2020_end_of_year_salary_sharing_thread/
True,"Data Scientist, Analytics",,1.5 years,160000.0,USD,FAANG,"bs mechanical eng, mba",,50k/yr,210000.0,Product-centric role; uses some simple ML and Bayesian methods but primarily SQL/Tableau/dashboarding. Currently working to improve skills despite workload; refers to self as a 'fake' data scientist.,t1_gqee33b,https://www.reddit.com/r/datascience/comments/klvb55/official_2020_end_of_year_salary_sharing_thread/gqee33b/,t3_klvb55,shallyboy,2021-03-10T01:46:00.000Z,2,"* **Title:** Data Scientist, Analytics 
* **Tenure length:** 1.5 years 
* **Location:** bay area 
* **Salary:** 160k
* **Company/Industry:** faang 
* **Education:** bs mechanical eng, mba 
* **Prior Experience:** data analyst at non-faang large tech company 
* **Relocation/Signing Bonus:** n/a
* **Stock and/or recurring bonuses:** 50k/yr
* **Total comp:** 210k 

One of those ‘fake’ data scientists in a product-centric role. I occasionally get to use fun tools (relatively simple ML, bayes) but mostly spend time in sql/tableau/dashboarding. Currently trying to up my game skills-wise, not easy given workload at this company.",,bay area,United States,San Francisco,data analyst at non-faang large tech company,,,,,klvb55,[Official] 2020 End of Year Salary Sharing thread,https://www.reddit.com/r/datascience/comments/klvb55/official_2020_end_of_year_salary_sharing_thread/
True,Data Scientist,,~1 Year,100000.0,USD,PE/VC,MS,5000.0,15-25% annual bonus,105000.0,Total compensation stated excludes annual bonus.,t1_gqiibr5,https://www.reddit.com/r/datascience/comments/klvb55/official_2020_end_of_year_salary_sharing_thread/gqiibr5/,t3_klvb55,poplunoir,2021-03-11T00:37:25.000Z,2,"* **Title:** Data Scientist
* **Tenure length:** ~1 Year
* **Location:** NYC
* **Salary:** $100,000
* **Company/Industry:** PE/VC
* **Education:** MS
* **Prior Experience:** 4 internships - 3 as a DS, plus research projects in the same industry. No full time experience.
* **Relocation/Signing Bonus:** $5,000 signing bonus
* **Stock and/or recurring bonuses:** 15-25% annual bonus 
* **Total comp:** $105,000 (ex Bonus)

.",,NYC,United States,New York City,"4 internships - 3 as a DS, plus research projects in the same industry. No full time experience.",True,,,,klvb55,[Official] 2020 End of Year Salary Sharing thread,https://www.reddit.com/r/datascience/comments/klvb55/official_2020_end_of_year_salary_sharing_thread/
True,CRM Analyst,,2 Years,48000.0,EUR,Retail - Fashion,"BSc Maths, MSc Computer Science",,10% bonus,53000.0,"Primary Tools: Python & SQL. Role is as an analyst but primarily involved in data engineering projects particularly around automation of processes. Not much data science but this is growing. Think I'm slightly underpaid in the position I'm in with lots of room to jump, but there's a lot of growth potential and exciting opportunities in the company.",t1_gqkn6u3,https://www.reddit.com/r/datascience/comments/klvb55/official_2020_end_of_year_salary_sharing_thread/gqkn6u3/,t3_klvb55,ConstantAndVariable,2021-03-11T14:02:46.000Z,2,"* **Title**: CRM Analyst.
* **Tenure length**: 2 Years.
* **Location**: Ireland.
* **Salary**: €48,000.
* **Company/Industry**: Retail - Fashion.
* **Education**: BSc Maths, MSc Computer Science.
* **Prior Experience**: 1 Year Experience as a Data Science Consultant for Big 4 Accounting Firm.
* **Relocation/Signing Bonus**: N/A.
* **Stock and/or recurring bonuses**: 10%.
* **Total comp**: ~€53k.
* **Primary Tools**: Python &amp; SQL.

Role is as an analyst but primarily involved in data engineering projects particularly around automation of processes. Not much data science but this is growing.

Think I'm slightly underpaid in the position I'm in with lots of room to jump, but there's a lot of growth potential and exciting opportunities in the company.",,Ireland,Ireland,,1 Year Experience as a Data Science Consultant for Big 4 Accounting Firm,,,,,klvb55,[Official] 2020 End of Year Salary Sharing thread,https://www.reddit.com/r/datascience/comments/klvb55/official_2020_end_of_year_salary_sharing_thread/
True,Data Scientist,,1 year,180000.0,USD,FANG,"BSc Math, MSc Math, MSc applied maths",,30k USD annual bonus; 50k USD in stocks (equity),260000.0,Inflated because Swiss francs is high.,t1_kfervp6,https://www.reddit.com/r/datascience/comments/18tevwk/official_2023_end_of_year_salary_sharing_thread/kfervp6/,t3_18tevwk,neo2551,2023-12-29T13:32:42.000Z,8,"Title: Data Scientist

Tenure length: 1 year

Location: Switzerland

Salary: 180k USD

Industry: FANG

Education: BSc Math, MSc Math, MSc applied maths

Prior experience: 10 years in finance as quantitative analyst.

Bonus: 30k USD, 50k USD in stocks

Total comp: 260k USD

Inflated because Swiss francs is high.",,Switzerland,Switzerland,,10 years in finance as quantitative analyst.,,,,,18tevwk,[Official] 2023 End of Year Salary Sharing thread,https://www.reddit.com/r/datascience/comments/18tevwk/official_2023_end_of_year_salary_sharing_thread/
True,Intern,,,33.0,USD,Finance,First-year MSc student in Data Science (in progress); Undergraduate degree in Economics,,,,Summer remote internship with a financial firm in the Chicagoland area. Hourly pay at 33 USD. A small bonus for supplies is mentioned but amount is unknown. Role responsibilities not yet defined (could be predictive modeling or dashboard/business analytics).,t1_gqvrzn8,https://www.reddit.com/r/datascience/comments/klvb55/official_2020_end_of_year_salary_sharing_thread/gqvrzn8/,t3_klvb55,Majestic-District637,2021-03-14T08:19:25.000Z,2,"I don't have a full-time position, but I received an internship offer to work this summer for a Financial firm in the Chicago-land area at $33 an hour plus a small bonus (unknown atm) for supplies (remote internship). I'm a current first-year MSc student in Data Science and Undergrad was Econ. This is my first real data-focused role, and I'm looking forward to the opportunity. Not exactly sure if I'm doing predictive modeling or more dashboard/business analytics tasks, although I would rather perform predictive modeling. Any advice to be successful in the internship would be appreciated.",True,Chicago-land area,United States,Chicago,First real data-focused role; no prior data-focused experience mentioned,,,,,klvb55,[Official] 2020 End of Year Salary Sharing thread,https://www.reddit.com/r/datascience/comments/klvb55/official_2020_end_of_year_salary_sharing_thread/
True,Junior Data Scientist,Junior,Just accepted the offer,28000.0,USD,Smaller tech company,BSc and MSc in computer science,,Unlimited PTO and up to 10%,30000.0,Hybrid role,t1_kfex0ks,https://www.reddit.com/r/datascience/comments/18tevwk/official_2023_end_of_year_salary_sharing_thread/kfex0ks/,t3_18tevwk,MightyFuture3,2023-12-29T14:13:58.000Z,8,"Title: Junior Data Scientist  
  
Tenure length: Just accepted the offer  
  
Location: Hungary  
  
$Remote: Hybrid  
  
Salary: $28k  
  
Company/Industry: Smaller tech company  
  
Education: BSc and MSc in computer science  
  
Prior Experience: 1 year experience in total, worked for a large FMCG MCN, and a small startup  
  
Relocation/Signing Bonus: None  
  
Stock and/or recurring bonuses: Unlimited PTO and up to 10%  
  
Total comp: \~$30k",True,Hungary,Hungary,,"1 year experience in total, worked for a large FMCG MCN, and a small startup",,,,,18tevwk,[Official] 2023 End of Year Salary Sharing thread,https://www.reddit.com/r/datascience/comments/18tevwk/official_2023_end_of_year_salary_sharing_thread/
True,Data Analyst,,2 years,20400.0,VND,Maritime,"BSc in accounting, pursuing BSc in Mathematics",0.0,"No stock. Recurring bonus: 2-3 months salary yearly, depends on company performance",27000.0,Average income here is 4.8K,t1_kjka2l3,https://www.reddit.com/r/datascience/comments/18tevwk/official_2023_end_of_year_salary_sharing_thread/kjka2l3/,t3_18tevwk,Formal-Eggplant,2024-01-25T21:23:48.000Z,1,"Data Analyst
2 years of tenure
Hanoi, Vietnam - Hybrid now, able to go fully remote
20.4K - mind you, average income here is 4.8K
Maritime
BSc in accounting, pursuing Bsc in Mathematics
Prior experience: 0.5 years of internship in consulting, 2 years as accountant, 2 years as data analyst
No relocation package/signing bonus/stock
Recurring bonus: 2-3 months salary yearly, depends on company performance
TC: 27K",True,"Hanoi, Vietnam - Hybrid now, able to go fully remote",Vietnam,Hanoi,"0.5 years of internship in consulting, 2 years as accountant, 2 years as data analyst",True,,,,18tevwk,[Official] 2023 End of Year Salary Sharing thread,https://www.reddit.com/r/datascience/comments/18tevwk/official_2023_end_of_year_salary_sharing_thread/
True,Sr Data Scientist,Senior,1.5 yoe,150000.0,USD,Finance,"PhD engineering, Masters in Analytics",0.0,$12k,162000.0,Relocation/Signing Bonus listed as N/A.,t1_kj2yczu,https://www.reddit.com/r/datascience/comments/18tevwk/official_2023_end_of_year_salary_sharing_thread/kj2yczu/,t3_18tevwk,BingoTheBarbarian,2024-01-22T19:12:54.000Z,1,"**Title:** Sr Data Scientist

* **Tenure length:** 1.5 yoe
* **Location:** Washington DC
   * **$Remote:** No
* **Salary:** $150k
* **Company/Industry:** Finance
* **Education:** PhD engineering, Masters in Analytics 
* **Prior Experience:** 2 yoe as a bench top scientists
   * **$Internship**
   * **$Coop**
* **Relocation/Signing Bonus:** N/A
* **Stock and/or recurring bonuses:** $12k
* **Total comp:** $162k",False,Washington DC,United States,Washington DC,2 yoe as a bench top scientists,True,True,,,18tevwk,[Official] 2023 End of Year Salary Sharing thread,https://www.reddit.com/r/datascience/comments/18tevwk/official_2023_end_of_year_salary_sharing_thread/
True,Lead Data Scientist,Lead,< 6 months,115000.0,USD,Large Non-Tech Company,BS Economics/Stat & MS Data Science,,10K 3 year vest; 15% bonus,142000.0,,t1_ki11hgo,https://www.reddit.com/r/datascience/comments/18tevwk/official_2023_end_of_year_salary_sharing_thread/ki11hgo/,t3_18tevwk,Dapper-Economy,2024-01-15T21:48:40.000Z,1,"Title: Lead Data Scientist

Tenure: &lt; 6 months

Location: US Remote

Salary: 115K

Company/Industry: Large Non-Tech Company

Education: BS Economics/Stat &amp; MS Data Science

Prior Experience: 5-6 years total, mix of analyst, business &amp; finance, (2-3 years DS)

Other bonus: 10K 3 year vest, 15% bonus 

Total Comp: 142K",True,US Remote,United States,,"5-6 years total, mix of analyst, business & finance, (2-3 years DS)",,,,,18tevwk,[Official] 2023 End of Year Salary Sharing thread,https://www.reddit.com/r/datascience/comments/18tevwk/official_2023_end_of_year_salary_sharing_thread/
True,Senior Data Analyst,Senior,"8 months, 3.5 years with the company",60000.0,USD,Fintech,"Self taught, no college degree",,10% bonus if company does well (no bonus this year due to COVID),66000.0,Duties: ETL; SQL querying of large datasets; dashboard creation in Tableau and Power BI; Python (pandas) for EDA; report automation; presenting dashboards to executives. Feels underpaid; hesitant to switch after 8 months and without a college degree.,t1_grjfila,https://www.reddit.com/r/datascience/comments/klvb55/official_2020_end_of_year_salary_sharing_thread/grjfila/,t3_klvb55,ORA-00900,2021-03-20T00:01:07.000Z,2,"- **Title:** Senior Data Analyst      
- **Tenure length:** 8 months, 3.5 years with the company        
- **Location:** Houston      
- **Salary:** 60K    
- **Company/Industry:** Fintech    
- **Education:** self taught, no college degree    
- **Prior Experience:** I  worked previously in banking for 6 years and then became a reporting analyst at my current company    
- **Relocation/Signing Bonus:** n/a    
- **Stock and/or recurring bonuses:** 10% if the company does well (no bonus this year due to covid)    
- **Total comp:** 66K

- **Duties include:** ETL, using SQL to query large datasets, dashboard creation in tableau and power BI, using Python(pandas) for exploratory data analysis, report automation, and presenting said dashboards to executives. I totally feel like I’m underpaid, but I’ve only been in this role 8 months and I have no college degree, so I’m afraid to jump ship.",,Houston,United States,Houston,Previously worked in banking for 6 years; then became a reporting analyst at current company,,,,,klvb55,[Official] 2020 End of Year Salary Sharing thread,https://www.reddit.com/r/datascience/comments/klvb55/official_2020_end_of_year_salary_sharing_thread/
True,Senior Data Scientist,Senior,2 years,210000.0,USD,Tier 2/3 tech,Ms in Stats,,RSUs of 25K USD in a publicly listed company,235000.0,401k match until 6%; Fully sponsored business trip to a country in Europe where the organization is headquartered; Typical PTO of 23 days a year,t1_kfeytk6,https://www.reddit.com/r/datascience/comments/18tevwk/official_2023_end_of_year_salary_sharing_thread/kfeytk6/,t3_18tevwk,vamsisachin27,2023-12-29T14:27:32.000Z,8,"Title: Senior Data Scientist 

Tenure length: 2 years

Location: USA (Remote, I am based in the Midwest)

Base Salary: 210K USD

Company/Industry: Tier 2/3 tech 

Education: Ms in Stats

Prior Experience: 5 years DA

Other Bonuses: RSUs of 25K USD in a publicly listed company. 

Total Comp: 235K USD

Other Benefits: 401k match until 6%, Fully sponsored business trip to a country in Europe where the org is headquartered, Typical PTO of 23 days a year",True,"USA (Remote, I am based in the Midwest)",United States,,5 years DA,,,,,18tevwk,[Official] 2023 End of Year Salary Sharing thread,https://www.reddit.com/r/datascience/comments/18tevwk/official_2023_end_of_year_salary_sharing_thread/
True,Data Analyst,,~1 month,115000.0,USD,FAANG,BS in Finance/ Minor in IT,,"Stock: 100,000 over 4 years; 10% bonus",150000.0,,t1_grntup3,https://www.reddit.com/r/datascience/comments/klvb55/official_2020_end_of_year_salary_sharing_thread/grntup3/,t3_klvb55,palendrome298,2021-03-21T02:48:29.000Z,2,"Title: Data Analyst 

Tenure Length: ~1 month 

Location: SF

Salary: $115,000

Company/Industry: FAANG

Education: BS in Finance/ Minor in IT

Prior Experience: IT Audit at Accounting firm (1.5), Data Analyst (1)

Relocation/Signing Bonus: 

Stock: $100,000/ 4 years - 10% bonus 

Total Comp: ~$150,000",,SF,United States,San Francisco,"IT Audit at Accounting firm (1.5), Data Analyst (1)",,,,,klvb55,[Official] 2020 End of Year Salary Sharing thread,https://www.reddit.com/r/datascience/comments/klvb55/official_2020_end_of_year_salary_sharing_thread/
True,Senior MLE,Senior,3.5 years,175000.0,USD,Tech,Unrelated STEM MS,,"Lots of options, was a very early hire",180000.0,Supplemented by consulting work and paid writing gigs for well-known publishers. Feels underpaid even for an early-stage startup; likely moving to a small private research lab with more flexibility. Flexibility prioritized over pay; can work from abroad a few months per year and current/future employers allow it. Job is very chill due to seniority and nature of work.,t1_kfgdkk5,https://www.reddit.com/r/datascience/comments/18tevwk/official_2023_end_of_year_salary_sharing_thread/kfgdkk5/,t3_18tevwk,careerawaythrow,2023-12-29T19:43:53.000Z,9,"Title: Senior MLE

Tenure length: 3.5 years

Location: Remote USA

Salary: $175k

Company/Industry: Tech

Education: Unrelated STEM MS

Prior Experience: 10 years

Relocation/Signing Bonus: N/A

Stock and/or recurring bonuses: Lots of options, was a very early hire

Total comp: $180k

Supplemented by consulting work and paid writing gigs for publishers you've heard of.

Still criminally underpaid, even for a still-early stage startup, and will likely be making a move this coming year that's been in the works for a year or so now (small private research lab with even more flexibility on what I work on, where I work, and how), but priorities have shifted for me in the past few years and flexibility is much more important than straight up pay. Being able to work from abroad a few months a year is a major requirement of mine, and my current (and future) place allow it. My job is also very chill for me, between seniority and what I work on.",True,Remote USA,United States,,10 years,,,,,18tevwk,[Official] 2023 End of Year Salary Sharing thread,https://www.reddit.com/r/datascience/comments/18tevwk/official_2023_end_of_year_salary_sharing_thread/
True,bi analyst,,1.5 yrs,62000.0,USD,Retail (very well known company),Unrelated BS with small amount of R and statistics; Master's in Data Science in progress (1/6 completed when joined),0.0,"10% performance bonus at 1 year; ~$10,000 yearly bonus; 401(k) match up to 5%; 10% discount on company products",72000.0,"Started at 57.5k, later increased to 62k. Company moving to hybrid but employee may remain remote per offer letter. Total comp stated as 72k + discount + 401k match.",t1_kfe0ikv,https://www.reddit.com/r/datascience/comments/18tevwk/official_2023_end_of_year_salary_sharing_thread/kfe0ikv/,t3_18tevwk,PM_me_a_fox_pls,2023-12-29T08:18:56.000Z,15,"Title:  bi analyst

Tenure: 1.5 yrs

Location: based in Midwest at corporate location but company has locations in many states. Am remote though company is going hybrid. I might stay remote due to my offer letter wording.

Salary: 62k (start 57.5k, got a 10% bonus at 1 yr for performance)

Industry: retail, very well known company

Education: unrelated BS that had a very small amount of R and statistics, Masters in DS in progress (was 1/6th completed when I joined)

Prior experience: none related to data

Signing bonus: none

Other bonus: 401k match to 5%, 10k yearly, 10% off company products (actually very useful) 

Total comp: 72k + discount + 401k match",True,based in Midwest at corporate location but company has locations in many states. Am remote though company is going hybrid. I might stay remote due to my offer letter wording.,United States,,None related to data,,,,,18tevwk,[Official] 2023 End of Year Salary Sharing thread,https://www.reddit.com/r/datascience/comments/18tevwk/official_2023_end_of_year_salary_sharing_thread/
True,MLE,2,2.5 yrs,150000.0,USD,HR Tech,BS Math,,Stock sign-on 120000 over 4 years; Employee stock purchase program; Target bonus 10% (normally lower),200000.0,,t1_kfdq67s,https://www.reddit.com/r/datascience/comments/18tevwk/official_2023_end_of_year_salary_sharing_thread/kfdq67s/,t3_18tevwk,dunder__score,2023-12-29T06:20:56.000Z,23,"MLE (2)

2.5 yrs

Remote USA

~150k

HR Tech

BS Math

5 year military (grunt, not math)
- 2x intern (not DS)
-  contract DS at health tech/defense start up

120k over 4 year stocks sign on + purchase program

Bonuses are target 10%, but normally lower

~200k TC",True,Remote USA,United States,,5 years military (non-technical); 2 internships (not DS); contract Data Scientist at health tech/defense startup,True,,,,18tevwk,[Official] 2023 End of Year Salary Sharing thread,https://www.reddit.com/r/datascience/comments/18tevwk/official_2023_end_of_year_salary_sharing_thread/
True,Data Scientist,L3,a bit over a year,158000.0,USD,HealthTech,"Math BA, Physics BS, and PhD in Physics (astro focus)",0.0,"12% LTI and 10% STI, depending on company performance",193000.0,No relocation/signing bonus (didn’t ask for anything).,t1_kfexhl9,https://www.reddit.com/r/datascience/comments/18tevwk/official_2023_end_of_year_salary_sharing_thread/kfexhl9/,t3_18tevwk,I-adore-you,2023-12-29T14:17:34.000Z,8,"Title: Data Scientist (L3)

Tenure length: a bit over a year

Location: NYC (2/3 days in office)

Salary: 158k

Industry: HealthTech

Education: Math BA, physics BS, and PhD in physics (focus area of astro)

 Prior experience: a little more than a year at a small healthcare/pharma consulting firm; no internships or anything during my PhD 

Relocation/signing bonus: None (didn’t ask for anything)

Stock and/or reoccurring bonuses: 12% LTI and 10% STI, depending on company performance

Total comp: Up to $193k",True,NYC (2/3 days in office),United States,New York City,A little more than a year at a small healthcare/pharma consulting firm,,,,,18tevwk,[Official] 2023 End of Year Salary Sharing thread,https://www.reddit.com/r/datascience/comments/18tevwk/official_2023_end_of_year_salary_sharing_thread/
True,senior data scientist - research,Senior,3 years,200000.0,USD,mang,ms (dropped out of phd in OR),,Annual bonus: 40000; RSU: 125000 per year at grant (higher with stock growth),365000.0,Company has two DS ladders to distinguish between product DS and research DS. Commutes from a nearby MCOL city.,t1_kfk3qp1,https://www.reddit.com/r/datascience/comments/18tevwk/official_2023_end_of_year_salary_sharing_thread/kfk3qp1/,t3_18tevwk,latte214270,2023-12-30T14:34:11.000Z,7,"Title: senior data scientist - research (at my company, they have two ds ladders to distinguish between product ds and research ds)

Location: nyc (but I commute from a nearby mcol city)

Salary: 200k

Annual bonus: 40k

RSU: 125k/year at grant (higher with stock growth)

Company: mang

Education: ms (dropped out of phd in OR)

Tenure: 3 years

Prior experience: 3 years as analyst

Total comp: 365k",,nyc (but I commute from a nearby mcol city),United States,New York City,3 years as analyst,,,,,18tevwk,[Official] 2023 End of Year Salary Sharing thread,https://www.reddit.com/r/datascience/comments/18tevwk/official_2023_end_of_year_salary_sharing_thread/
True,Staff Data Scientist,Staff,Accepted offer (2/5 start),220000.0,,Tech,M.S. Analytics,0.0,Stock: 41k (flexible w/ salary),261000.0,Salary flexible w/ equity; stock flexible w/ salary.,t1_kfdoe1x,https://www.reddit.com/r/datascience/comments/18tevwk/official_2023_end_of_year_salary_sharing_thread/kfdoe1x/,t3_18tevwk,Lakeshow8593,2023-12-29T06:03:04.000Z,24,"Title: Staff Data Scientist

Tenure length: Accepted offer (2/5 start)

Location: Remote

Salary: $220k (flexible w/ equity)

Industry: Tech

Education: M.S. Analytics

Prior Experience: 9 years

Signing Bonus: None

Stock: 41k (flexible w/ salary)

Total comp: 261k",True,Remote,,,9 years,,,,,18tevwk,[Official] 2023 End of Year Salary Sharing thread,https://www.reddit.com/r/datascience/comments/18tevwk/official_2023_end_of_year_salary_sharing_thread/
True,Machine Learning Engineer,,"Laid off in May, 7+ months searching",0.0,USD,N/A,"BS Computer Science, Minor Statistics",0.0,$0,0.0,,t1_kfg31fm,https://www.reddit.com/r/datascience/comments/18tevwk/official_2023_end_of_year_salary_sharing_thread/kfg31fm/,t3_18tevwk,PLxFTW,2023-12-29T18:40:10.000Z,12,"Title: Machine Learning Engineer

- Tenure length: Laid off in May, 7+ months searching
- Location: USA
- Salary: $0
- Company/Industry: N/A
- Education: BS Computer Science, Minor Statistics
- Prior Experience: 3, 1 as lead MLE
- Relocation/Signing Bonus: $0
- Stock and/or recurring bonuses: $0
- Total comp: $0",,USA,United States,,"3, 1 as lead MLE",,,,,18tevwk,[Official] 2023 End of Year Salary Sharing thread,https://www.reddit.com/r/datascience/comments/18tevwk/official_2023_end_of_year_salary_sharing_thread/
True,Executive Manager,,2 Years,214000.0,AUD,Big Australian Bank,Master's,,5% annual bonus; 11.5% superannuation (pension fund contribution),250540.0,40% remote (hybrid). No relocation/signing bonus.,t1_kfe3dim,https://www.reddit.com/r/datascience/comments/18tevwk/official_2023_end_of_year_salary_sharing_thread/kfe3dim/,t3_18tevwk,xiaodaireddit,2023-12-29T08:54:56.000Z,6,"Title: Executive Manager

Tenure length: 2 Years

Location: Melbourne

$Remote: 40% remote

Salary: AUD214K + 5% bonus + 11.5% superannuation (pension fund contribution)

Company/Industry: Big Australian Bank

Education: Master's

Prior Experience: 16 years in same industry + 2 years of AI/ML

Relocation/Signing Bonus: NA

Stock and/or recurring bonuses: 5% bonus

Total comp: AUD$250,540",True,Melbourne,Australia,Melbourne,16 years in same industry + 2 years of AI/ML,,,,,18tevwk,[Official] 2023 End of Year Salary Sharing thread,https://www.reddit.com/r/datascience/comments/18tevwk/official_2023_end_of_year_salary_sharing_thread/
True,Senior Data Scientist - Marketing Measurement/Causal Inference,Senior,1.5 years,155000.0,USD,"In-house, Tech, e-commerce","MS Econ, BS Finance+Psych",300000.0,Annual bonus: 10%. Annual RSUs valued between 50K and 150K depending on company performance. Sign-on: 300K in RSUs.,,"Remote from a US MCOL Midwest city. Other benefits (100% company-paid healthcare for self and family, lifestyle spending stipend, remote work stipend, 401K match) valued around 40K. Reported total comp range 250K–350K.",t1_kfeumx4,https://www.reddit.com/r/datascience/comments/18tevwk/official_2023_end_of_year_salary_sharing_thread/kfeumx4/,t3_18tevwk,save_the_panda_bears,2023-12-29T13:55:17.000Z,5,"**Title:** Senior Data Scientist - Marketing Measurement/Causal Inference

* **Tenure Length:** 1.5 years

* **Location:** NYC

    * **Remote:** Yes, working from a US MCOL Midwest city

* **Salary:** $155K

* **Company/Industry:** In-house, Tech, e-commerce

* **Education:** MS Econ, BS Finance+Psych

* **Prior Experience:** 4 years DS in marketing analytics, 5 years webdev/QA

* **Signing Bonus:** $300K RSUs

* **Stock:** Depends, anywhere between $150K to $50K in RSUs depending on the year the company had.

* **Bonus:** 10%

* **Other:** 100% company paid healthcare for myself and entire family, lifestyle spending stipend, remote work stipend, 401K match, all valued around $40K

* **Total Comp:** Somewhere between $250K and $350K",True,NYC,United States,New York City,"4 years DS in marketing analytics, 5 years webdev/QA",,,,,18tevwk,[Official] 2023 End of Year Salary Sharing thread,https://www.reddit.com/r/datascience/comments/18tevwk/official_2023_end_of_year_salary_sharing_thread/
True,Data Scientist,,2 Years,120000.0,USD,Tech,M.S. Stat,0.0,$40k in illiquid options with 5 year vesting schedule aka funny money,160000.0,"Tech Stack: R, Postgress, Typescript. Lives in the US Midwest while working remotely.",t1_kflvx3x,https://www.reddit.com/r/datascience/comments/18tevwk/official_2023_end_of_year_salary_sharing_thread/kflvx3x/,t3_18tevwk,esperaporquejoe,2023-12-30T21:23:42.000Z,6,"Title: Data Scientist  
Tenure length: 2 Years  
Location: NYC (Remote living in the midwest)  
Salary: $120,000  
Company/Industry: Tech  
Education: M.S. Stat  
Prior Experience: Six mo internship  
Relocation/Signing Bonus: $0  
Stock and/or recurring bonuses: $40k in illiquid options with 5 year vesting schedule aka funny money  
Total comp: $160k

Tech Stack: (because I think this should be included) R, Postgress, Typescript",True,NYC (Remote living in the midwest),United States,New York City,Six mo internship,True,,,,18tevwk,[Official] 2023 End of Year Salary Sharing thread,https://www.reddit.com/r/datascience/comments/18tevwk/official_2023_end_of_year_salary_sharing_thread/
True,Director of Data Science,L8,~10 years,300000.0,,FAANG,"PhD, math",,"$1.3M (performance bonus + RSUs, with RSUs making up almost all of that)",1600000.0,On pace for upwards of $2.2M in 2024 if stock stays at current levels.,t1_kh5coqh,https://www.reddit.com/r/datascience/comments/18tevwk/official_2023_end_of_year_salary_sharing_thread/kh5coqh/,t3_18tevwk,internet_poster,2024-01-10T02:13:02.000Z,6,"Title: Director of Data Science (L8)

Tenure Length: ~10 years

Location: HCOL

Salary: $300k

Company: FAANG

Education: PhD, math

Stock and/or recurring bonuses: $1.3M (performance bonus + RSUs, with RSUs making up almost all of that)

Total Comp: $1.6M

On pace for upwards of $2.2M in 2024 if stock stays at current levels.",,HCOL,,,,,,,,18tevwk,[Official] 2023 End of Year Salary Sharing thread,https://www.reddit.com/r/datascience/comments/18tevwk/official_2023_end_of_year_salary_sharing_thread/
True,Data Analytics Manager - AI/ML,,6,179000.0,USD,Big 4 - tech Consulting,Master in Computer Science concentration data science,,"Bonus - 27,500K; Stock/recurring bonuses: very varied",206500.0,,t1_kfeqs03,https://www.reddit.com/r/datascience/comments/18tevwk/official_2023_end_of_year_salary_sharing_thread/kfeqs03/,t3_18tevwk,geekaron,2023-12-29T13:23:14.000Z,4,"Title: Data Analytics Manager - AI/ML

Tenure length: 6
Location: Chicago, IL
Salary: $179K Base
Company/Industry: Big 4 - tech Consulting 
Education: Master in Computer Science concentration data science 
Prior Experience: 2 years system analyst, 3 years-  Deloitte
Stock and/or recurring bonuses: very varied
 
Bonus - 27,500K
Total comp: 206,500",,"Chicago, IL",United States,Chicago,"2 years system analyst, 3 years- Deloitte",,,,,18tevwk,[Official] 2023 End of Year Salary Sharing thread,https://www.reddit.com/r/datascience/comments/18tevwk/official_2023_end_of_year_salary_sharing_thread/
True,AI Engineer,,6 month,9600.0,INR,Small Fintech Company,B.S Mathematics,,,9600.0,Internship: 6 months in the same company. Other bonus: none mentioned.,t1_kfflr4r,https://www.reddit.com/r/datascience/comments/18tevwk/official_2023_end_of_year_salary_sharing_thread/kfflr4r/,t3_18tevwk,Urdhvaga,2023-12-29T16:56:37.000Z,5,"**Title**: AI Engineer

* **Tenure length**: 6 month
* **Location**: Bangaluru ( India) 
* **Salary**: $9.6k
* **Company/Industry**: Small Fintech Company
* **Education**: B.S Mathematics
* **Prior** **Experience**: 3.5 Years (Non Tech)
* **Internship**: 6 Month in the same company
* **Other** **Bonus**: NA
* **Relocation/Signing** **Bonus**: NA
* **Stock and/or recurring bonuses**: NA
* **Total** **comp**: $9.6k",,Bangaluru ( India),India,Bengaluru,3.5 Years (Non Tech),True,,,,18tevwk,[Official] 2023 End of Year Salary Sharing thread,https://www.reddit.com/r/datascience/comments/18tevwk/official_2023_end_of_year_salary_sharing_thread/
True,,,6 months,275000.0,USD,Social media startup,BS engineering,30000.0,Stock: 175k/year (USD),450000.0,"Location given as 'SF/NYC' (San Francisco, California and New York City, New York). Total comp stated as 450k/year plus 30k sign-on; signing bonus captured separately.",t1_kfe0oic,https://www.reddit.com/r/datascience/comments/18tevwk/official_2023_end_of_year_salary_sharing_thread/kfe0oic/,t3_18tevwk,Chaudpatate,2023-12-29T08:20:56.000Z,10,"Tenure: 6 months

Location: SF/NYC

Salary: 275k

Industry: social media start up

Education: BS engineering

Prior experience: 7 years

Signing bonus: $30k

Stock: $175k/year

Total comp: $450k/year + $30k sign on",,SF/NYC,United States,,7 years,,,,,18tevwk,[Official] 2023 End of Year Salary Sharing thread,https://www.reddit.com/r/datascience/comments/18tevwk/official_2023_end_of_year_salary_sharing_thread/
True,Data Scientist,Manager,1 year,118000.0,USD,Retail/fashion,BS Economics,,Annual bonus target 10%; more likely 5-6% this year based on company performance,124500.0,"Technically a manager with one report; hybrid schedule 2 days home, 3 days office",t1_kfew28q,https://www.reddit.com/r/datascience/comments/18tevwk/official_2023_end_of_year_salary_sharing_thread/kfew28q/,t3_18tevwk,jakeAtron89,2023-12-29T14:06:36.000Z,5,"- **Title**: Data Scientist (technically a  manager with one report)
- **Tenure:** 1 year
- **Location:** Low C.O.L. medium size metro in midwest US (Hybrid, 2 days home, 3 days office)
- **Salary:** 118k
- **Industry:** Retail/fashion
- **Education:** BS Economics
- **Prior experience:** 6 years in various analytics, data roles
- **Bonus:** potential for 10%, more likely to be 5-6% this year based on company performance
- **Total comp:** ~124.5k",True,"Low C.O.L. medium size metro in midwest US (Hybrid, 2 days home, 3 days office)",United States,,"6 years in various analytics, data roles",,,,,18tevwk,[Official] 2023 End of Year Salary Sharing thread,https://www.reddit.com/r/datascience/comments/18tevwk/official_2023_end_of_year_salary_sharing_thread/
True,Senior DS,Senior (IC5),10 years and 1+ industry,250000.0,,"Tech, AI, Robotics",PhD Math,0.0,~$200k; stock refreshers every year and ESPP,450000.0,Hybrid 1 day per week. Total comp with stock appreciation: ~$975k (as of year end). Notes: outlier due to exceptional stock appreciation and timing; niche DS role in competitive field.,t1_kffrg0f,https://www.reddit.com/r/datascience/comments/18tevwk/official_2023_end_of_year_salary_sharing_thread/kffrg0f/,t3_18tevwk,purplebrown_updown,2023-12-29T17:31:06.000Z,5,"**Title**: Senior DS (IC5)  
**Tenure length**: 10 years and 1+ industry  
**Location**: (very) HCOL  
**Remote**: hybrid 1 day per week  
**Salary**: $250k base  
**Company/Industry**: Tech, AI, Robotics  
**Education**: PhD Math  
**Prior Experience**: 10 years research \
**Relocation/Signing Bonus**: No signing bonus  \
**Stock and/or recurring bonuses**: ~$200k \
**Fringe**: Stock refreshers every year and espp \
**Total comp**: ~$450k 
**Total comp with stock appreciation**: ~$975k (as of year end)

So this is a little out there given the stock appreciation. Extremely lucky with timing and the field happens to be competitive with SWEs. Not likely to repeat, so an outlier for sure. DS for niche roles can demand/ attract a lot so keep at it!",True,(very) HCOL,,,10 years research,,,,,18tevwk,[Official] 2023 End of Year Salary Sharing thread,https://www.reddit.com/r/datascience/comments/18tevwk/official_2023_end_of_year_salary_sharing_thread/
True,Senior Data Scientist,Senior,0,150000.0,USD,Ad Tech,MS,0.0,"Annual RSU rewards, 20% bonus",180000.0,Total comp stated does not include RSU.,t1_kfer1n1,https://www.reddit.com/r/datascience/comments/18tevwk/official_2023_end_of_year_salary_sharing_thread/kfer1n1/,t3_18tevwk,timusw,2023-12-29T13:25:32.000Z,7,"**Title:** Senior Data Scientist  
**Tenure length:** 0  
**Location:** USA  
**Remote:** Yes   
**Salary:** $150,000  
**Company/Industry:** Ad Tech  
**Education:** MS  
**Prior Experience:** 8 YOE  
**Relocation/Signing Bonus:** No  
**Stock and/or recurring bonuses:** Annual RSU rewards, 20% bonus  
**Total comp:** $180,000 (not including RSU)",True,USA,United States,,8 YOE,,,,,18tevwk,[Official] 2023 End of Year Salary Sharing thread,https://www.reddit.com/r/datascience/comments/18tevwk/official_2023_end_of_year_salary_sharing_thread/
True,,,,,,,,,,,"Year-by-year salary progression (amounts in thousands):
- Year 1: 60000
- Year 2: 65000–67000 (new company)
- Year 3: 72000–80000 (promotion)
- Year 4: 80000–88000 (new company)
- Year 5: 135000 (new company)
- Year 6: 137000 (COLA)
- Year 7: 147000 (COLA)
- Year 8: 150000 (new company)
No details provided on title, company/industry, location, currency, bonuses, equity, or total compensation.",t1_kfraprg,https://www.reddit.com/r/datascience/comments/18tevwk/official_2023_end_of_year_salary_sharing_thread/kfraprg/,t3_18tevwk,timusw,2023-12-31T22:21:01.000Z,2,"Remembering the early years are rough.

Year 1: 60k

Year 2: 65-67k (new company)

Year 3: 72-80k (promo)

Year 4: 80-88k (new company)

Year 5: 135k (new company)

Year 6: 137k (cola)

Year 7: 147k (cola)

Year 8: 150k (new company)",,,,,,,,,,18tevwk,[Official] 2023 End of Year Salary Sharing thread,https://www.reddit.com/r/datascience/comments/18tevwk/official_2023_end_of_year_salary_sharing_thread/
True,Data Scientist,,<1 yr,112000.0,USD,Finance,Bachelors,,"~$20,000",130000.0,EDIT - Imposter Syndrome: Very High!,t1_kffjflm,https://www.reddit.com/r/datascience/comments/18tevwk/official_2023_end_of_year_salary_sharing_thread/kffjflm/,t3_18tevwk,yrmidon,2023-12-29T16:42:29.000Z,7,"Title: Data Scientist 

Tenure length: &lt;1 yr 

Location: Los Angeles, CA (Remote) 

Salary: $112,000 

Company/Industry: Finance 

Education: Bachelors

Prior Experience: 4 yrs (Analytics/Analytics Engineering)

Internship: 2 months (Junior Year)

Relocation/Signing Bonus: None 

Stock and/or recurring bonuses: ~$20,000 

Total comp: ~$130,000

EDIT - Imposter Syndrome: Very High!",True,"Los Angeles, CA (Remote)",United States,Los Angeles,4 yrs (Analytics/Analytics Engineering),True,,,,18tevwk,[Official] 2023 End of Year Salary Sharing thread,https://www.reddit.com/r/datascience/comments/18tevwk/official_2023_end_of_year_salary_sharing_thread/
True,Data Scientist,,2 years,120000.0,BRL,Startup,"BSc and MPhil Economics, 3 month DS course",,0.1% stock per year,120000.0,"Didn't negotiate vacations, but takes occasional days off.",t1_kfecefy,https://www.reddit.com/r/datascience/comments/18tevwk/official_2023_end_of_year_salary_sharing_thread/kfecefy/,t3_18tevwk,922153,2023-12-29T10:49:19.000Z,3,"**Title:** Data Scientist

* **Tenure length:** 2 years
* **Location:** Brazil (Remote)
* **Salary:** 120k BRL
* **Company/Industry:** Startup 
* **Education:** BSc and MPhil Economics, 3 month DS course
* **Prior Experience:** 2 years econ (no DS xp)
* **Stock and/or recurring bonuses:** 0.1% stock / year, didn't negotiate vacations because I'm stupid, but take eventual days off
* **Total comp:** 120k BRL

**PS**: Any other DSs here from developing countries?",True,Brazil (Remote),Brazil,,2 years econ (no DS xp),,,,,18tevwk,[Official] 2023 End of Year Salary Sharing thread,https://www.reddit.com/r/datascience/comments/18tevwk/official_2023_end_of_year_salary_sharing_thread/
True,Data Science Manager,,4 years,280000.0,CAD,tech,Stats,,,,,t1_kff6g9l,https://www.reddit.com/r/datascience/comments/18tevwk/official_2023_end_of_year_salary_sharing_thread/kff6g9l/,t3_18tevwk,mfilo,2023-12-29T15:20:50.000Z,3,"Title: Data Science Manager

Tenure length: 4 years

Location: Canada (Remote)

Salary: 280k

Company/Industry: tech

Education: Stats

Prior Experience: 1 year DS",True,Canada (Remote),Canada,,1 year DS,,,,,18tevwk,[Official] 2023 End of Year Salary Sharing thread,https://www.reddit.com/r/datascience/comments/18tevwk/official_2023_end_of_year_salary_sharing_thread/
True,"Senior Data Scientist, Product Analytics",Senior,2.5 years,200000.0,USD,"Small, late stage tech startup",BS Economics & BS International Relations,,Equity (pre-IPO),200000.0,Total compensation excludes equity since the company is pre-IPO.,t1_kffkb93,https://www.reddit.com/r/datascience/comments/18tevwk/official_2023_end_of_year_salary_sharing_thread/kffkb93/,t3_18tevwk,robo_capybara,2023-12-29T16:47:51.000Z,3,"Title: Senior Data Scientist, Product Analytics

Tenure length: 2.5 years

Location: San Francisco / Remote

Salary: 200k

Company/Industry: Small, late stage tech startup

Education: BS Economics &amp; BS International Relations

Prior Experience: 1 year DS, 3 years economic research

Other Bonuses: Equity

Total Comp: 200k (excluding equity since pre-ipo)",True,San Francisco / Remote,United States,San Francisco,"1 year DS, 3 years economic research",,,,,18tevwk,[Official] 2023 End of Year Salary Sharing thread,https://www.reddit.com/r/datascience/comments/18tevwk/official_2023_end_of_year_salary_sharing_thread/
True,Developer,,1.5 years,,USD,Tech,MSc in Engineering,,On paper another $100k+ per year,,Salary listed as: $210k + $200k (quit job) + $160k. Total compensation stated as between $415k to $515k depending on stock. Relocation/Signing Bonus: n/a.,t1_kfgxlhh,https://www.reddit.com/r/datascience/comments/18tevwk/official_2023_end_of_year_salary_sharing_thread/kfgxlhh/,t3_18tevwk,you-r-stupid,2023-12-29T21:47:11.000Z,3,"Title: Developer


Tenure length: 1.5 years


Location: USA (think SF/Seattle/NYC)


Salary: $210k + $200k (quit job) + $160k


Company/Industry: Tech


Education: MSc in Engineering 


Prior Experience: Non Tech companies but big ones


Relocation/Signing Bonus: n/a


Stock and/or recurring bonuses: On paper another $100k+ per year


Total comp: Between $415k to $515k depending on stock",,USA (think SF/Seattle/NYC),United States,,Non Tech companies but big ones,,,,,18tevwk,[Official] 2023 End of Year Salary Sharing thread,https://www.reddit.com/r/datascience/comments/18tevwk/official_2023_end_of_year_salary_sharing_thread/
True,Analytics Manager,Manager,14 months,149000.0,,Insurance/Financial Services,M.S. Analytics,0.0,10% target annual bonus; Stock valued at 40000 per year; private company so valuation is difficult,190000.0,"Poster notes relocation/signing bonuses should not count toward total compensation unless recurring. Stock is not publicly traded, so valuation is tricky.",t1_kfgzueo,https://www.reddit.com/r/datascience/comments/18tevwk/official_2023_end_of_year_salary_sharing_thread/kfgzueo/,t3_18tevwk,GossipGirlX0X0,2023-12-29T22:01:19.000Z,3,"Title: Analytics Manager

Tenure length: 14 months

Location: Hybrid in-office 3 days per week

Salary: $149k base + 10% target bonus

Industry: Insurance/Financial Services

Education: M.S. Analytics

Prior Experience: 10 years

Signing Bonus: None

Stock: $40k/yr but it's a little difficult to value since it's not a publicly traded company

Total comp: \~$190k/year  


Edit: I'm a little confused by people including relocation/signing bonus as part of their total comp. In my opinion, they shouldn't be included in total comp unless you get them every year (which by definition, relocation and signing bonuses are not annual).",True,Hybrid in-office 3 days per week,,,10 years,,,,,18tevwk,[Official] 2023 End of Year Salary Sharing thread,https://www.reddit.com/r/datascience/comments/18tevwk/official_2023_end_of_year_salary_sharing_thread/
True,staff research scientsit/engineer,Staff,6 months,200000.0,CAD,research lab at big tech co,msc stats,,"15% bonus; ~240k RSUs, 4-year vest",290000.0,,t1_kfiihjk,https://www.reddit.com/r/datascience/comments/18tevwk/official_2023_end_of_year_salary_sharing_thread/kfiihjk/,t3_18tevwk,koolaidman123,2023-12-30T04:22:38.000Z,3,"Title: staff research scientsit/engineer

YoE: 5

Tenure length: 6 months

Location: Canada, Remote

Salary: $200k

Company/Industry: research lab at big tech co

Education: msc stats

Prior Experience: mle/research engineer - nlp and later (and now) llms

Stock and/or recurring bonuses: 15% bonus, ~240k rsus 4 yr vest

Total comp: $290k",True,"Canada, Remote",Canada,,5 years YoE; MLE/research engineer - NLP and later (and now) LLMs,,,,,18tevwk,[Official] 2023 End of Year Salary Sharing thread,https://www.reddit.com/r/datascience/comments/18tevwk/official_2023_end_of_year_salary_sharing_thread/
True,Lead data scientist,Lead,1 year,185000.0,USD,,PhD statistics,15000.0,Recurring bonus: 8k,190000.0,m COL,t1_kfki534,https://www.reddit.com/r/datascience/comments/18tevwk/official_2023_end_of_year_salary_sharing_thread/kfki534/,t3_18tevwk,notfatalittlehusky,2023-12-30T16:15:31.000Z,3,"Title: Lead data scientist

Tenure length: 1 year

Location: US, remote (m COL)

Salary: 185k

Education: PhD statistics

Prior experience: ≈ 10 years research

Signing bonus: 15k

Recurring bonus: 8k

TC: ≈ 190,000",True,"US, remote (m COL)",United States,,≈ 10 years research,,,,,18tevwk,[Official] 2023 End of Year Salary Sharing thread,https://www.reddit.com/r/datascience/comments/18tevwk/official_2023_end_of_year_salary_sharing_thread/
True,Data Scientist,,4 months,130000.0,USD,Consultancy - industry keeps changing - right now client is a manufacturing firm.,MS in DS.,,NA,130000.0,"Remote: 1 day Office - but no one cares, but have to live in the Bay Area.",t1_kgi6g2j,https://www.reddit.com/r/datascience/comments/18tevwk/official_2023_end_of_year_salary_sharing_thread/kgi6g2j/,t3_18tevwk,leomatey,2024-01-05T23:04:32.000Z,3,"Title: Data Scientist  
Tenure length: 4 months  
Location: SF  
$Remote: 1 day Office - but no one cares, but have to live in the Bay Area.  
Salary: 130k  
Company/Industry: Consultancy - industry keeps changing - right now client is a manufacturing firm.  
Education: MS in DS.  
Prior Experience: 3 years as DS not in US.  
$Internship - Yes at a non profit.  
$Coop  
Relocation/Signing Bonus: NA  
Stock and/or recurring bonuses: NA  
Total comp: 130k",True,SF,United States,San Francisco,3 years as DS not in US.,True,,,,18tevwk,[Official] 2023 End of Year Salary Sharing thread,https://www.reddit.com/r/datascience/comments/18tevwk/official_2023_end_of_year_salary_sharing_thread/
True,Principal Data Scientist,Principal,"5.5 years at company, but only a couple months in current role",175000.0,USD,big retail / CPG,"BS EE, MS EE, dropout PhD EE (all but dissertation) from not-a-top state school",,"$100k RSU, ~20% cash bonus",310000.0,,t1_kfer8fq,https://www.reddit.com/r/datascience/comments/18tevwk/official_2023_end_of_year_salary_sharing_thread/kfer8fq/,t3_18tevwk,rajhm,2023-12-29T13:27:09.000Z,4,"Title: Principal Data Scientist

Tenure length: 5.5 years at company, but only a couple months in current role

Location: Southern US

Salary: $175k

Company/Industry: big retail / CPG

Education: BS EE, MS EE, dropout PhD EE (all but dissertation) from not-a-top state school

Prior Experience: none except academic research assistant work

Stock and/or recurring bonuses: $100k RSU, \~20% cash bonus

Total comp: \~$310k",,Southern US,United States,,none except academic research assistant work,,,,,18tevwk,[Official] 2023 End of Year Salary Sharing thread,https://www.reddit.com/r/datascience/comments/18tevwk/official_2023_end_of_year_salary_sharing_thread/
True,Data Scientist,Senior,5 years,182000.0,USD,M / G,MBA,35000.0,$110k/year RSUs (at respective grant prices). $30k performance bonus,322000.0,,t1_kffif9r,https://www.reddit.com/r/datascience/comments/18tevwk/official_2023_end_of_year_salary_sharing_thread/kffif9r/,t3_18tevwk,sailhard22,2023-12-29T16:36:17.000Z,4,"•	⁠Title: Senior Data Scientist

•	⁠Tenure length: 5 years

•	⁠Location: fully remote, based in New England

•	⁠Salary: $182k

•	⁠Company/Industry: M / G

•	⁠Education: MBA

•	⁠Prior Experience: 5 years in non-tech

•	⁠Relocation/Signing Bonus: $35k relocation + sign on

•	⁠Stock and/or recurring bonuses: $110k/year RSUs (at respective grant prices). $30k perf bonus

•	⁠Total comp: $322k",True,"fully remote, based in New England",United States,,5 years in non-tech,,,,,18tevwk,[Official] 2023 End of Year Salary Sharing thread,https://www.reddit.com/r/datascience/comments/18tevwk/official_2023_end_of_year_salary_sharing_thread/
True,Director,,4 yrs,175000.0,USD,Telecomms,BS Econ and MBA,,20% annual bonus; RSUs: 60K total with 5-year vesting (12K annually),222000.0,,t1_kfep4en,https://www.reddit.com/r/datascience/comments/18tevwk/official_2023_end_of_year_salary_sharing_thread/kfep4en/,t3_18tevwk,djw255,2023-12-29T13:08:35.000Z,2,"Title: Director
Tenure: 4 yrs
Location: Northeast US, MCOL
Salary: $175K
Industry: Telecomms
Education: BS Econ and MBA
Prior experience: 4 years mostly consulting
Bonus: 20%
RSU’s: 60K, 5 year vesting so 12K annually
Total: $222K",,"Northeast US, MCOL",United States,,4 years mostly consulting,,,,,18tevwk,[Official] 2023 End of Year Salary Sharing thread,https://www.reddit.com/r/datascience/comments/18tevwk/official_2023_end_of_year_salary_sharing_thread/
True,Data Scientist,,1 year,135000.0,,acquired startup in a very large co,quantitative social science PhD,10000.0,"Target 16k annual cash bonus and about 6k in stock bonuses, paid semiannually; this year likely no annual bonus due to company financials.",145000.0,"The work is great, but not happy with TC; market conditions are poor.",t1_kferhu8,https://www.reddit.com/r/datascience/comments/18tevwk/official_2023_end_of_year_salary_sharing_thread/kferhu8/,t3_18tevwk,Sorry-Owl4127,2023-12-29T13:29:23.000Z,2,"Title: Data Scientist 

Tenure length: 1 year

Location: MCOL, remote

Salary: 135k

Company/Industry: acquired startup in a very large co

Education: quantitative social science PhD

Prior experience: 1 year in SaaS startup, postdoc

Relocation/signing bonus: 10k

Stock/bonus: target of 16k annual bonus and about 6k in stock bonuses, semiannually. But this year probably no annual bonus due to company financials 

TC: without annual bonus, probably around 145k

The work is great, but I’m not happy with the TC. But the market sucks!",True,"MCOL, remote",,,"1 year in SaaS startup, postdoc",,,,,18tevwk,[Official] 2023 End of Year Salary Sharing thread,https://www.reddit.com/r/datascience/comments/18tevwk/official_2023_end_of_year_salary_sharing_thread/
True,,,,,,,,,401k match of 10% adds 13500,,,t1_kfesdms,https://www.reddit.com/r/datascience/comments/18tevwk/official_2023_end_of_year_salary_sharing_thread/kfesdms/,t3_18tevwk,Sorry-Owl4127,2023-12-29T13:36:52.000Z,5,"Should add 401k match is 10%, which adds a nice $13,500.",,,,,,,,,,18tevwk,[Official] 2023 End of Year Salary Sharing thread,https://www.reddit.com/r/datascience/comments/18tevwk/official_2023_end_of_year_salary_sharing_thread/
True,DS,Senior/Staff,2.5 years,193000.0,USD,Tier 1/2 tech,"MS in applied stats, BS in math (top school for MS)",10000.0,Stock: ~$100k per year; solid annual raises around $50k,295000.0,"Relocation paid for, valued at $40k. Other benefits: stock purchasing program, 401k match.",t1_kff1y7f,https://www.reddit.com/r/datascience/comments/18tevwk/official_2023_end_of_year_salary_sharing_thread/kff1y7f/,t3_18tevwk,nickytops,2023-12-29T14:50:13.000Z,2,"Title: Senior/Staff DS
Tenure: 2.5 years
Location: NYC
Salary: $193k
Industry: Tier 1/2 tech
Education: MS in applied stats, BS in math (top school for MS)
Prior experience: 1.5 years DS in ecom 
Relocation/signing: relocation paid for, valued at $40k. $10k signing
Stock: ~$100k per year, solid annual raises around $50k
TC: $295k 
Other benefits: stock purchasing program, 401k match",,NYC,United States,New York City,1.5 years DS in ecom,,,,,18tevwk,[Official] 2023 End of Year Salary Sharing thread,https://www.reddit.com/r/datascience/comments/18tevwk/official_2023_end_of_year_salary_sharing_thread/
True,Data Scientist,,~6 months,90000.0,USD,Defense,BS Industrial and Systems Engineering; finishing up MS in Analytics,,,90000.0,Bonus negligible,t1_kff2h6p,https://www.reddit.com/r/datascience/comments/18tevwk/official_2023_end_of_year_salary_sharing_thread/kff2h6p/,t3_18tevwk,ACLRoma,2023-12-29T14:53:56.000Z,2,"Title: Data Scientist

-Tenure length: ~6 months

-Location: North Florida

-Salary: 90k USD

-Industry: Defense

-Education: BS Industrial and Systems Engineering, finishing up Masters of Science in Analytics

-Prior experience: 2.5 years in engineering for the company although i was already doing all their data science work

-Bonus: negligible 

-Total Comp: ~90k USD",,North Florida,United States,,2.5 years in engineering for the company although i was already doing all their data science work,,,,,18tevwk,[Official] 2023 End of Year Salary Sharing thread,https://www.reddit.com/r/datascience/comments/18tevwk/official_2023_end_of_year_salary_sharing_thread/
True,Data Analyst,,8 months,125000.0,USD,Fintech,"T20 Undergrad Philosophy, MSc unrelated, T20 MBA",,"$12k, 4% IRA match",140000.0,,t1_kff31ez,https://www.reddit.com/r/datascience/comments/18tevwk/official_2023_end_of_year_salary_sharing_thread/kff31ez/,t3_18tevwk,LogicalPhallicsy,2023-12-29T14:57:51.000Z,2,"Title: Data Analyst

Tenure length: 8 months

Location: US South Major Metro

$Remote: No, hybrid

Salary: $125k

Company/Industry: Fintech

Education: T20 Undergrad Philosophy, MSc 

unrelated, T20 MBA 
Prior experience: no full time

$Internship: various. most recently major luxury automotive

$Coop

Relocation/Signing Bonus: n/a

Stock and/or recurring bonuses: $12k, 4% IRA match

Total comp: $140k",True,US South Major Metro,United States,,"no full time; internships: various, most recently major luxury automotive",True,,,,18tevwk,[Official] 2023 End of Year Salary Sharing thread,https://www.reddit.com/r/datascience/comments/18tevwk/official_2023_end_of_year_salary_sharing_thread/
True,Data Scientist,,~8 months,205000.0,USD,FinTech,"BA in Physics, MS in CS (OMSCS)",,$35k bonus,240000.0,"Hybrid schedule: 4 days in office, 1 day remote",t1_kffccah,https://www.reddit.com/r/datascience/comments/18tevwk/official_2023_end_of_year_salary_sharing_thread/kffccah/,t3_18tevwk,scun1995,2023-12-29T15:58:32.000Z,2,"Title: Data Scientist

* Tenure length: \~8 months
* Location: NYC
* Remote: 4 day office, 1 day remote
* Salary: $205k base
* Company/Industry: FinTech
* Education: BA in Physics, MS in CS (OMSCS)
* Prior Experience: \~5 years in analytics/data science
* Relocation/Signing Bonus: N/A
* Stock and/or recurring bonuses: $35k bonus
* Total comp: $240k",True,NYC,United States,New York City,~5 years in analytics/data science,,,,,18tevwk,[Official] 2023 End of Year Salary Sharing thread,https://www.reddit.com/r/datascience/comments/18tevwk/official_2023_end_of_year_salary_sharing_thread/
True,Senior Data Scientist,Senior,4 years,110000.0,USD,Public service; education,"MBA, focus in econometrics and big data",,,110000.0,"Manager of a small department of analysts and scientists. Benefits include excellent healthcare, pension, 5 weeks vacation, 2 weeks sick leave, and many holidays.",t1_kffceq0,https://www.reddit.com/r/datascience/comments/18tevwk/official_2023_end_of_year_salary_sharing_thread/kffceq0/,t3_18tevwk,dulyelectedmobster,2023-12-29T15:58:58.000Z,2,"Title:  Senior Data Scientist 

Tenure:  4 years

Salary: 110k

Location: Upper Midwest, US

Industry:  Public service; education 

Education:  MBA, focus in econometrics and big data

Prior Experience:  19yrs in education and consulting 

Total Comp:  110k

#

I'm also the manager of a small department of analysts and scientists. 

#

Additional benefits:  Excellent healthcare, pension, 5 weeks vacation plus 2 weeks sick plus a buttload of holidays",,"Upper Midwest, US",United States,,19 years in education and consulting,,,,,18tevwk,[Official] 2023 End of Year Salary Sharing thread,https://www.reddit.com/r/datascience/comments/18tevwk/official_2023_end_of_year_salary_sharing_thread/
True,Business Systems Data Analyst,,2 months,90170.0,USD,Educational non-profit,B.B.A. in Marketing; Masters in City Planning; M.S. in Data Science (May 2023),,,100000.0,"100% remote; no set work hours; 4 weeks paid organization-wide breaks; 15 days paid vacation; 10 days paid sick leave; 9 paid federal holidays; 80% premiums paid for health, dental, and vision insurance; 4% 401(K) match; employer-paid short- and long-term disability; paid parental leave; life insurance; flexible spending accounts. Employer follows pay transparency principles with listed salary and no negotiation. Levels exist within pay bands; process for leveling up is being developed. Organization is about 8 years old; role is on a new team. Manager is a first-time manager, communicative, and open to new ideas. Currently revamping data distribution across the organization; leading three org-wide surveys to enable deeper analyses. Beginning to formalize data policies and infrastructure; previously a grassroots operation.",t1_kfg7iwo,https://www.reddit.com/r/datascience/comments/18tevwk/official_2023_end_of_year_salary_sharing_thread/kfg7iwo/,t3_18tevwk,SDT2005,2023-12-29T19:07:02.000Z,2,"Title: Business Systems Data Analyst

Tenure length: 2 months

Location: Nashville, TN, USA (remote)

Salary: $90,170

Industry: Educational non-profit

Education: B.B.A. in Marketing; Masters in City Planning; M.S. in Data Science (May 2023)

Prior experience: 10 years working for the government in affordable house. Roles included data analysis. This is my first role after completing my Data Science degree.

Relocation/signing bonus: n/a

Stock and/or recurring bonuses: n/a

Total comp: ~$100,000

Additional: 100% remote; no set work hours; 4 weeks paid organization-wide breaks; 15 days paid vacation; 10 days paid sick leave; 9 paid federal holidays; 80% premiums paid for health, dental, and vision insurance; 4% 401(K) match; employer-paid short- and long-term disability; paid parental leave; life insurance; flexible spending accounts

My employer follows pay transparency principles. They list the salary up front and don’t negotiate. There are levels within each pay band, but they’re still working out how employees can level up.

The org is about 8 years old. I’m essentially working on a new team. My manager is a first-time manager. He hired me along with one other person who transferred from a different department. He’s very communicative and open to trying new ideas. I appreciate that.

I’ve only been here for two months, but I’m already working to revamp how data is distributed across the organization. I’m the lead on three org-wide surveys. It’ll be the first time they have enough bandwidth to conduct deeper analyses. I’m excited about that.

We’ll also start working to formalize our data policies and infrastructure. It’s been very much a  grassroots operation up until now.",True,"Nashville, TN, USA (remote)",United States,Nashville,10 years working for the government in affordable house. Roles included data analysis. This is my first role after completing my Data Science degree.,,,,,18tevwk,[Official] 2023 End of Year Salary Sharing thread,https://www.reddit.com/r/datascience/comments/18tevwk/official_2023_end_of_year_salary_sharing_thread/
True,Data Scientist,,8 years,100000.0,CAD,Medical R&D,PhD Neuroscience,,"Founding stock, still pre-IPO",,Stats-obsessed neuroscientist; co-founded a medical hardware startup. Role is remote-friendly but mostly in office by personal preference.,t1_kfgb7z7,https://www.reddit.com/r/datascience/comments/18tevwk/official_2023_end_of_year_salary_sharing_thread/kfgb7z7/,t3_18tevwk,mikelwrnc,2023-12-29T19:29:31.000Z,2,"I’m a weird case; stats-obsessed neuroscientist that co-founded a medical hardware startup.

**Title:** Data Scientist

* **Tenure length:** 8 years
* **Location:** Canada
   * **$Remote:** Remote-friendly but mostly office by preference 
* **Salary:** $100k CAD
* **Company/Industry:** Medical R&amp;D
* **Education:** PhD Neuroscience
* **Prior Experience:** lots of statistics consulting in academia, teaching graduate stats to psychologists/neuroscientists
   * **$Internship** None
   * **$Coop** None
* **Relocation/Signing Bonus:** None
* **Stock and/or recurring bonuses:** founding stock, still pre-IPO
* **Total comp:** ??",True,Canada,Canada,,Lots of statistics consulting in academia; taught graduate statistics to psychologists/neuroscientists,False,False,,,18tevwk,[Official] 2023 End of Year Salary Sharing thread,https://www.reddit.com/r/datascience/comments/18tevwk/official_2023_end_of_year_salary_sharing_thread/
True,postdoctoral fellow,,1 year,74000.0,USD,"UMich, AI/ML/bio","PhD Computer Science & Ecology/Evolutionary Biology, BS Mathematics & Computer Science",,,,,t1_kfgk52c,https://www.reddit.com/r/datascience/comments/18tevwk/official_2023_end_of_year_salary_sharing_thread/kfgk52c/,t3_18tevwk,mmore500,2023-12-29T20:23:39.000Z,2,"title: postdoctoral fellow

tenure length: 1 year

location: Ann Arbor, MI

salary: 74k

company/industry: UMich, AI/ML/bio

Education: PhD Computer Science &amp; Ecology/Evolutionary Biology, BS Mathematics &amp; Computer Science",,"Ann Arbor, MI",United States,Ann Arbor,,,,,,18tevwk,[Official] 2023 End of Year Salary Sharing thread,https://www.reddit.com/r/datascience/comments/18tevwk/official_2023_end_of_year_salary_sharing_thread/
True,Data Scientist,,8 months,95000.0,USD,Government,"BS in Political Science, MA in Political Science (Fields: Public Policy, Research Methodology)",,,95000.0,,t1_kfgu9ww,https://www.reddit.com/r/datascience/comments/18tevwk/official_2023_end_of_year_salary_sharing_thread/kfgu9ww/,t3_18tevwk,TheDivineJudicator,2023-12-29T21:26:07.000Z,2,"Title: Data Scientist 

Tenure length: 8 months

Salary: 95k USD

Company/Industry: Government

Education: BS in Political Science, MA in Political Science (Fields: Public Policy, Research Methodology)

Prior Experience: 1 year as a data analyst at the same company. 1.5 years as an RA at a very well known think tank (if you’re in policy process and disaster stuff). 1 year as a TA teaching statistics and government.

Relocation/Signing Bonus: NA

Stock and/or reoccurring bonuses: NA

TC: 95k",,,,,1 year as a data analyst at the same company; 1.5 years as a research assistant at a well-known think tank (policy process and disaster); 1 year as a teaching assistant teaching statistics and government,,,,,18tevwk,[Official] 2023 End of Year Salary Sharing thread,https://www.reddit.com/r/datascience/comments/18tevwk/official_2023_end_of_year_salary_sharing_thread/
True,data engineering analyst,,2.5 years,78000.0,CAD,Banking,B.Admin concentration in business technologies,,Target bonus 10% of salary; flexible depending on performance,90000.0,Hybrid: remote most of the time with 2 days per month in office,t1_kfhgha2,https://www.reddit.com/r/datascience/comments/18tevwk/official_2023_end_of_year_salary_sharing_thread/kfhgha2/,t3_18tevwk,barahona44,2023-12-29T23:51:26.000Z,2,"Title: data engineering analyst

Tenure: 2.5 years

Remote: Most of the time. 2 days per month in office

Location: Montréal

Salary: 78k CAD

Company: Banking

Education: B.Admin concentration in business technologies

Prior experience: Besides working non-analytical roles, none.

Stock and other bonuses: 10% of salary target. Flexible depending on performance

TC: This year, 90k",True,Montréal,Canada,Montreal,None (besides non-analytical roles),,,,,18tevwk,[Official] 2023 End of Year Salary Sharing thread,https://www.reddit.com/r/datascience/comments/18tevwk/official_2023_end_of_year_salary_sharing_thread/
True,Data Scientist,Staff/Manager,3 years,230000.0,,Gaming,"CS BS, Biotech PhD and Postdoc",0.0,"35k cash bonus, 0 RSU or stocks",265000.0,Role comparable to Amazon L6 Applied Scientist; 80% remote (hybrid).,t1_kfkrow5,https://www.reddit.com/r/datascience/comments/18tevwk/official_2023_end_of_year_salary_sharing_thread/kfkrow5/,t3_18tevwk,whoji,2023-12-30T17:16:20.000Z,2,"Title: Data Scientist (Staff/ Manager, similar to Amazon L6 Applied Scientist)  
  
Tenure length: 3 Years  
  
Location: HCOL with 80% Remote  
  
Salary: $230k  
  
Company/Industry: Gaming  
  
Education: CS BS, Biotech PhD and Postdoc  
  
Prior Experience: 20 YOE if counting PhD+Postdoc time if not then just 6 years (yea i know...)  
  
Relocation/Signing Bonus: N/A  
  
Stock and/or recurring bonuses: 35k cash bonus, 0 RSU or stocks  
  
Total comp: $265",True,HCOL with 80% Remote,,,20 YOE if counting PhD+Postdoc time; if not then 6 years,,,,,18tevwk,[Official] 2023 End of Year Salary Sharing thread,https://www.reddit.com/r/datascience/comments/18tevwk/official_2023_end_of_year_salary_sharing_thread/
True,Principal Data Scientist,Principal,year 5 at the same company,160000.0,USD,Financial services,MS statistics/data science,,Bonus eligible: 35% (was 25% before promotion). Recurring 2-year delayed retention bonus of about 10–15k pretax annually.,220000.0,"Promoted at end of the year; figures shown as old comp (2024 comp). Old comp: base 140k, total comp ~175k. Good benefits: employer finished paying off student loans last year; good health, dental, and vision insurance for self and spouse.",t1_kga44rv,https://www.reddit.com/r/datascience/comments/18tevwk/official_2023_end_of_year_salary_sharing_thread/kga44rv/,t3_18tevwk,ds2019_sharing,2024-01-04T14:20:39.000Z,2,"Got promoted at the end of the year, so format is  old comp (2024 comp)

Title: senior data scientist (principal data scientist)

Tenure length: year 5 at the same company

Location: Boston / hybrid

Salary: base $140k ($160k)

Company/Industry: Financial services

Education: MS statistics/ data science

Prior Experience: used to be a high school math teacher. Summer internship + part-time with same company prior to full-time

Relocation/Signing Bonus: N/A

Stock and/or recurring bonuses: 25% bonus eligible (35%). Also been getting what's basically a 2yr delayed retention bonus every year, comes to about $10-15k pretax

Total comp: $175k (est $220k next year) plus good benefits (employer finished paying off my student loans last year, good health + dental + vision insurance for myself and wife)",True,Boston / hybrid,United States,Boston,Used to be a high school math teacher; summer internship + part-time with same company prior to full-time,True,,,,18tevwk,[Official] 2023 End of Year Salary Sharing thread,https://www.reddit.com/r/datascience/comments/18tevwk/official_2023_end_of_year_salary_sharing_thread/
True,Analytics,,,200000.0,CAD,Tech,BS STEM,,Equity (Paper $$$),300000.0,,t1_kgicdus,https://www.reddit.com/r/datascience/comments/18tevwk/official_2023_end_of_year_salary_sharing_thread/kgicdus/,t3_18tevwk,slutsky22,2024-01-05T23:41:37.000Z,2,"Title: Analytics  
Location: Canada (Remote)  
Salary: 200K CAD  
Company/Industry: Tech  
Education: BS STEM  
Prior Experience: 4 yoe in analytics  
Other Bonuses: Equity (Paper $$$)  
Total Comp: 300K CAD",True,Canada (Remote),Canada,,4 yoe in analytics,,,,,18tevwk,[Official] 2023 End of Year Salary Sharing thread,https://www.reddit.com/r/datascience/comments/18tevwk/official_2023_end_of_year_salary_sharing_thread/
True,ML Ops Engineer,,"1 year in the role, 3 at the company",140000.0,USD,FinTech,"BS in Math, Masters in Math Ed, Bootcamp",5000.0,15% annual bonus,161000.0,,t1_kh679lp,https://www.reddit.com/r/datascience/comments/18tevwk/official_2023_end_of_year_salary_sharing_thread/kh679lp/,t3_18tevwk,p739397,2024-01-10T06:06:07.000Z,2,"**Title:** ML Ops Engineer 
* **Tenure length:** 1 year in the role, 3 at the company
* **Location:** Chicago company (Remote)
* **Salary:** 140k base
* **Company/Industry:** FinTech
* **Education:** BS in Math, Masters in Math Ed, Bootcamp
* **Prior Experience:** Taught High School Math and Stats for 6 years
* **Relocation/Signing Bonus:** 5k signing
* **Stock and/or recurring bonuses:** 15% annual bonus
* **Total comp:** OTE 161K",True,Chicago company (Remote),United States,Chicago,Taught High School Math and Stats for 6 years,,,,,18tevwk,[Official] 2023 End of Year Salary Sharing thread,https://www.reddit.com/r/datascience/comments/18tevwk/official_2023_end_of_year_salary_sharing_thread/
True,Principal Data Scientist,Principal,2 years,194000.0,USD,Old big tech,MS in Statistics (PhD in CS in progress),40000.0,$35k stock and/or recurring bonuses,229000.0,Total compensation specified for year 3; signing bonus paid in year 1.,t1_kfimeoh,https://www.reddit.com/r/datascience/comments/18tevwk/official_2023_end_of_year_salary_sharing_thread/kfimeoh/,t3_18tevwk,zebutto,2023-12-30T04:55:04.000Z,1,"**Title:** Principal Data Scientist

* **Tenure length:** 2 years
* **Location:** Remote, Midwest USA
* **Salary:** $194k
* **Company/Industry:** Old big tech
* **Education:** MS in Statistics (PhD in CS in progress)
* **Prior Experience:** 9 YOE total
* **Relocation/Signing Bonus:** $40k signing (in year 1)
* **Stock and/or recurring bonuses:** $35k
* **Total comp:** ~$229k in year 3",True,"Remote, Midwest USA",United States,,9 YOE total,,,,,18tevwk,[Official] 2023 End of Year Salary Sharing thread,https://www.reddit.com/r/datascience/comments/18tevwk/official_2023_end_of_year_salary_sharing_thread/
True,Lead Data Scientist,Lead,4.5 years,38000.0,USD,US based Analytics Services Firm,,,Annual bonus: 0; Stocks allocated but not listed on any exchange,38000.0,,t1_kfnp9f3,https://www.reddit.com/r/datascience/comments/18tevwk/official_2023_end_of_year_salary_sharing_thread/kfnp9f3/,t3_18tevwk,Gowty_Naruto,2023-12-31T04:35:31.000Z,1,"Title: Lead Data Scientist
Tenure: 4.5 years
Prior Experience: 1.5 years as MLE in a Startup
Location: India 
Salary: $38,000
Bonus: 0
Stocks: Allocated, but not listed yet in Any Exchange.
Org: US based Analytics Services Firm.",,India,India,,1.5 years as MLE in a Startup,,,,,18tevwk,[Official] 2023 End of Year Salary Sharing thread,https://www.reddit.com/r/datascience/comments/18tevwk/official_2023_end_of_year_salary_sharing_thread/
True,Senior Data Scientist,Senior,< 1yr,180000.0,USD,Tech/Healthcare,BS Data Science,0.0,~USD $40K,220000.0,,t1_kj986v8,https://www.reddit.com/r/datascience/comments/18tevwk/official_2023_end_of_year_salary_sharing_thread/kj986v8/,t3_18tevwk,stringsnswings,2024-01-23T21:34:44.000Z,2,"Title: Senior Data Scientist

Tenure length: &lt; 1yr

Location: Northeast US

Remote: full remote

Salary: USD $180K

Company/Industry: Tech/Healthcare

Education: BS Data Science

Prior Experience: ~5 yrs as DS/Senior DS

Relocation/Signing Bonus: none

Stock and/or recurring bonuses: ~USD $40K

Total comp: USD ~$220K",True,Northeast US,United States,,~5 yrs as DS/Senior DS,,,,,18tevwk,[Official] 2023 End of Year Salary Sharing thread,https://www.reddit.com/r/datascience/comments/18tevwk/official_2023_end_of_year_salary_sharing_thread/
True,senior data scientist,Senior,5 years,130000.0,AUD,utilities,Phd in AI,,none,130000.0,,t1_kg1frc6,https://www.reddit.com/r/datascience/comments/18tevwk/official_2023_end_of_year_salary_sharing_thread/kg1frc6/,t3_18tevwk,[deleted],2024-01-02T22:13:14.000Z,1,"Title: senior data scientist

Tenure length: 5 years

Location: AU/NZ

$Remote: nil

Salary: AUD$130k

Company/Industry: utilities

Education: Phd in AI

Prior Experience: system/database admin and data engineer

Relocation/Signing Bonus: none

Stock and/or recurring bonuses: none

Total comp: AUD$130k",,AU/NZ,Australia Or New Zealand,,system/database admin and data engineer,,,,,18tevwk,[Official] 2023 End of Year Salary Sharing thread,https://www.reddit.com/r/datascience/comments/18tevwk/official_2023_end_of_year_salary_sharing_thread/
True,"Manager, Risk Strategy & Policy (Data Science)",Manager,6 Months,110000.0,USD,Fintech,Bachelors in Electrical Engineering,,,,,t1_kfyslqr,https://www.reddit.com/r/datascience/comments/18tevwk/official_2023_end_of_year_salary_sharing_thread/kfyslqr/,t3_18tevwk,Nolanexpress,2024-01-02T11:51:24.000Z,1,"Title: Manager, Risk Strategy &amp; Policy (Data Science)

Tenure length: 6 Months

Location: Florida/Remote

Salary: $110,000

Company/Industry: Fintech

Education: Bachelors in Electrical Engineering

Prior Experience: 2 years as a data analyst at a tax software company",True,Florida/Remote,United States,,2 years as a data analyst at a tax software company,,,,,18tevwk,[Official] 2023 End of Year Salary Sharing thread,https://www.reddit.com/r/datascience/comments/18tevwk/official_2023_end_of_year_salary_sharing_thread/
True,Principal Data Scientist,Principal,1 year in current role,215000.0,USD,Fintech startup,MS Physics,,Equity and 401k,215000.0,,t1_kfhum0n,https://www.reddit.com/r/datascience/comments/18tevwk/official_2023_end_of_year_salary_sharing_thread/kfhum0n/,t3_18tevwk,rengenin,2023-12-30T01:28:26.000Z,1,"**Title**: Principal Data Scientist 

**Tenure length**: 1 year in current role
 
**Location**: US (remote)

**Salary**: 215k

**Company/Industry**: Fintech startup 

**Education**: MS Physics

**Prior experience**: almost 8 years as a DS, with about 6 in my current industry

**Other bonuses**: Equity and 401k

**Total Comp**: 215k",True,US (remote),United States,,"almost 8 years as a DS, with about 6 in my current industry",,,,,18tevwk,[Official] 2023 End of Year Salary Sharing thread,https://www.reddit.com/r/datascience/comments/18tevwk/official_2023_end_of_year_salary_sharing_thread/
True,Data Engineer,,,82000.0,USD,Mortgage and Insurance risk,"MS in Data Science, BS in Geography and Spatial Data Science",,,82000.0,,t1_kfiom66,https://www.reddit.com/r/datascience/comments/18tevwk/official_2023_end_of_year_salary_sharing_thread/kfiom66/,t3_18tevwk,Semesto,2023-12-30T05:14:24.000Z,1,"Title: Data Engineer 

Location: Austin, TX (Remote)

Salary: $82k

Company/Industry: Mortgage and Insurance risk

Education: MS in Data Science, BS in Geography and Spatial Data Science 

Prior Experience: 1.5 years as Data Scientist

Total Comp: $82k",True,"Austin, TX (Remote)",United States,Austin,1.5 years as Data Scientist,,,,,18tevwk,[Official] 2023 End of Year Salary Sharing thread,https://www.reddit.com/r/datascience/comments/18tevwk/official_2023_end_of_year_salary_sharing_thread/
True,Data Scientist I,I,1.5 years,120000.0,,Banking,"BS Accounting, MS Tech",,Stock ~ 1k; Bonus 2k,123000.0,Hybrid work arrangement; location listed only as HCOL,t1_kjr85si,https://www.reddit.com/r/datascience/comments/18tevwk/official_2023_end_of_year_salary_sharing_thread/kjr85si/,t3_18tevwk,Old-Ad1152,2024-01-27T02:56:14.000Z,1,"

**Title:** Data Scientist I

* **Tenure length:** 1.5 years
* **Location:** HCOL
   * **$Remote:** Hybrid
* **Salary:** 120k
* **Company/Industry:** Banking
* **Education:** BS Accounting MS Tech
* **Prior Experience:** None full time
   * **$Internship** 3 Finance Internships
   * **$Coop**
* **Relocation/Signing Bonus:** None
* **Stock and/or recurring bonuses:** Stock ~ 1k Bonus 2k
* **Total comp:** 123k",True,HCOL,,,None full time; 3 Finance Internships,True,,,,18tevwk,[Official] 2023 End of Year Salary Sharing thread,https://www.reddit.com/r/datascience/comments/18tevwk/official_2023_end_of_year_salary_sharing_thread/
True,Data Analyst (Internal Audit),,N/A (Starting Jan 2nd),75000.0,USD,Large Financial Services,"BS Economics, MS Analytics",,7% bonus,80000.0,,t1_kfmzpj3,https://www.reddit.com/r/datascience/comments/18tevwk/official_2023_end_of_year_salary_sharing_thread/kfmzpj3/,t3_18tevwk,MacDubhsidhe,2023-12-31T01:40:42.000Z,1,"Title: Data Analyst (Internal Audit)

Tenure length: N/A (Starting Jan 2nd)

Location: HCOL West Coast (Hybrid)

Salary: $75k

Company/Industry: Large Financial Services 

Education: BS Economics, MS Analytics

Prior Experience: 1 Year as Customer Service/Operations Analyst (mostly non-technical while trying to do as much technical work as possible,  e.g. SQL queries and Excel Macros)

Other Bonuses: 7%

Total Comp: ~80k",True,HCOL West Coast (Hybrid),United States,,1 Year as Customer Service/Operations Analyst (mostly non-technical; some SQL queries and Excel Macros),,,,,18tevwk,[Official] 2023 End of Year Salary Sharing thread,https://www.reddit.com/r/datascience/comments/18tevwk/official_2023_end_of_year_salary_sharing_thread/
True,Data Scientist-Business Intelligence Engineer,,0.5 Years,90000.0,USD,Tax and Accounting Tech,BA Math and Music,,,90000.0,,t1_kfk22km,https://www.reddit.com/r/datascience/comments/18tevwk/official_2023_end_of_year_salary_sharing_thread/kfk22km/,t3_18tevwk,[deleted],2023-12-30T14:20:58.000Z,1,"Title: Data Scientist-Business Intelligence Engineer

Tenure length: 0.5 Years

Location: US (Remote)

Salary: $90,000

Company/Industry: Tax and Accounting Tech

Education: BA Math and Music

Prior Experience: Data Scientist at a startup, 1 Year; Implementation Consultant, 1 Year (same company)

Relocation/Signing Bonus: n/a

Stock and/or recurring bonuses: n/a

Total comp: $90,000",True,US (Remote),United States,,"Data Scientist at a startup, 1 Year; Implementation Consultant, 1 Year (same company)",,,,,18tevwk,[Official] 2023 End of Year Salary Sharing thread,https://www.reddit.com/r/datascience/comments/18tevwk/official_2023_end_of_year_salary_sharing_thread/
True,Algorithm Engineer/ Data Scientist,,,110000.0,USD,Defense Contracting,Masters of Sci. Electrical Engineering,3000.0,N/A,113000.0,,t1_kfgr7xi,https://www.reddit.com/r/datascience/comments/18tevwk/official_2023_end_of_year_salary_sharing_thread/kfgr7xi/,t3_18tevwk,Magic_Jawn,2023-12-29T21:07:07.000Z,0,"Title: Algorithm Engineer/ Data Scientist

Location: Boston, MA

Salary: $110k

Company/Industry: Defense Contracting

Education: Masters of Sci. Electrical Engineering

Prior Experience: Internship &amp; Grad Research

Sign on Bonus: $3K

Stock: N/A

Total Comp: $113K",,"Boston, MA",United States,Boston,Internship & Grad Research,True,,,,18tevwk,[Official] 2023 End of Year Salary Sharing thread,https://www.reddit.com/r/datascience/comments/18tevwk/official_2023_end_of_year_salary_sharing_thread/
True,Data Scientist,,2 years,130000.0,,OEM Fortune 500,PhD,,21k bonus; 16k 401k match; no stock,167000.0,Total comp reported as '167k + other great benefits'.,t1_l3xfw51,https://www.reddit.com/r/datascience/comments/18tevwk/official_2023_end_of_year_salary_sharing_thread/l3xfw51/,t3_18tevwk,Silent_Future4174,2024-05-13T23:54:52.000Z,1,"Title: Data Scientist

* Tenure length: 2 years
* Location: Remote
* Salary: 130k (base) + 21k (bonus) + 16k (401k match)
* Company/Industry: OEM Fortune 500
* Education: PhD
* Prior Experience: Not much just PhD
* Relocation/Signing Bonus: NA
* Stock and/or recurring bonuses: NA
* Total comp: 167k + other great benefits",True,Remote,,,Not much just PhD,,,,,18tevwk,[Official] 2023 End of Year Salary Sharing thread,https://www.reddit.com/r/datascience/comments/18tevwk/official_2023_end_of_year_salary_sharing_thread/
True,Epic BI Developer,,"2 years (with company, 6 months in current role)",91000.0,USD,Healthcare,Associates in general studies; in final year of BBA MIS,0.0,$0,91000.0,,t1_kifkn9b,https://www.reddit.com/r/datascience/comments/18tevwk/official_2023_end_of_year_salary_sharing_thread/kifkn9b/,t3_18tevwk,No-Teach2627,2024-01-18T13:34:12.000Z,1,"Title: Epic BI Developer

Tenure: 2 years (with company, 6 months in current role)

Salary: $91k

Location: North Georgia

Industry: Healthcare

Education: Assocites in general studies. In final year of BBA MIS. 

Experience: 4 years of logistics analytics/ 4 years in military

Relocation/Signing Bonus: N/A

Stock/Recurring Bonus: $0

TC: $91k",,North Georgia,United States,,4 years of logistics analytics; 4 years in military,,,,,18tevwk,[Official] 2023 End of Year Salary Sharing thread,https://www.reddit.com/r/datascience/comments/18tevwk/official_2023_end_of_year_salary_sharing_thread/
True,Data Scientist,,1.5 year,128000.0,USD,Small HealthTech Company,BS & MA Mathematics,,Equity,130000.0,,t1_kfkgyw0,https://www.reddit.com/r/datascience/comments/18tevwk/official_2023_end_of_year_salary_sharing_thread/kfkgyw0/,t3_18tevwk,truthisoptional,2023-12-30T16:07:45.000Z,1,"Title: Data Scientist

Tenure length: 1.5 year

Location: Texas (Remote)

Salary: 128K

Company/Industry: Small HealthTech Company

Education: BS &amp; MA Mathematics

Prior Experience: 3 years DA

Other Bonuses: Equity

Total Comp: 130k",True,Texas (Remote),United States,,3 years DA,,,,,18tevwk,[Official] 2023 End of Year Salary Sharing thread,https://www.reddit.com/r/datascience/comments/18tevwk/official_2023_end_of_year_salary_sharing_thread/
True,Junior Data Scientist / Developer,Junior,1 yr 3 mo,60000.0,USD,Very small clinical NLP company,"Bachelors Degree in Data Science, minor in Cognitive Science",,,60000.0,shitty healthcare plan,t1_kfi1chx,https://www.reddit.com/r/datascience/comments/18tevwk/official_2023_end_of_year_salary_sharing_thread/kfi1chx/,t3_18tevwk,MayorPrentiss,2023-12-30T02:16:00.000Z,1,"Title: Junior Data Scientist / Developer  
Tenure length: 1 yr 3 mo  
Location: California (Remote to NJ)  
Salary: 60k  
Company/Industry: Very small clinical NLP company  
Education: Bachelors Degree in Data Science, minor in Cognitive Science  
Prior Experience: NONE  
Other Bonuses: shitty healthcare plan  
Total Comp: 60k",True,California (Remote to NJ),United States,,NONE,,,,,18tevwk,[Official] 2023 End of Year Salary Sharing thread,https://www.reddit.com/r/datascience/comments/18tevwk/official_2023_end_of_year_salary_sharing_thread/
True,Data Scientist,,2 Years,115000.0,USD,Aerospace/Defense,BS Criminal Justice,,None,115000.0,,t1_kfozsxh,https://www.reddit.com/r/datascience/comments/18tevwk/official_2023_end_of_year_salary_sharing_thread/kfozsxh/,t3_18tevwk,[deleted],2023-12-31T13:11:22.000Z,1,"Title: Data Scientist

Tenure Length: 2 Years

Location: United States (Florida) 

Salary: 115k
 
Company/Industry: Aerospace/Defense

Education: BS Criminal Justice

Prior Experience: 5 Years Data Analyst (Military)

Other Bonuses: None

Total Comp: 115k",,United States (Florida),United States,,5 Years Data Analyst (Military),,,,,18tevwk,[Official] 2023 End of Year Salary Sharing thread,https://www.reddit.com/r/datascience/comments/18tevwk/official_2023_end_of_year_salary_sharing_thread/
True,Senior Data Scientist,Senior,6 months,180000.0,USD,Small Defense Contractor,BS Quant Finance & Mathematics,,,180000.0,,t1_kffxfjy,https://www.reddit.com/r/datascience/comments/18tevwk/official_2023_end_of_year_salary_sharing_thread/kffxfjy/,t3_18tevwk,[deleted],2023-12-29T18:06:47.000Z,1,"Title: Senior Data Scientist 

Tenure length: 6 months

Location: East Coast USA (Hybrid)

Salary: 180k

Company/Industry: Small Defense Contractor

Education: BS Quant Finance &amp; Mathematics

Prior Experience: 2 years as a DS

Total Comp: 180k",True,East Coast USA (Hybrid),United States,,2 years as a DS,,,,,18tevwk,[Official] 2023 End of Year Salary Sharing thread,https://www.reddit.com/r/datascience/comments/18tevwk/official_2023_end_of_year_salary_sharing_thread/
True,,,5+ yrs,125000.0,,Insurance (life),MS Applied maths/ stats,,12% target annual bonus (target varies by level; higher level → higher %).,140000.0,Hybrid in office 1–3 days per week. LCOL area in a medium-sized city.,t1_kjkwz4a,https://www.reddit.com/r/datascience/comments/18tevwk/official_2023_end_of_year_salary_sharing_thread/kjkwz4a/,t3_18tevwk,[deleted],2024-01-25T23:41:44.000Z,1,"Fantastic thread. Just saw this a bit late, but gonna post anyway.

Tenure length: 5+ yrs

LCOL area in medium size city

Hybrid in office 1-3 days/ wk

Salary: $125k

Insurance, life

MS Applied maths/ stats

Prior experience: actuarial and stats analyst positions in same industry, 20 yrs total work experience - prior veteran/gov

Bonuses: 12% (target changes based on level - higher level get higher target %)

TC: $140k",True,LCOL area in medium size city,,,Actuarial and stats analyst positions in same industry; 20 yrs total work experience; prior veteran/gov,,,,,18tevwk,[Official] 2023 End of Year Salary Sharing thread,https://www.reddit.com/r/datascience/comments/18tevwk/official_2023_end_of_year_salary_sharing_thread/
True,Data Scientist,Senior,4 1/2 years,104000.0,USD,supply chain,bs in engineering,5000.0,15% bonus,119600.0,,t1_kfhcvlj,https://www.reddit.com/r/datascience/comments/18tevwk/official_2023_end_of_year_salary_sharing_thread/kfhcvlj/,t3_18tevwk,Big_Low6409,2023-12-29T23:26:39.000Z,1,"Title: Senior data scientist

• tenure length: 4 1/2 years

• location: Pittsburgh (remote)

• salary: 104,000

• company/industry: supply chain

• education: bs in engineering

• prior experience: 1 year as software engineer

• relocation/signing bonus: 5k

• stock and/or recurring bonus: 15% bonus

• Total comp: 119,600",True,Pittsburgh (remote),United States,Pittsburgh,1 year as software engineer,,,,,18tevwk,[Official] 2023 End of Year Salary Sharing thread,https://www.reddit.com/r/datascience/comments/18tevwk/official_2023_end_of_year_salary_sharing_thread/
True,Product Analyst,,2 years,80000.0,USD,Online Used Car Retailer,"BS Economics & Mathematics, MS Business Analytics",,None,80000.0,,t1_kff32m5,https://www.reddit.com/r/datascience/comments/18tevwk/official_2023_end_of_year_salary_sharing_thread/kff32m5/,t3_18tevwk,Pinksunset,2023-12-29T14:58:05.000Z,1,"Title: Product Analyst

Tenure length: 2 years

Location: Phoenix, AZ

Salary: 80k

Company/Industry: Online Used Car Retailer

Education: BS Economics &amp; Mathematics, MS Business Analytics

Prior Experience: 6 Years in Analytics

Other Bonuses: None

Total Comp: 80k",,"Phoenix, AZ",United States,Phoenix,6 Years in Analytics,,,,,18tevwk,[Official] 2023 End of Year Salary Sharing thread,https://www.reddit.com/r/datascience/comments/18tevwk/official_2023_end_of_year_salary_sharing_thread/
True,Data Scientist,,1 yr,90000.0,USD,Biotech,MS (Biology),,5% bonus depending on company performance,93000.0,,t1_kffaif4,https://www.reddit.com/r/datascience/comments/18tevwk/official_2023_end_of_year_salary_sharing_thread/kffaif4/,t3_18tevwk,AngryDuckling1,2023-12-29T15:47:01.000Z,1,"Title: Data Scientist

Tenure Length: 1 yr

Location: SF (Remote)

Salary: 90k

Industry: Biotech

Education: MS (Biology)

Prior Experience: Data Scientist 1 year

Relocation/Signing bonus: N/A

Bonus: 5% (depending on company performance)

Total Comp: 93k",True,SF (Remote),United States,San Francisco,Data Scientist 1 year,,,,,18tevwk,[Official] 2023 End of Year Salary Sharing thread,https://www.reddit.com/r/datascience/comments/18tevwk/official_2023_end_of_year_salary_sharing_thread/
True,Senior Data Scientist,Senior,2.5 years,,USD,Cyber technology,Stats master from top university,,No bonus; some stocks that are currently just paper money,175000.0,Company size: mid size. Company is profitable; survived multiple rounds of layoffs before it became profitable.,t1_kff6aq2,https://www.reddit.com/r/datascience/comments/18tevwk/official_2023_end_of_year_salary_sharing_thread/kff6aq2/,t3_18tevwk,[deleted],2023-12-29T15:19:51.000Z,1,"Title: Senior Data Scientist  
Tenure length: 2.5 years  
Yeo: 4 as an analyst (official job title was researcher) +3 as a DS  
Education: Stats master from top university  
Total salary: 175k usd, no bonus, some stocks that are currently just paper money  
Location: ny, us  
Industry: Cyber technology  
Company size: mid size.  
  

- company is profitable, survived multiple rounds of layoffs before it became profitable.",,"ny, us",United States,,4 years as an analyst (official job title was researcher) + 3 years as a Data Scientist,,,,,18tevwk,[Official] 2023 End of Year Salary Sharing thread,https://www.reddit.com/r/datascience/comments/18tevwk/official_2023_end_of_year_salary_sharing_thread/
True,Service specialist,,3 months,56000.0,USD,Danhar,High school,1500.0,,57500.0,,t1_kfhgp96,https://www.reddit.com/r/datascience/comments/18tevwk/official_2023_end_of_year_salary_sharing_thread/kfhgp96/,t3_18tevwk,Ok_Investment9486,2023-12-29T23:52:55.000Z,1,"Title: Service specialist 
• Tenure length: 3 months
• Location: USA
• $Remote: Hybrid
• Salary: $56,000
• Company/Industry: Danhar
• Education: High school 
• Prior Experience: Medical field 
• $Internship: None 
• $Coop: None 
• Relocation/Signing Bonus: $1500
• Stock and/or recurring bonuses: 
• Total comp: $57,500",True,USA,United States,,Medical field,False,False,,,18tevwk,[Official] 2023 End of Year Salary Sharing thread,https://www.reddit.com/r/datascience/comments/18tevwk/official_2023_end_of_year_salary_sharing_thread/
True,Data Scientist,,3 months,135000.0,USD,Small tech company,MS Stats,,,,,t1_kfndwjy,https://www.reddit.com/r/datascience/comments/18tevwk/official_2023_end_of_year_salary_sharing_thread/kfndwjy/,t3_18tevwk,[deleted],2023-12-31T03:15:34.000Z,1,"Title: Data Scientist
Location: Boise (Remote)
Tenure: 3 months
Salary: $135k
Industry: Small tech company
Education: MS Stats
Prior: 4 years DS, 3 years DA",True,Boise (Remote),United States,Boise,"4 years DS, 3 years DA",,,,,18tevwk,[Official] 2023 End of Year Salary Sharing thread,https://www.reddit.com/r/datascience/comments/18tevwk/official_2023_end_of_year_salary_sharing_thread/
True,Principal Data Scientist,Principal,2 years,160000.0,USD,Healthcare startup,BA Sociology,,Equity,210000.0,Company located in Tennessee; employee located in upstate New York; remote role.,t1_kfsiu5q,https://www.reddit.com/r/datascience/comments/18tevwk/official_2023_end_of_year_salary_sharing_thread/kfsiu5q/,t3_18tevwk,dmorris87,2024-01-01T03:48:49.000Z,1,"Title: Principal Data Scientist

Tenure length: 2 years

Location: US (Remote, located in upstate NY, company in TN)

Salary: 160k

Company/Industry: Healthcare startup

Education: BA Sociology

Prior Experience: 4 years DS, 2 years DA in health insurance

Other Bonuses: Equity

Total Comp: 210k",True,"US (Remote, located in upstate NY, company in TN)",United States,,"4 years DS, 2 years DA in health insurance",,,,,18tevwk,[Official] 2023 End of Year Salary Sharing thread,https://www.reddit.com/r/datascience/comments/18tevwk/official_2023_end_of_year_salary_sharing_thread/
True,Data Analyst,,2.5 years,112000.0,USD,Advertising,MS in Math,5000.0,22k (estimate based on actual previous bonuses),134000.0,,t1_kfgbgsg,https://www.reddit.com/r/datascience/comments/18tevwk/official_2023_end_of_year_salary_sharing_thread/kfgbgsg/,t3_18tevwk,[deleted],2023-12-29T19:31:00.000Z,0,"**Title:** Data Analyst

* **Tenure length:** 2.5 years
* **Location:** Los Angeles, USA (hybrid)
* **Salary:** 112k
* **Company/Industry:** Advertising
* **Education:** MS in Math
* **Prior Experience:** None
* **Relocation/Signing Bonus:** 5k relo
* **Stock and/or recurring bonuses:** 22k (estimate based on actual previous bonuses)
* **Total comp:** 134k",True,"Los Angeles, USA (hybrid)",United States,Los Angeles,None,,,,,18tevwk,[Official] 2023 End of Year Salary Sharing thread,https://www.reddit.com/r/datascience/comments/18tevwk/official_2023_end_of_year_salary_sharing_thread/
True,Sr Business/Product Analyst,Senior,3 years,150000.0,USD,e-commerce/travel,MBA Finance/BS Mechanical Engineering,,No bonuses; no stock/equity,150000.0,Total comp equals base; no bonuses. Mentioned 1 year in current role despite tenure_length listed as 3 years.,t1_kfft51k,https://www.reddit.com/r/datascience/comments/18tevwk/official_2023_end_of_year_salary_sharing_thread/kfft51k/,t3_18tevwk,Bernoulli1221,2023-12-29T17:41:11.000Z,0,"Title: Sr Business/Product Analyst

Tenure length: 3 years

Location: Chicago

Salary: 150k

Industry: e-commerce/travel

Education: MBA Finance/BS Mechanical Engineering 

Prior experience: Nothing pre-MBA. Same role with insurance tech 2 years. 1 year in current role

Total Comp: 150k, no bonuses.",,Chicago,United States,Chicago,Nothing pre-MBA. Same role with insurance tech 2 years. 1 year in current role,,,,,18tevwk,[Official] 2023 End of Year Salary Sharing thread,https://www.reddit.com/r/datascience/comments/18tevwk/official_2023_end_of_year_salary_sharing_thread/
True,Research Scientist/Biometrician,,5 months,100000.0,USD,Public Sector,"BS, MS, PhD",,,,"Pension plan, good health & vacation benefits, union protection.",t1_kfgi6hj,https://www.reddit.com/r/datascience/comments/18tevwk/official_2023_end_of_year_salary_sharing_thread/kfgi6hj/,t3_18tevwk,LeOmeletteDuFrommage,2023-12-29T20:11:49.000Z,0,"Title: Research Scientist/Biometrician

Tenure: 5 months

Location: Olympia, WA (Remote)

Salary: $100k

Company/Industry: Public Sector

Prior Experience: 2 years private consulting + 6 years graduate school research

Education: BS, MS, PhD

Other: Pension plan, good health &amp; vacation benefits, union protection.",True,"Olympia, WA (Remote)",United States,Olympia,2 years private consulting + 6 years graduate school research,,,,,18tevwk,[Official] 2023 End of Year Salary Sharing thread,https://www.reddit.com/r/datascience/comments/18tevwk/official_2023_end_of_year_salary_sharing_thread/
True,Data Scientist II,II,1.5 years,112000.0,USD,Healthcare,"BS in Information Systems, MS in Data Science",,Annual bonus 8000,120000.0,,t1_kfgfxkn,https://www.reddit.com/r/datascience/comments/18tevwk/official_2023_end_of_year_salary_sharing_thread/kfgfxkn/,t3_18tevwk,JPow_023,2023-12-29T19:58:10.000Z,0,"Title: Data Scientist II

Tenure: 1.5 years

Location: Remote USA

Salary: $112k base

Industry: Healthcare

Education: BS in Information Systems, MS in Data Science

Prior experience: 1 year

Bonus: $8k

Total Comp: $120k",True,Remote USA,United States,,1 year,,,,,18tevwk,[Official] 2023 End of Year Salary Sharing thread,https://www.reddit.com/r/datascience/comments/18tevwk/official_2023_end_of_year_salary_sharing_thread/
True,Data Scientist,,1.5 years,103000.0,USD,Consulting,MS Data Science from Big 10,10000.0,10% company stock discount,103000.0,,t1_kfg3yq4,https://www.reddit.com/r/datascience/comments/18tevwk/official_2023_end_of_year_salary_sharing_thread/kfg3yq4/,t3_18tevwk,[deleted],2023-12-29T18:45:43.000Z,0,"Title: Data Scientist

•	⁠Tenure length: 1.5 years

•	⁠Location: Remote but office in Chicago 

•	⁠Salary: $103k

•	⁠Company/Industry: Consulting

•	⁠Education: MS Data Science from Big 10

•	⁠Prior Experience:
        • Data Analyst Coop in grad school 8 mth
        • Analysis Workshop in undergrad 2 years

•     Signing Bonus: 10K

•	⁠Stock and/or recurring bonuses: 10% company stock discount 

•	⁠Total comp: 103K",True,Remote but office in Chicago,United States,Chicago,Data Analyst Coop in grad school 8 mth; Analysis Workshop in undergrad 2 years,,True,,,18tevwk,[Official] 2023 End of Year Salary Sharing thread,https://www.reddit.com/r/datascience/comments/18tevwk/official_2023_end_of_year_salary_sharing_thread/
True,Data Scientist,,2.5 years,1700000.0,INR,US Financial Services,BTech + MBA,100000.0,INR 1-2 LPA (not fixed),1800000.0,Hybrid work arrangement,t1_kffvmbm,https://www.reddit.com/r/datascience/comments/18tevwk/official_2023_end_of_year_salary_sharing_thread/kffvmbm/,t3_18tevwk,maverick_css,2023-12-29T17:55:59.000Z,0,"
Title: Data Scientist 

Tenure length: 2.5 Yrs
Location:** Bengaluru 
   * **$Remote:** Hybrid 
* **Salary:** INR 17 LPA
* **Company/Industry:** US Financial Services
* **Education:**  BTech + MBA
* **Prior Experience:** 1 Year in Tech
   * **$Internship**
   * **$Coop**
* **Relocation/Signing Bonus:** INR 1 LPA
* **Stock and/or recurring bonuses:** INR 1-2 LPA (not fixed)
* **Total comp:** INR 18 LPA",True,Bengaluru,India,Bengaluru,1 Year in Tech,,,,,18tevwk,[Official] 2023 End of Year Salary Sharing thread,https://www.reddit.com/r/datascience/comments/18tevwk/official_2023_end_of_year_salary_sharing_thread/
True,Senior Engineering Lead,Senior,8 years,155000.0,,Oil and Gas,Bachelors in Engineering,,70000,225000.0,"Leads dashboarding and analytics within business departments; only data scientist in the business. Builds, maintains, and designs machine learning projects with IT. Serves as domain expert and senior engineer in the company.",t1_gipoknx,https://www.reddit.com/r/datascience/comments/klvb55/official_2020_end_of_year_salary_sharing_thread/gipoknx/,t3_klvb55,[deleted],2021-01-10T00:44:05.000Z,1,"* Title:Senior Engineering Lead
* Tenure length:8years
* Location:USA/Canada
* Salary:$155k
* Company/Industry:Oil and Gas
* Education:Bachelors in Engineering
* Prior Experience:4 years
* Relocation/Signing Bonus:n/a
* Stock and/or recurring bonuses:$70k
* Total comp:$225,000

I come from a company which doesn’t have Data Science proper. We have dashboarding, and analytics within the business departments and I lead them. I am the only data scientist at the business and build, maintain and design machine learning projects with IT. I am also a domain expert in my part of the company as a SR engineer.",,USA/Canada,United States Or Canada,,4 years,,,,,klvb55,[Official] 2020 End of Year Salary Sharing thread,https://www.reddit.com/r/datascience/comments/klvb55/official_2020_end_of_year_salary_sharing_thread/
True,Principal Data Scientist,Principal,6 months,185000.0,USD,Software Startup,PhD,10000.0,180000 (still privately held company),375000.0,,t1_glwo99j,https://www.reddit.com/r/datascience/comments/klvb55/official_2020_end_of_year_salary_sharing_thread/glwo99j/,t3_klvb55,StatsPhD,2021-02-03T20:51:44.000Z,2,"* **Title:**  Principal Data Scientist
* **Tenure length:**  6 months
* **Location:**  SF Bay
* **Salary:**  185,000
* **Company/Industry:**  Software Startup
* **Education:**  PhD
* **Prior Experience:**  7 years academia, 2 years product mangement
* **Relocation/Signing Bonus:**  10,000
* **Stock and/or recurring bonuses:**  180,000 (still privately held company)
* **Total comp:**  375,000",,SF Bay,United States,San Francisco,"7 years academia, 2 years product mangement",,,,,klvb55,[Official] 2020 End of Year Salary Sharing thread,https://www.reddit.com/r/datascience/comments/klvb55/official_2020_end_of_year_salary_sharing_thread/
True,Data Scientist,,1 Year,87000.0,,Insurance,"BS in Finance, graduating this spring with MS in Stats",,"Up to 30% of salary, this year was $21k",108000.0,"Hybrid, but could be fully remote if desired.",t1_kfhikdr,https://www.reddit.com/r/datascience/comments/18tevwk/official_2023_end_of_year_salary_sharing_thread/kfhikdr/,t3_18tevwk,BakerInTheKitchen,2023-12-30T00:05:36.000Z,1,"**Title:** Data Scientist  
**Tenure length:** 1 Year  
**Location:** LCOL  
**$Remote:** Hybrid, but could be fully remote if I wanted  
**Salary:** $87k  
**Company/Industry:** Insurance  
**Education:** BS in Finance, graduating this spring with MS in Stats  
**Prior Experience:** 4 years in various analyst jobs  
**Stock and/or recurring bonuses:** Up to 30% of salary, this year was $21k  
**Total comp:** $108k",True,LCOL,,,4 years in various analyst jobs,,,,,18tevwk,[Official] 2023 End of Year Salary Sharing thread,https://www.reddit.com/r/datascience/comments/18tevwk/official_2023_end_of_year_salary_sharing_thread/
True,Data Scientist,,2-3 years,105000.0,,Energy,"Bachelors, a few of those",,,,,t1_gnm66vi,https://www.reddit.com/r/datascience/comments/klvb55/official_2020_end_of_year_salary_sharing_thread/gnm66vi/,t3_klvb55,please_dont_comment,2021-02-16T05:03:25.000Z,1,"Title: Data Scientist

Tenure Length: 2-3 years

Base Salary: 105k

Industry: Energy

Prior Experience: Finance

Education: Bachelors, a few of those",,,,,Finance,,,,,klvb55,[Official] 2020 End of Year Salary Sharing thread,https://www.reddit.com/r/datascience/comments/klvb55/official_2020_end_of_year_salary_sharing_thread/
True,Data Scientist,Staff,2 years,120000.0,USD,Defense,M.S in Geoinformatics; working on PhD,0.0,$0,120000.0,,t1_gkgvpke,https://www.reddit.com/r/datascience/comments/klvb55/official_2020_end_of_year_salary_sharing_thread/gkgvpke/,t3_klvb55,aryangeo,2021-01-24T00:04:26.000Z,1,"Title: Staff Data Scientist

Tenure length: 2 years

Location: D.C. Metro (Virginia)

Salary: $120,000

Company/industry: Defense

Education: M.S in Geoinformatics; working on PhD

Prior experience: 2.5 years data science, 3 years data analyst

Relocation/Signing Bonus: $0

Stock/recurring bonus: $0

Total Comp: $120,000",,D.C. Metro (Virginia),United States,Washington DC,"2.5 years data science, 3 years data analyst",,,,,klvb55,[Official] 2020 End of Year Salary Sharing thread,https://www.reddit.com/r/datascience/comments/klvb55/official_2020_end_of_year_salary_sharing_thread/
True,Business Intelligence Developer,,10 years,75000.0,CAD,Retail,College Diploma,,20-30% quarterly bonus,100000.0,,t1_gnogge4,https://www.reddit.com/r/datascience/comments/klvb55/official_2020_end_of_year_salary_sharing_thread/gnogge4/,t3_klvb55,Jesse_J,2021-02-16T19:23:42.000Z,1,"Title: Business Intelligence Developer  
Tenure length: 10 years  
Location: Toronto  
Salary: $75k (CAD)  
Industry: Retail  
Education: College Diploma  
Recurring bonuses: 20-30% quarterly  
Total comp: ~$100k (CAD)",,Toronto,Canada,Toronto,,,,,,klvb55,[Official] 2020 End of Year Salary Sharing thread,https://www.reddit.com/r/datascience/comments/klvb55/official_2020_end_of_year_salary_sharing_thread/
True,Senior Principal Data Scientist,Senior Principal,2.5 years,160000.0,USD,Healthcare,MSc in Palaeoeconomics,,$25k yearly bonus and discounted stock purchase (ESPP),185000.0,"Total comp listed as $185,000 + cheap(er) stock; no relocation/signing bonus. Role is fully remote.",t1_gpog643,https://www.reddit.com/r/datascience/comments/klvb55/official_2020_end_of_year_salary_sharing_thread/gpog643/,t3_klvb55,Mandoryan,2021-03-04T18:09:50.000Z,1,"* **Title:** Senior Principal Data Scientist
* **Tenure length:** 2.5 years
* **Location:** Upper Midwest (Remote)
* **Salary:** $160,000
* **Company/Industry:** Healthcare
* **Education:** MSc in Palaeoeconomics
* **Prior Experience:** 6 years of AI/ML healthcare experience prior to current role
* **Relocation/Signing Bonus:** None
* **Stock and/or recurring bonuses:** $25k yearly bonus and discounted stock purchase
* **Total comp:** $185,000 + cheap(er) stock",True,Upper Midwest (Remote),United States,,6 years of AI/ML healthcare experience prior to current role,,,,,klvb55,[Official] 2020 End of Year Salary Sharing thread,https://www.reddit.com/r/datascience/comments/klvb55/official_2020_end_of_year_salary_sharing_thread/
True,Senior Data Engineer,Senior,6 months,140000.0,USD,Consulting,MS/MBA - Ivy League,,"$20,000 stock/recurring bonuses",160000.0,,t1_gltsbqd,https://www.reddit.com/r/datascience/comments/klvb55/official_2020_end_of_year_salary_sharing_thread/gltsbqd/,t3_klvb55,jkimbrough0,2021-02-03T04:49:22.000Z,1,"Title: Senior Data Engineer

Tenure length: 6 months

Location: Remote/West Coast 

Salary: $140,000

Company/Industry: Consulting

Education: MS/MBA - Ivy League

Prior Experience: 5+ years Software/BI Engineering

Stock and/or recurring bonuses: $20,000

Total comp: $160,000",True,Remote/West Coast,United States,,5+ years Software/BI Engineering,,,,,klvb55,[Official] 2020 End of Year Salary Sharing thread,https://www.reddit.com/r/datascience/comments/klvb55/official_2020_end_of_year_salary_sharing_thread/
True,Senior Data Scientist,Senior,2 yrs,190000.0,USD,Medium 3D company,MS Mechanical Engineering,0.0,Stock and/or recurring bonuses: 80000,270000.0,,t1_kfgymgc,https://www.reddit.com/r/datascience/comments/18tevwk/official_2023_end_of_year_salary_sharing_thread/kfgymgc/,t3_18tevwk,shortwhiteguy,2023-12-29T21:53:38.000Z,1,"Senior Data Scientist:
    Tenure length: 2 yrs
    Location: Bay Area / Remote
    Salary: $190k
    Company/Industry: Medium 3D company
    Education: MS Mechanical Engineering
    Prior Experience: 10 years total DS/ML + 6 years other professional
    Relocation/Signing Bonus: $0
    Stock and/or recurring bonuses: $80k
    Total comp: $270k",True,Bay Area / Remote,United States,San Francisco,10 years total DS/ML + 6 years other professional,,,,,18tevwk,[Official] 2023 End of Year Salary Sharing thread,https://www.reddit.com/r/datascience/comments/18tevwk/official_2023_end_of_year_salary_sharing_thread/
True,Insights Consultant,,2 years,150000.0,USD,Market Research,Masters,0.0,~7% annual bonus; No stock,160000.0,,t1_go4jwxz,https://www.reddit.com/r/datascience/comments/klvb55/official_2020_end_of_year_salary_sharing_thread/go4jwxz/,t3_klvb55,jarena009,2021-02-20T15:24:44.000Z,1,"* **Title:** Insights Consultant
* **Tenure length:** 2 years
* **Location:** New Jersey. United States of America.
* **Salary:** $150,000 + \~7% bonus
* **Company/Industry:** Market Research
* **Education:** Masters
* **Prior Experience:** \~12 years
* **Relocation/Signing Bonus:** None
* **Stock and/or recurring bonuses:** None
* **Total comp:** $160,000",,New Jersey. United States of America.,United States,,~12 years,,,,,klvb55,[Official] 2020 End of Year Salary Sharing thread,https://www.reddit.com/r/datascience/comments/klvb55/official_2020_end_of_year_salary_sharing_thread/
True,Data Scientist,,1 month,145000.0,USD,government research,BS + MS in physical sciences,15000.0,,160000.0,,t1_kfg2mgj,https://www.reddit.com/r/datascience/comments/18tevwk/official_2023_end_of_year_salary_sharing_thread/kfg2mgj/,t3_18tevwk,sped1400,2023-12-29T18:37:40.000Z,1,"**Title:** Data Scientist

**Tenure length:** 1 month

**Location:** CA (hybrid)

**Salary:** $145k

**Company/Industry:** government research

**Education:** BS + MS in physical sciences

**Prior Experience:** 2 internships (only 1 was data science related) during college, 1 post grad internship at current company (not data related)

**Relocation/Signing Bonus:** $15k for signing + relocation

**Total comp:** $160k",True,CA (hybrid),United States,,"2 internships (only 1 was data science related) during college, 1 post grad internship at current company (not data related)",True,,,,18tevwk,[Official] 2023 End of Year Salary Sharing thread,https://www.reddit.com/r/datascience/comments/18tevwk/official_2023_end_of_year_salary_sharing_thread/
True,NLP Scientist/Researcher,,~1.5,115000.0,USD,Health Data Science,Neuroscience PhD + MSDS,0.0,peanuts,,Total comp stated as '$115k + peanuts' (exact bonus amount not specified).,t1_kfgpqw4,https://www.reddit.com/r/datascience/comments/18tevwk/official_2023_end_of_year_salary_sharing_thread/kfgpqw4/,t3_18tevwk,smilodon138,2023-12-29T20:58:00.000Z,1,"* **Title**: NLP Scientist/Researcher
* **Tenure length**: \~1.5
* **Location**: MCoL
   * **Remote**: Yes
* **Salary**: $115k
* **Company/Industry**: Health Data Science
* **Education**: Neuroscience PhD + MSDS
* **Prior Experience**: academia took a large chunk of my life/soul and aged me beyond my years, 2+ years as DS
* **Relocation/Signing Bonus**: de nada
* **Stock and/or recurring bonuses**: peanuts
* **Total comp**: $115k + peanuts",True,MCoL,United States,,"academia took a large chunk of my life/soul and aged me beyond my years, 2+ years as DS",,,,,18tevwk,[Official] 2023 End of Year Salary Sharing thread,https://www.reddit.com/r/datascience/comments/18tevwk/official_2023_end_of_year_salary_sharing_thread/
True,Data Scientist,,1 year,100000.0,USD,Large CPG company,MSBA,,8-12%,110000.0,,t1_kfftfsh,https://www.reddit.com/r/datascience/comments/18tevwk/official_2023_end_of_year_salary_sharing_thread/kfftfsh/,t3_18tevwk,Et_Tu_Bruce_Wayne,2023-12-29T17:42:58.000Z,0,"Title: Data Scientist 

Tenure length: 1 year  
Location: Midwest (Flexible Hybrid)  
Salary: 100k  
Company/Industry: Large CPG company   
Education: MSBA   
Prior Experience: N/A  
Stock and/or recurring bonuses: 8-12%   
Total comp: 110k",True,Midwest (Flexible Hybrid),United States,,,,,,,18tevwk,[Official] 2023 End of Year Salary Sharing thread,https://www.reddit.com/r/datascience/comments/18tevwk/official_2023_end_of_year_salary_sharing_thread/
True,Data Analyst,,A little over a year,130000.0,,Retail,Bachelors,5000.0,Performance-based bonus; based on last year would be 20000,155000.0,,t1_kffu15a,https://www.reddit.com/r/datascience/comments/18tevwk/official_2023_end_of_year_salary_sharing_thread/kffu15a/,t3_18tevwk,Like_My_Turkey_Cold,2023-12-29T17:46:33.000Z,0,"Tenure: A little over a year

Title: Data Analyst

Location: Remote

Salary: $130k

Industry: Retail

Education: Bachelors

Prior Exp: A year in Analytics and a year in Finance before. 

Signing Bonus: $5k

Stock/Bonus: Bonus depends on performance. Based on last year, would be $20k. 

TC: $155k",True,Remote,,,A year in Analytics and a year in Finance before,,,,,18tevwk,[Official] 2023 End of Year Salary Sharing thread,https://www.reddit.com/r/datascience/comments/18tevwk/official_2023_end_of_year_salary_sharing_thread/
True,Data Scientist,,~ 6 months,118000.0,USD,Tech Start Up,BA from an LAC in math,2000.0,Options (equity) - details unspecified,120000.0,Relocation bonus: 2000; Signing bonus: 0; Early stage start up,t1_goxfltp,https://www.reddit.com/r/datascience/comments/klvb55/official_2020_end_of_year_salary_sharing_thread/goxfltp/,t3_klvb55,eipi-10,2021-02-27T02:36:51.000Z,1,"* Title: Data Scientist 
* Tenure: ~ 6 months 
* Location: Cambridge, MA 
* Salary: $118,000
* Company / Industry: Tech Start Up 
* Education: BA from an LAC in math 
* Prior Experience: ~ 6 months 

* Reloc Bonus: $2k 
* Signing Bonus: $0 (early stage start up!!)
* Total: $120k + Options",,"Cambridge, MA",United States,Cambridge,~ 6 months,,,,,klvb55,[Official] 2020 End of Year Salary Sharing thread,https://www.reddit.com/r/datascience/comments/klvb55/official_2020_end_of_year_salary_sharing_thread/
True,Sr. Data Engineer (analytics engineering),Senior,Almost 2 years,164000.0,USD,Health care data,MS ECE (Big Ten school rated in Top 5 EE at the time),,"2500 options at hiring, worth about 14 cents each right now",,Unlimited time off; not too much free overtime. Decent benefits at reasonable premiums; FSA. 401K with no match.,t1_kffzp8u,https://www.reddit.com/r/datascience/comments/18tevwk/official_2023_end_of_year_salary_sharing_thread/kffzp8u/,t3_18tevwk,DataMan62,2023-12-29T18:20:12.000Z,1,"* Sr. Data Engineer (analytics  engineering)
* Almost 2 years
* Remote US
* 164,000 USD
* Health care data
* MS ECE (Big Ten school rated in Top 5 EE at the time)
* 30+ years in algorithm dev and db dev
* 2500 options at hiring, worth about 14 cents each right now. 
* unlimited time off, not too much free overtime
* decent benefits at reasonable premiums, FSA
* 401K, no match",True,Remote US,United States,,30+ years in algorithm dev and db dev,,,,,18tevwk,[Official] 2023 End of Year Salary Sharing thread,https://www.reddit.com/r/datascience/comments/18tevwk/official_2023_end_of_year_salary_sharing_thread/
True,Associate Finance Manager - Data Science,,11 months,93000.0,USD,CPG/Financial Planning & Analysis,MS in Data Science,6000.0,"No stocks, bonuses are still being computed",100000.0,,t1_gmvxp2t,https://www.reddit.com/r/datascience/comments/klvb55/official_2020_end_of_year_salary_sharing_thread/gmvxp2t/,t3_klvb55,chrissizkool,2021-02-11T01:18:59.000Z,1,"* **Title:** Associate Finance Manager - Data Science
* **Tenure length:** 11 months
* **Location:** New Jersey
* **Salary:** 93,000
* **Company/Industry:** CPG/Financial Planning &amp; Analysis
* **Education:** MS in Data Science
* **Prior Experience:** 3 - 4 years in data analyst role.  Creating reports, manipulate data, some exposure to SQL in work.
* **Relocation/Signing Bonus:** 6,000
* **Stock and/or recurring bonuses:** No stocks, bonuses are still being computed
* **Total comp:** \~ 100,000",,New Jersey,United States,,"3 - 4 years in data analyst role. Creating reports, manipulate data, some exposure to SQL in work.",,,,,klvb55,[Official] 2020 End of Year Salary Sharing thread,https://www.reddit.com/r/datascience/comments/klvb55/official_2020_end_of_year_salary_sharing_thread/
True,Data scientist,,almost 2 years,110000.0,USD,Content (startup),Masters,,,,,t1_gpgwxly,https://www.reddit.com/r/datascience/comments/klvb55/official_2020_end_of_year_salary_sharing_thread/gpgwxly/,t3_klvb55,Affectionate_Shine55,2021-03-02T22:47:07.000Z,1,"Title: Data scientist

Tenure length: almost 2 years in this position, 1 year as a Data Analyst at a previous company

Location: nyc 

Salary: 110k

Company/ industry: Content (startup)

Education: Masters

Prior experience: boot camp and 1yr as a data analyst",,nyc,United States,New York City,Boot camp and 1 year as a data analyst,,,,,klvb55,[Official] 2020 End of Year Salary Sharing thread,https://www.reddit.com/r/datascience/comments/klvb55/official_2020_end_of_year_salary_sharing_thread/
True,Data Analyst,,2 years,67000.0,USD,Travel,Bachelors,,5% annual bonus (no bonus this year due to Covid),70000.0,,t1_gpp3h50,https://www.reddit.com/r/datascience/comments/klvb55/official_2020_end_of_year_salary_sharing_thread/gpp3h50/,t3_klvb55,whispertoke,2021-03-04T20:51:40.000Z,1,"* Title: Data Analyst
* Tenure length: 2yrs
* Location: Denver
* Salary: $67,000
* Company/Industry: Travel
* Education: Bachelors
* Prior Experience: 2yrs of analytics
* Stock and/or recurring bonuses: 5% bonus (no bonus this year of course due to Covid)
* Total comp: $70,000",,Denver,United States,Denver,2 years of analytics,,,,,klvb55,[Official] 2020 End of Year Salary Sharing thread,https://www.reddit.com/r/datascience/comments/klvb55/official_2020_end_of_year_salary_sharing_thread/
True,Project Manager (Smart Manufacturing),,1 year,52000.0,EUR,SaaS for manufacturing,B.Eng. in Industrial Engineering,,7000 EUR bonus (type unspecified),59000.0,Remote with frequent business trips,t1_kfgp7c4,https://www.reddit.com/r/datascience/comments/18tevwk/official_2023_end_of_year_salary_sharing_thread/kfgp7c4/,t3_18tevwk,TheTrueGen,2023-12-29T20:54:38.000Z,1,"- Title: Project Manager (Smart Manufacturing)
- Tenure length: 1 year
- Location: Germany (remote/with frequent business trips)
- Salary: 52,000 € + 7,000 €
- Company/Industry: SaaS for manufacturing
- Education: B.Eng. in Industrial Engineering
- Prior Experience: Automotive, R&amp;D projects at Uni 
- Total comp: 59,000 €",True,Germany (remote/with frequent business trips),Germany,,"Automotive, R&D projects at Uni",,,,,18tevwk,[Official] 2023 End of Year Salary Sharing thread,https://www.reddit.com/r/datascience/comments/18tevwk/official_2023_end_of_year_salary_sharing_thread/
True,Sr. DS Quant,Senior,4 years,180000.0,USD,Finance,MS DS,,~20% annual bonus; ~7% 401k matching; HSA matching,235000.0,TC over years: Undergrad (TA): $8/hr + free pizza and snacks; Graduate (Research Assistant): $10/hr + free pizza and snacks; T=0 (Assc. DS Quant): ~$150k; T=1 (Assc. DS Quant): ~$160k; T=2 (DS Quant): ~$190k; T=3 (DS Quant): ~$225k; T=4 (Sr. DS Quant): ~$235k,t1_kjiqzk8,https://www.reddit.com/r/datascience/comments/18tevwk/official_2023_end_of_year_salary_sharing_thread/kjiqzk8/,t3_18tevwk,mizmato,2024-01-25T16:18:02.000Z,1,"    Title: Sr. DS Quant
    Tenure length: 4 years
    Location: Washington DC
        Remote: Hybrid
    Salary: $180k
    Company/Industry: Finance
    Education: MS DS
    Prior Experience: No industry experience/job
    Stock and/or recurring bonuses:
        ~20% annual bonus
        ~7% 401k matching
        HSA matching
    Total comp: $235k

Since this will be updated every year, here's a breakdown of TC over the years with the number of years of experience:

    Undergrad (TA) : $8/hr + free pizza and snacks
    Graduate (Research Assnt.): $10/hr + free pizza and snacks 
    T = 0 (Assc. DS Quant): ~$150k
    T = 1 (Assc. DS Quant): ~$160k
    T = 2 (DS Quant): ~$190k
    T = 3 (DS Quant): ~$225k
    T = 4 (Sr. DS Quant): ~$235k",True,Washington DC,United States,Washington DC,No industry experience/job,,,,,18tevwk,[Official] 2023 End of Year Salary Sharing thread,https://www.reddit.com/r/datascience/comments/18tevwk/official_2023_end_of_year_salary_sharing_thread/
True,Data Viz Specialist,,2.5 years,41000.0,EUR,media/PR,"BA Econ and Pol, HDip Data Analytics, working on a Masters at the moment",,,41000.0,Role and title are currently mismatched; new role coming in the new year. Other benefits exist (pension/health) but values not recalled.,t1_kfem4su,https://www.reddit.com/r/datascience/comments/18tevwk/official_2023_end_of_year_salary_sharing_thread/kfem4su/,t3_18tevwk,aarrow_12,2023-12-29T12:39:53.000Z,1,"**Title:** Data Viz Specialist 

* **Tenure length:** 2.5 years
* **Location:** Hybrid, Ireland
* **Salary:** €41k
* **Company/Industry:** media/PR
* **Education:** BA Econ and Pol, HDip Data Analytics, working on a Masters at the moment 
* **Prior Experience:** volunteer work in politics
* **Stock and/or recurring bonuses:** 
* **Total comp:** €41k

Should note my role and title are about a billion miles apart at this point (new role coming in the new year) and there are other benefits but I can't recall their value right now (pension/ health).",True,"Hybrid, Ireland",Ireland,,volunteer work in politics,,,,,18tevwk,[Official] 2023 End of Year Salary Sharing thread,https://www.reddit.com/r/datascience/comments/18tevwk/official_2023_end_of_year_salary_sharing_thread/
True,Data Scientist,,< 6 months,55000.0,EUR,E-commerce,MSc Information System (CS Focus),0.0,0,55000.0,Paid Vacation: 30 days; Post mentions ~65k USD equivalent,t1_grbzntl,https://www.reddit.com/r/datascience/comments/klvb55/official_2020_end_of_year_salary_sharing_thread/grbzntl/,t3_klvb55,haribo318,2021-03-18T08:33:32.000Z,1,"Title: Data Scientist

Tenure length: &lt; 6 months 

Location: Germany

Salary: 55k€ (~65k USD)

Company/Industry: E-commerce

Education: MSc Information System (CS Focus)

Prior Experience: 3 Internships

Relocation/Signing Bonus: 0 

Stock and/or recurring bonuses: 0

Paid Vacation: 30 days 

Total comp: 55k€",,Germany,Germany,,3 Internships,True,,,,klvb55,[Official] 2020 End of Year Salary Sharing thread,https://www.reddit.com/r/datascience/comments/klvb55/official_2020_end_of_year_salary_sharing_thread/
True,Data Science Manager,,5 years,170000.0,USD,Retail-Marketing,Masters in Business Analytics,,Stock/equity: 35000; Bonus: 20000,225000.0,,t1_kffs5wo,https://www.reddit.com/r/datascience/comments/18tevwk/official_2023_end_of_year_salary_sharing_thread/kffs5wo/,t3_18tevwk,Grateful_Elephant,2023-12-29T17:35:22.000Z,2,"&amp;#x200B;

|Title|Data Science Manager|
|:-|:-|
|Tenure|5 years|
|Location|US (MCOL) Remote|
|Salary|$170K|
|Company/Industry|Retail-Marketing|
|Education|Masters in Business Analytics|
|Prior Experience|4 years in Consulting|
|Stock/Bonus|$35K/$20K|
|**Total Comp**|**$225K**|",True,US (MCOL) Remote,United States,,4 years in Consulting,,,,,18tevwk,[Official] 2023 End of Year Salary Sharing thread,https://www.reddit.com/r/datascience/comments/18tevwk/official_2023_end_of_year_salary_sharing_thread/
True,Senior DS,Senior,6 mo,156000.0,USD,ecommerce,"BS/MS in EE, DS bootcamp",,Equity (details unspecified),200000.0,Signing bonus present (amount not specified),t1_kffvqvq,https://www.reddit.com/r/datascience/comments/18tevwk/official_2023_end_of_year_salary_sharing_thread/kffvqvq/,t3_18tevwk,Akvian,2023-12-29T17:56:44.000Z,3,"Title: Senior DS

Tenure: 6 mo

Location: Texas (remote)

Salary: $156k

Industry: ecommerce

Education: BS/MS in EE, DS bootcamp

Prior Experience: 5 years DS

Other bonuses: equity, signing bonus

TC: $200k",True,Texas (remote),United States,,5 years DS,,,,,18tevwk,[Official] 2023 End of Year Salary Sharing thread,https://www.reddit.com/r/datascience/comments/18tevwk/official_2023_end_of_year_salary_sharing_thread/
True,Senior quantitative/modeling analyst,Senior,2 years,125000.0,USD,Banking,BS in computer science,5000.0,"$25,000 performance bonus",150000.0,,t1_gpmfivd,https://www.reddit.com/r/datascience/comments/klvb55/official_2020_end_of_year_salary_sharing_thread/gpmfivd/,t3_klvb55,ds_throwaway1352,2021-03-04T05:19:29.000Z,1,"* **Title:** Senior quantitative/modeling analyst
* **Tenure length:** 2 years
* **Location:** DC
* **Salary:** $125,000
* **Company/Industry:** Banking
* **Education:** BS in computer science
* **Prior Experience:** 5 years at another company as a junior QA
* **Relocation/Signing Bonus:** $5,000 signing bonus my first year
* **Stock and/or recurring bonuses:** $25,000 performance bonus
* **Total comp:** $150,000",,DC,United States,Washington DC,5 years at another company as a junior QA,,,,,klvb55,[Official] 2020 End of Year Salary Sharing thread,https://www.reddit.com/r/datascience/comments/klvb55/official_2020_end_of_year_salary_sharing_thread/
True,Modeling Analyst,,6mo,70000.0,USD,Insurance,BS in Management (Info Systems and Business Analytics) from a top undergrad business school,0.0,"$2,500 at 6mo mark",72500.0,,t1_glozyco,https://www.reddit.com/r/datascience/comments/klvb55/official_2020_end_of_year_salary_sharing_thread/glozyco/,t3_klvb55,Iced_Coffee_Walker,2021-02-02T04:29:04.000Z,1," 

* **Title:** Modeling Analyst
* **Tenure length:** 6mo
* **Location:** DC
* **Salary:** $70,000
* **Company/Industry:** Insurance
* **Education:** BS in Management (Info Systems and Business Analytics) from a top undergrad business school
* **Prior Experience:**
   * **$Internship:** Summer intern in PM at the same company
* **Relocation/Signing Bonus: --**
* **Stock and/or recurring bonuses:** $2,500 at 6mo mark
* **Total comp:** $72,500",,DC,United States,Washington DC,Summer intern in PM at the same company,True,,,,klvb55,[Official] 2020 End of Year Salary Sharing thread,https://www.reddit.com/r/datascience/comments/klvb55/official_2020_end_of_year_salary_sharing_thread/
True,Lead Data Scientist,Lead,3 yrs,120000.0,USD,Small Consultancy,"BA, MA (Economics)",,,120000.0,,t1_go860y3,https://www.reddit.com/r/datascience/comments/klvb55/official_2020_end_of_year_salary_sharing_thread/go860y3/,t3_klvb55,throw_dsyellowmoon,2021-02-21T14:00:41.000Z,1,"Throwaway account, want to be helpful and add more data!

* **Title:** Lead Data Scientist
* **Tenure length:** 3 yrs
* **Location:** Chicago
* **Salary:** 120,000
* **Company/Industry:** Small Consultancy
* **Education:** BA, MA  (Economics) 
* **Prior Experience:** 2 years in related field
* **Relocation/Signing Bonus:** N/A
* **Stock and/or recurring bonuses:** N/A
* **Total comp:** 120,000",,Chicago,United States,Chicago,2 years in related field,,,,,klvb55,[Official] 2020 End of Year Salary Sharing thread,https://www.reddit.com/r/datascience/comments/klvb55/official_2020_end_of_year_salary_sharing_thread/
True,ML Engineer,,1 year,33000.0,BYN,e-commerce,MS in Applied Maths,0.0,,33000.0,,t1_gqd8ffg,https://www.reddit.com/r/datascience/comments/klvb55/official_2020_end_of_year_salary_sharing_thread/gqd8ffg/,t3_klvb55,mighty_conrad,2021-03-09T20:08:27.000Z,1,"* **Title:**. ML Engineer
* **Tenure length:** 1 year
* **Location:** Minsk, Belarus
* **Salary:** 33k
* **Company/Industry:** e-commerce
* **Education:** MS in Applied Maths
* **Prior Experience:** 2.5y
   * **$Internship**
   * **$Coop**
* **Relocation/Signing Bonus:** -
* **Stock and/or recurring bonuses:** -
* **Total comp:** 33k",,"Minsk, Belarus",Belarus,Minsk,2.5 years,True,True,,,klvb55,[Official] 2020 End of Year Salary Sharing thread,https://www.reddit.com/r/datascience/comments/klvb55/official_2020_end_of_year_salary_sharing_thread/
True,Data Scientist Intern,Intern,1 year,1400.0,EUR,Small Pharmaceutical,Master,0.0,0,0.0,,t1_gn0mnpq,https://www.reddit.com/r/datascience/comments/klvb55/official_2020_end_of_year_salary_sharing_thread/gn0mnpq/,t3_klvb55,[deleted],2021-02-12T03:00:15.000Z,1," 

* **Title:** Data Scientist Intern
* **Tenure length:**  1 year
* **Location:** Brussels
* **Salary:** 1400
* **Company/Industry:** Small Pharmaceutical
* **Education:** Master
* **Prior Experience:**  

   * **$Summer BI Intern**
* **Relocation/Signing Bonus: 0**
* **Stock and/or recurring bonuses: 0**
* **Total comp: 0**",,Brussels,Belgium,Brussels,Summer BI Intern,True,,,,klvb55,[Official] 2020 End of Year Salary Sharing thread,https://www.reddit.com/r/datascience/comments/klvb55/official_2020_end_of_year_salary_sharing_thread/
True,Data Scientist,,1.5 years,89300.0,USD,Large tech company,MS Applied Statistics,,1.5% annual,90673.0,,t1_gka39vj,https://www.reddit.com/r/datascience/comments/klvb55/official_2020_end_of_year_salary_sharing_thread/gka39vj/,t3_klvb55,[deleted],2021-01-23T02:17:27.000Z,1,"
* **Title:** Data Scientist
* **Tenure length:** 1.5 years
* **Location:** Kansas City Metro
* **Salary:** $89,300
* **Company/Industry:** Large tech company
* **Education:** MS Applied Statistics
* **Prior Experience:** 6 years Data Analyst
* **Relocation/Signing Bonus:** N/A
* **Stock and/or recurring bonuses:** 1.5% annual
* **Total comp:** $90,673",,Kansas City Metro,United States,Kansas City,6 years Data Analyst,,,,,klvb55,[Official] 2020 End of Year Salary Sharing thread,https://www.reddit.com/r/datascience/comments/klvb55/official_2020_end_of_year_salary_sharing_thread/
True,,,,,,,,,Equity/stock does not fully vest each year; vesting occurs over roughly 3–4 years (unsure of exact schedule).,,Mentions learning something new; uncertain whether vesting is over 3 or 4 years.,t1_m97lc1z,https://www.reddit.com/r/datascience/comments/1ia175l/official_2024_end_of_year_salary_sharing_thread/m97lc1z/,t3_1ia175l,lordoflolcraft,2025-01-26T03:45:36.000Z,1,"I hadn’t known that, I’ve learned something new! But mine don’t entirely vest every year either, I think it’s over 3 or 4 years.",,,,,,,,,,1ia175l,[Official] 2024 End of Year Salary Sharing thread,https://www.reddit.com/r/datascience/comments/1ia175l/official_2024_end_of_year_salary_sharing_thread/
True,,,,,,,Pursuing master's degree (employer-funded),,,,Employer pays for a master's degree (tuition reimbursement). Intends to look for a better role after finishing unless given a solid raise.,t1_m983mo9,https://www.reddit.com/r/datascience/comments/1ia175l/official_2024_end_of_year_salary_sharing_thread/m983mo9/,t3_1ia175l,Horstt,2025-01-26T05:57:29.000Z,1,I’m in a similar spot and got my job to pay for a masters degree. Hoping to jump to something better when i finish unless they give me a solid raise.,,,,,,,,,,1ia175l,[Official] 2024 End of Year Salary Sharing thread,https://www.reddit.com/r/datascience/comments/1ia175l/official_2024_end_of_year_salary_sharing_thread/
True,Assistant Professor (Accounting),Assistant Professor,,250000.0,,Academia (R1 university),,,,,Comment states an AP in Accounting at an R1 starts around 250k. Also mentions it's common in accounting to place laterally from one's Ph.D. school.,t1_kh9yqse,https://www.reddit.com/r/datascience/comments/18tevwk/official_2023_end_of_year_salary_sharing_thread/kh9yqse/,t3_18tevwk,[deleted],2024-01-10T22:34:27.000Z,1,an AP in Accounting at an R1 starts around 250k. Also accounting its common for people to place laterally from their Ph.D school.,,,,,,,,,,18tevwk,[Official] 2023 End of Year Salary Sharing thread,https://www.reddit.com/r/datascience/comments/18tevwk/official_2023_end_of_year_salary_sharing_thread/
True,Data Scientist,,,,USD,,Computer Science background; published papers,,,140000.0,States they are outside the United States and feel like cheap labor for American companies; mentions paying more tax compared to the US.,t1_mbpf2f0,https://www.reddit.com/r/datascience/comments/1ia175l/official_2024_end_of_year_salary_sharing_thread/mbpf2f0/,t3_1ia175l,[deleted],2025-02-08T19:06:50.000Z,1,"I am like you, outside of the US, with around 140k USD TC, CS background published papers, and many YOE, as a data scientist. The US salaries make me want to jump off the roof. ""I am a literature graduate with 1.5 YOE and I make just under 200K in banking, should I try to move to tech?"". Depressing shit, we are essentially cheap labor for American companies (and we also pay more tax).",,outside of the US,,,many years of experience (many YOE),,,,,1ia175l,[Official] 2024 End of Year Salary Sharing thread,https://www.reddit.com/r/datascience/comments/1ia175l/official_2024_end_of_year_salary_sharing_thread/
True,,,2.5 years,90000.0,,,BS in IT,,,,No MS. Mentions another person's starting salary of $145k (not their own). Seeking tips.,t1_m9dqo4j,https://www.reddit.com/r/datascience/comments/1ia175l/official_2024_end_of_year_salary_sharing_thread/m9dqo4j/,t3_1ia175l,The_Great_Khal,2025-01-27T02:08:49.000Z,1,Wow was the $145k your starting? I am currently 2.5 years in and still at the $90k mark with a BS in IT and no MS. Any tips bruv?,,,,,,,,,,1ia175l,[Official] 2024 End of Year Salary Sharing thread,https://www.reddit.com/r/datascience/comments/1ia175l/official_2024_end_of_year_salary_sharing_thread/
True,,,,,,Amazon,,,Stock comp in years 1-2 are 5% of the initial grant (Amazon policy).,,Mentions Amazon pay cap (cannot be paid more than 'Jeff B') and that the low early-year stock vesting is to keep overall comp partly competitive.,t1_gmb9n8u,https://www.reddit.com/r/datascience/comments/klvb55/official_2020_end_of_year_salary_sharing_thread/gmb9n8u/,t3_klvb55,johnrgrace,2021-02-07T01:19:55.000Z,2,"It’s an Amazon thing because you can’t get paid more than Jeff B, and your stock comp in years 1-2 are 5% of your initial grant.  It’s to make sure your comp is high enough to be partly competitive.",,,,,,,,,,klvb55,[Official] 2020 End of Year Salary Sharing thread,https://www.reddit.com/r/datascience/comments/klvb55/official_2020_end_of_year_salary_sharing_thread/
True,Senior Data Scientist,Senior,3 yr,950000.0,ZAR,Retail,Msc Com Sci,,R150 000,1100000.0,,t1_m98feql,https://www.reddit.com/r/datascience/comments/1ia175l/official_2024_end_of_year_salary_sharing_thread/m98feql/,t3_1ia175l,reddit_is_trash_2023,2025-01-26T07:45:37.000Z,0,"Senior Data Scientist

* Tenure length: 3 yr
* Location: South Africa, hybrid
* Salary: R950 000
* Company/Industry: Retail
* Education: Msc Com Sci
* Prior Experience: 5 yrs software Engineer
* Relocation/Signing Bonus: n/a
* Stock and/or recurring bonuses: R150 000
* Total comp: R1.1 million",True,"South Africa, hybrid",South Africa,,5 yrs software Engineer,,,,,1ia175l,[Official] 2024 End of Year Salary Sharing thread,https://www.reddit.com/r/datascience/comments/1ia175l/official_2024_end_of_year_salary_sharing_thread/
True,Senior Data Science Consultant,Senior,,67000.0,GBP,,,,,,Comment indicates perception that UK salaries are low; mentions 67K for a senior data science consultant without further details.,t1_kgrw8tw,https://www.reddit.com/r/datascience/comments/18tevwk/official_2023_end_of_year_salary_sharing_thread/kgrw8tw/,t3_18tevwk,Hexabunz,2024-01-07T19:44:47.000Z,1,"I wanna say UK salaries really low lol, senior data science consultant 67K?!",,UK,United Kingdom,,,,,,,18tevwk,[Official] 2023 End of Year Salary Sharing thread,https://www.reddit.com/r/datascience/comments/18tevwk/official_2023_end_of_year_salary_sharing_thread/
True,Data Scientist,,,,EUR,Aldi (Retail/Grocery),,,,,Interviewed a few years back; role required a PhD. Compensation was described as about a 25% pay decrease compared to poster's US entry-level data analyst salary. Eliminated after the 2nd round. Interviews were formal; included ~30 minutes of a company PowerPoint introduction.,t1_ml1sc0a,https://www.reddit.com/r/datascience/comments/1ia175l/official_2024_end_of_year_salary_sharing_thread/ml1sc0a/,t3_1ia175l,MikeyCyrus,2025-04-02T16:44:35.000Z,1,"A few years back I was a data analyst and interviewed for a data scientist job with Aldi in the ruhrgebiet. They were looking for someone with a PhD and it was about a 25% pay decrease from my entry level data analyst role in the US IIRC. Got eliminated after the 2nd round of interviews. 

The interviews were also much more formal/stuffier than the ones I've done in the US. They spent 30 mins just doing a PowerPoint presentation introducing the company.",,the ruhrgebiet,Germany,,Entry-level Data Analyst role in the United States,,,,,1ia175l,[Official] 2024 End of Year Salary Sharing thread,https://www.reddit.com/r/datascience/comments/1ia175l/official_2024_end_of_year_salary_sharing_thread/
True,Data Science Team Lead (de facto the head of),Lead,3 years,190000.0,USD,Cyber,Masters,,"Stocks, don't know how much they are worth",190.0,"Location provided as 'NYC/Israel'; parsed primary location as New York City, United States for country/state/city. Total comp stated as '$190' (unit not specified).",t1_m976f7n,https://www.reddit.com/r/datascience/comments/1ia175l/official_2024_end_of_year_salary_sharing_thread/m976f7n/,t3_1ia175l,[deleted],2025-01-26T02:15:34.000Z,-3,"**Title:** Data Science Team Lead (de facto the head of)

* **Tenure length:** 3 years
* **Location:** NYC/Israel
* **Salary:** $190K
* **Company/Industry:** Cyber
* **Education:** Masters
* **Prior Experience:** 3 years as a Data Analyst and 1.5 years as a DS, in academia/contractor
* **Stock and/or recurring bonuses:** Stocks, don't know how much they are worth
* **Total comp:** $190",,NYC/Israel,United States,New York City,"3 years as a Data Analyst and 1.5 years as a DS, in academia/contractor",,,,,1ia175l,[Official] 2024 End of Year Salary Sharing thread,https://www.reddit.com/r/datascience/comments/1ia175l/official_2024_end_of_year_salary_sharing_thread/
True,,,,,DKK,,,,,,General market range for Denmark mentioned: 75k to 120k (currency inferred as DKK). Range depends on experience; no specific role or company provided.,t1_gokbjad,https://www.reddit.com/r/datascience/comments/klvb55/official_2020_end_of_year_salary_sharing_thread/gokbjad/,t3_klvb55,Lynild,2021-02-24T08:47:27.000Z,2,"Yeah, I think that is pretty much Denmark. 75k to 120k is probably the ball park depending on your experience.",,Denmark,Denmark,,,,,,,klvb55,[Official] 2020 End of Year Salary Sharing thread,https://www.reddit.com/r/datascience/comments/klvb55/official_2020_end_of_year_salary_sharing_thread/
True,Professor,,,59000.0,GBP,,,,,,Reported salary for a professor in Cambridge is £59k; no further details provided.,t1_m9lcp9q,https://www.reddit.com/r/datascience/comments/1ia175l/official_2024_end_of_year_salary_sharing_thread/m9lcp9q/,t3_1ia175l,JGeng,2025-01-28T05:44:57.000Z,1,Don't feel bad... At least you're earning more than my professor in Cambridge (£59k),,Cambridge,United Kingdom,Cambridge,,,,,,1ia175l,[Official] 2024 End of Year Salary Sharing thread,https://www.reddit.com/r/datascience/comments/1ia175l/official_2024_end_of_year_salary_sharing_thread/
True,,,,147000.0,,Biotech,MS in Statistics,,,,"Ambiguous whether 147k refers to base or total compensation. Comment mentions skills like Python, SQL, and HPC; no location provided.",t1_kg3l7o0,https://www.reddit.com/r/datascience/comments/18tevwk/official_2023_end_of_year_salary_sharing_thread/kg3l7o0/,t3_18tevwk,StayInThea,2024-01-03T07:44:27.000Z,1,"that is wild. how did you get the interview? did you just apply? is it python based? any other stuff you knew beforehand? (SQL, HPC, etc) I have MS in stats and work in biotech and only make 147k after 5 years lol",,,,,5 years,,,,,18tevwk,[Official] 2023 End of Year Salary Sharing thread,https://www.reddit.com/r/datascience/comments/18tevwk/official_2023_end_of_year_salary_sharing_thread/
True,Staff Data Scientist,Staff,1.5 years at company,200000.0,USD,E-commerce,MS Analytics,20000.0,"60k RSU, 40k cash",300000.0,,,https://www.reddit.com/r/datascience/comments/1q0vtzx/official_2025_end_of_year_salary_sharing_thread/nx19bmr/,,millsGT49,,52,"Staff Data Scientist

* 1.5 years at company, 10 years in industry
* SE USA
* $200k
* E-commerce
* MS Analytics
* $20k signing bonus
* $60k in RSU, $40k cash
* $300k",,SE USA,United States,,10 years in industry,,,,,,[Official] 2025 End of Year Salary Sharing thread,https://www.reddit.com/r/datascience/comments/1q0vtzx/official_2025_end_of_year_salary_sharing_thread/
True,Data scientist,,1 year,85000.0,USD,Retail wholesale,"Math undergrad, current ms in computer science",,,90000.0,Graduated undergrad summer 25',,https://www.reddit.com/r/datascience/comments/1q0vtzx/official_2025_end_of_year_salary_sharing_thread/nx1fxtz/,,Majestic_Pool2639,,28,"- Data scientist
- 1 year ( graduated undergrad summer 25')
- In person Illinois
- 85,000
- Retail wholesale
- Math undergrad, current ms in computer science 
- 6 internships across digital marketing/finance and ds/ml
- Total comp 90,000",False,In person Illinois,United States,,6 internships across digital marketing/finance and ds/ml,True,,,,,[Official] 2025 End of Year Salary Sharing thread,https://www.reddit.com/r/datascience/comments/1q0vtzx/official_2025_end_of_year_salary_sharing_thread/
True,principal data scientist,Principal,"1.5 years (5 total with current company or one of its affiliates, 6.5 years post PhD)",225000.0,USD,pharma,PhD Epidemiology,,20% target yearly bonus; 25% RSU/SSAR mix (4-year vesting); 4% 401k match with end-of-year additional 6% 401k bump,350000.0,Location provided as 'NYC/Boston but remote' (multiple cities).,,https://www.reddit.com/r/datascience/comments/1q0vtzx/official_2025_end_of_year_salary_sharing_thread/nx1em2p/,,coreybenny,,24,"- Title: principal data scientist


- Tenure length: 1.5 years (5 total with current company or one of its affiliates, 6.5 years post PhD) 


- Location: NYC/Boston but remote


- Salary: 225k


- Company/Industry: pharma


- Education: PhD Epidemiology 


- Prior Experience: Pharna consulting, health tech 


- Stock and/or recurring bonuses: 20% target yearly bonus, 25% RSU/SSAR mix (4 year vesting), 4% 401k match with end of year additional 6% 401k bump


- Total comp: ~350k ",True,NYC/Boston but remote,United States,,"Pharma consulting, health tech",,,,,,[Official] 2025 End of Year Salary Sharing thread,https://www.reddit.com/r/datascience/comments/1q0vtzx/official_2025_end_of_year_salary_sharing_thread/
True,Senior Data Scientist,Senior,"1 year, 4 total with current company",166000.0,USD,Health Insurance,Masters in DS,,"Target 10% bonus, past years received ~10-12% bonus",182000.0,,,https://www.reddit.com/r/datascience/comments/1q0vtzx/official_2025_end_of_year_salary_sharing_thread/nx1qjly/,,thrwawy725,,22,"Title: Senior Data Scientist

Tenure length: 1 year, 4 total with current company 

Location: NYC but remote

Salary: $166K

Company/Industry: Health Insurance

Education: Masters in DS 

Prior Experience: Internship in same industry

Stock and/or recurring bonuses: Target 10% bonus, past years received ~10-12% bonus

Total comp: $182K",True,NYC but remote,United States,New York City,Internship in same industry,True,,,,,[Official] 2025 End of Year Salary Sharing thread,https://www.reddit.com/r/datascience/comments/1q0vtzx/official_2025_end_of_year_salary_sharing_thread/
True,Associate Data Scientist,Associate,1.5 years,80000.0,USD,Media Analytics,B.S Data Science,,,,,,https://www.reddit.com/r/datascience/comments/1q0vtzx/official_2025_end_of_year_salary_sharing_thread/nx366ww/,,CoincidentLoL,,17,"Title: Associate Data Scientist

•	⁠ Time at position: 1.5 years

•	⁠Location: fully remote

•	⁠Salary: $80,000 USD 

•	⁠Company/Industry: Media Analytics

•	⁠Education: B.S Data Science

•	⁠Prior Experience: 0 - first job in industry",True,fully remote,,,0 years (first job in industry),,,,,,[Official] 2025 End of Year Salary Sharing thread,https://www.reddit.com/r/datascience/comments/1q0vtzx/official_2025_end_of_year_salary_sharing_thread/
True,Data Scientist,Senior Staff,13 years,310000.0,USD,plead the 5th,Masters in a social science,62000.0,20% annual bonus; $175K yearly RSU; pre-IPO estimated $6.4M to $9.9M at current strike price,547000.0,Total cash comp (base + bonus) reported as $372K; total comp including RSU reported as $547K. Hopes to walk away from the IPO with $12M in total comp during tenure.,,https://www.reddit.com/r/datascience/comments/1q0vtzx/official_2025_end_of_year_salary_sharing_thread/nx1j3hm/,,Pretty_Salad_1699,,43,"Title: Senior Staff Data Scientist

Tenure length: 13 years

Location: SF Bay Area

Salary: $310K base, 20% bonus, 20% signing bonus

Company/Industry: plead the 5th

Education: Masters in a social science 

Relocation/Signing Bonus: 20%

Stock and/or recurring bonuses: $175K yearly RSU, pre-IPO estimated $6.4M to $9.9M at current strike price.

Total comp: $372K, $547K including RSU. Hope to walk away from the IPO with $12M in total comp during my tenure.",,SF Bay Area,United States,San Francisco,,,,,,,[Official] 2025 End of Year Salary Sharing thread,https://www.reddit.com/r/datascience/comments/1q0vtzx/official_2025_end_of_year_salary_sharing_thread/
True,,,3.5 years at this company; 10+ years total,107000.0,USD,Finance,Two master's degrees: one in Management Analytics and one in Science,0.0,None,107000.0,Hybrid: 3 days in office per week. Total comp excludes insurance and welfare required by regulation. The sheer difference per location surprises me.,,https://www.reddit.com/r/datascience/comments/1q0vtzx/official_2025_end_of_year_salary_sharing_thread/nx228mi/,,ThrowRA_120days,,13,"* Tenure length: 3.5 in this company, 10+years
* Location: Shanghai, China
   * $Remote: 3 days in office per week
* Salary: $107k 
* Company/Industry: finance
* Education: two master degrees, one in management analytics, the other one in science
* Relocation/Signing Bonus: none
* Stock and/or recurring bonuses:none
* Total comp:$107k (but excluding insurance and welfare required by regulation)

the sheer difference per location surprises me. :)",True,"Shanghai, China",China,Shanghai,10+ years total experience,,,,,,[Official] 2025 End of Year Salary Sharing thread,https://www.reddit.com/r/datascience/comments/1q0vtzx/official_2025_end_of_year_salary_sharing_thread/
True,Junior Machine Learning Engineer,Junior,2 months,,,Health Insurance,"MS in Data Analytics, BS in Computer Engineering",,,80000.0,Just started the role. The job market has been horrible but my career plans of moving to DS have materialized.,,https://www.reddit.com/r/datascience/comments/1q0vtzx/official_2025_end_of_year_salary_sharing_thread/nx3tgsn/,,wcb98,,12,"Title: Junior Machine Learning Engineer

Location: Remote

Industry: Health Insurance

TC: $80,000

Tenure: 2 months. Just started the role!

Experience: 2.5 years of experience as a data engineer + DS internships

Education: MS in Data Analytics, BS in Computer Engineering

The job market has been horrible but my career plans of moving to DS have materialized!",True,Remote,,,2.5 years of experience as a data engineer,True,,,,,[Official] 2025 End of Year Salary Sharing thread,https://www.reddit.com/r/datascience/comments/1q0vtzx/official_2025_end_of_year_salary_sharing_thread/
True,Data Scientist,,1 year,180000.0,USD,AI platform startup,MSc Math,,"Some stock options each year; valued at about 20000 USD per year based on latest funding round. Uncertain realizable value (IPO/acquisition risk), so not included in TC.",180000.0,Remote role for Bay Area company while living in Canada; paid in USD.,,https://www.reddit.com/r/datascience/comments/1q0vtzx/official_2025_end_of_year_salary_sharing_thread/nx1ojcu/,,_hairyberry_,,12,"Title: Data Scientist

•	⁠Tenure length: 1 year

•	⁠Location: Bay Area, but it’s remote and I live in Canada

•	⁠Salary: $180k USD

•	⁠Company/Industry: AI platform startup

•	⁠Education: MSc Math

•	⁠Prior Experience: ~3 years in data science before this job

•	⁠Stock and/or recurring bonuses: Some stock options each year. Based on the latest funding round, they’re worth ~$20k per year. But tbh I have no idea if they’ll ever actually be worth anything via IPO/acquisition, so not sure if I should include it in my TC. I view them more as lottery tickets. 

•	⁠Total comp: $180k USD",True,"Bay Area, but it’s remote and I live in Canada",Canada,,~3 years in data science before this job,,,,,,[Official] 2025 End of Year Salary Sharing thread,https://www.reddit.com/r/datascience/comments/1q0vtzx/official_2025_end_of_year_salary_sharing_thread/
True,Data Scientist,,4 yrs,170000.0,CAD,finance,Masters,,~$50-70k CAD,,"Total compensation range reported as $220-240k CAD. Comment: While TC still lags behind the US, it’s not such a big gap to consider moving to a US job.",,https://www.reddit.com/r/datascience/comments/1q0vtzx/official_2025_end_of_year_salary_sharing_thread/nx2mll6/,,Pleasant-Sentence809,,10,"⁠Data Scientist


- Tenure length: 4 yrs

- Location: Canada

- ⁠Salary: $170k CAD

- Company/Industry: finance

- Education: Masters

- Stock and/or recurring bonuses: ~$50-70k CAD

- Total comp: $220-240k CAD


While TC still lags behind the US, it’s at least not so big of a gap that I think about trying to get a US job.",,Canada,Canada,,,,,,,,[Official] 2025 End of Year Salary Sharing thread,https://www.reddit.com/r/datascience/comments/1q0vtzx/official_2025_end_of_year_salary_sharing_thread/
True,Senior Manager,,,170000.0,,Big 5,,,Senior managers have a special ESOP; normal employees have smaller ESOP. There is a stock bonus in addition to a year-end cash bonus typically 10–15% of base pay.,,"Pay range visible via internal Workday. The 170k base salary referenced appears to be for the other person in the thread, not the commenter.",,https://www.reddit.com/r/datascience/comments/1q0vtzx/official_2025_end_of_year_salary_sharing_thread/nx4t5wh/,,Interesting-Owl1171,,1,I'm in big 5 as well. Can see pay range through internal workday. I know senior manager have special bonus of esop. Normal empmoyee do have esop but not much. Quite surprise that's there stock bonus beside year end bonus which is usually 10-15% of base pay. May be you are exceptional case. But you' re pay at 170k base salary means you are at senior manager level,,,,,,,,,,,[Official] 2025 End of Year Salary Sharing thread,https://www.reddit.com/r/datascience/comments/1q0vtzx/official_2025_end_of_year_salary_sharing_thread/
True,Sr Decision Scientist,Senior,"4.5 at company, 6.5 total",150000.0,USD,Agriculture / Supply Chain,MS Stats,,Annual bonus ~15% +/- 5%. Stock grants ~15% annual with 3-year vesting period.,175000.0,"Hybrid role in a LCOL/MCOL Midwest US area (not Chicago). Total comp ~$175k this year with bonus payout; expects an additional $15–25k/yr when stock grants vest at end of 2026. Work involves statistical analysis (regression), light operations research (probabilistic simulation, MILPs), and complex data transformations. Plans to pivot to a non-DS role within 1–2 years; enjoys current job and compensation.",,https://www.reddit.com/r/datascience/comments/1q0vtzx/official_2025_end_of_year_salary_sharing_thread/nx2u4iq/,,rogmexico,,10,"Title: Sr Decision Scientist

* Tenure length: 4.5 at company, 6.5 total

* Location: Midwest US, LCOL/MCOL, not Chicago
*  Remote: Hybrid
* Salary: $150K
* Company/Industry: Agriculture / Supply Chain
* Education: MS Stats
* Prior Experience: 3 years as data analyst
* Relocation/Signing Bonus: N/A
* Stock and/or recurring bonuses: Annual bonus ~15% +/- 5%, Stock grants ~15% annual with 3 year vesting period.
* Total comp: ~$175k this year with bonus payout in spring, add another $15-25k when stock grants vest end of 2026.

Have a fun job and am paid well, but will be looking to pivot to something non-DS in my company over the next 1-2 years. Most of my current work is a mix of statistical analysis (lots of regression), lite operations research (probabilistic simulation, MILPs), and complex data transformation processes that are beyond the capability/scope of our BI teams.",True,"Midwest US, LCOL/MCOL, not Chicago",United States,,3 years as data analyst,,,,,,[Official] 2025 End of Year Salary Sharing thread,https://www.reddit.com/r/datascience/comments/1q0vtzx/official_2025_end_of_year_salary_sharing_thread/
True,Senior Data Scientist,Senior,6 months,135000.0,USD,Large Bank,"BS in Data Science, MS in Applied Stats",0.0,$10-15k,,Total compensation reported as a range: $145-150k. Flexible hybrid work arrangement (part-remote).,,https://www.reddit.com/r/datascience/comments/1q0vtzx/official_2025_end_of_year_salary_sharing_thread/nx2m3fb/,,ShrimpUnforgivenCow,,7,"Title: Senior Data Scientist

* Tenure length: 6 months, 5 years in industry 
* Location: MCOL Midwest City, Flexible hybrid
* Salary: $135k
* Company/Industry: Large Bank
* Education: BS in Data Science, MS in Applied Stats 
* Prior Experience: Data Analyst (2.5 yrs), Data Engineer (2 years)
* Relocation/Signing Bonus: NA
* Stock and/or recurring bonuses: $10-15k
* Total comp: $145-$150k",True,"MCOL Midwest City, Flexible hybrid",United States,,"5 years in industry; Data Analyst (2.5 yrs), Data Engineer (2 years)",,,,,,[Official] 2025 End of Year Salary Sharing thread,https://www.reddit.com/r/datascience/comments/1q0vtzx/official_2025_end_of_year_salary_sharing_thread/
True,Staff Data Scientist,Staff,2 years,269500.0,USD,Meta,BA,75000.0,20% bonus; ~$450k RSUs,773000.0,14 YOE total; sign-on was 2 years ago,,https://www.reddit.com/r/datascience/comments/1q0vtzx/official_2025_end_of_year_salary_sharing_thread/nx462bs/,,Tiny-Blacksmith-7473,,5,"Title: Staff Data Scientist

•	Tenure length: 2 years (14 YOE total)

•	⁠Location: Bay Area

•	⁠Salary: $269500 salary/20% bonus/~$450k RSUs

•	⁠Company/Industry: Meta

•	⁠Education: BA

•	⁠Prior Experience: Google, small companies

•	⁠Relocation/Signing Bonus: $75k sign on 2 years ago

•	⁠Stock and/or recurring bonuses: above

•	⁠Total comp: ~773k",,Bay Area,United States,San Francisco,"Google, small companies",,,,,,[Official] 2025 End of Year Salary Sharing thread,https://www.reddit.com/r/datascience/comments/1q0vtzx/official_2025_end_of_year_salary_sharing_thread/
True,Data Scientist,New Grad,2 months,115000.0,USD,Automotive,Masters and Bachelors in Math,,9% target annual bonus + ~6000 lump sum into 401k (in addition to matching),,New grad (0 YOE),,https://www.reddit.com/r/datascience/comments/1q0vtzx/official_2025_end_of_year_salary_sharing_thread/nx3hh0c/,,SnooCheesecakes6143,,4,"Title: Data scientist

﻿﻿Tenure length: 2 months (new grad — 0 YOE)

﻿﻿Location: Dallas

﻿﻿Salary: $115,000

﻿﻿Company/Industry: Automotive

﻿﻿Education: Masters (and Bachelors) in math

﻿﻿Prior Experience: 1 non tech internship, 1 FAANG internship

Bonus: 9% target + ~6k lump sum into 401k (in addition to matching)",,Dallas,United States,Dallas,0 YOE; 1 non-tech internship; 1 FAANG internship,True,,,,,[Official] 2025 End of Year Salary Sharing thread,https://www.reddit.com/r/datascience/comments/1q0vtzx/official_2025_end_of_year_salary_sharing_thread/
True,"Principle Data Scientist (analytics, not ML)",Principal,"<1 year at the company that laid me off, 12 years total",270000.0,USD,Tech startup,Masters in DS,,No bonus. Paper money for RSUs since it was a startup,,Currently unemployed; laid off earlier this year. Worked remotely. Wrote about salary progression from $73k in 2013 to $500k in 2025: https://www.reddit.com/r/datascience/comments/1fhli34/my_path_into_dataproduct_analytics_in_big_tech/,,https://www.reddit.com/r/datascience/comments/1q0vtzx/official_2025_end_of_year_salary_sharing_thread/nx3q6tm/,,productanalyst9,,4,"I'm unemployed right now but before I was laid off earlier this year:

  
Principle Data Scientist (analytics, not ML)

* Tenure: &lt;1 year at the company that laid me off, 12 years total
* Location: Based in US but worked remotely
* Salary: $270k
* RSUs/Bonus: No bonus. Paper money for RSUs since it was a startup
* Company: Tech startup
* Education: Masters in DS
* Prior experience: 4 yrs outside of data, 8 years of data experience

I wrote about my entire salary progression from $73k in 2013 to $500k in 2025 here: [https://www.reddit.com/r/datascience/comments/1fhli34/my\_path\_into\_dataproduct\_analytics\_in\_big\_tech/](https://www.reddit.com/r/datascience/comments/1fhli34/my_path_into_dataproduct_analytics_in_big_tech/)",True,Based in US but worked remotely,United States,,"4 yrs outside of data, 8 years of data experience",,,,,,[Official] 2025 End of Year Salary Sharing thread,https://www.reddit.com/r/datascience/comments/1q0vtzx/official_2025_end_of_year_salary_sharing_thread/
True,,,,,,Startup,,,Equity granted but none had vested at time of company exit; received nothing from the exit.,,Company was a Series C/D startup that exited. Poster prefers startup environments but notes compensation is typically worse at startups.,,https://www.reddit.com/r/datascience/comments/1q0vtzx/official_2025_end_of_year_salary_sharing_thread/nx7fz74/,,productanalyst9,,1,"They were a series C/D startup before exiting (I didn’t get anything from the exit as none of my equity had vested). I generally like the startup experience more. I’d rather be a trout in a small pond than a plankton in an ocean haha. The trade off is that the comp is almost always worse at startups. 

I appreciate your well wishes!",,,,,,,,,,,[Official] 2025 End of Year Salary Sharing thread,https://www.reddit.com/r/datascience/comments/1q0vtzx/official_2025_end_of_year_salary_sharing_thread/
True,Junior business analyst,Junior,,128000.0,USD,Semiconductor industry,BS in Information Systems; minor in Computer Science,,,,Soon to be data scientist,,https://www.reddit.com/r/datascience/comments/1q0vtzx/official_2025_end_of_year_salary_sharing_thread/nx1oktc/,,Comfortably_salty,,7,"- 3 years of experience (all 3 at the same company)
- Bay area, CA
- $128k
- Junior business analyst soon to be data scientist 
- BS in information systems and minor in CS
- semiconductor industry",,"Bay area, CA",United States,San Francisco,3 years (all at the same company),,,,,,[Official] 2025 End of Year Salary Sharing thread,https://www.reddit.com/r/datascience/comments/1q0vtzx/official_2025_end_of_year_salary_sharing_thread/
True,Data analyst,,,110000.0,USD,AI company,MS in Statistics,,,,,,https://www.reddit.com/r/datascience/comments/1q0vtzx/official_2025_end_of_year_salary_sharing_thread/nx1vf5l/,,ch4nt,,3,"- 3 years of experience (first year was at a fintech)
- San Francisco, CA
- $110K
- Data analyst
- MS in Statistics
- AI company",,"San Francisco, CA",United States,San Francisco,3 years of experience (first year was at a fintech),,,,,,[Official] 2025 End of Year Salary Sharing thread,https://www.reddit.com/r/datascience/comments/1q0vtzx/official_2025_end_of_year_salary_sharing_thread/
True,Sr DS,Senior,<1 yr at company,251000.0,USD,Tech,PhD Statistics,,$124k annual RSU,375000.0,,,https://www.reddit.com/r/datascience/comments/1q0vtzx/official_2025_end_of_year_salary_sharing_thread/nx29fwh/,,vamsi0502,,3,"•     Title: Sr DS

⁠•     Tenure length: &lt;1 yr at company

•	⁠Location: SF Bay Area

•	⁠Salary: $251k

•	⁠Company/Industry: Tech

•	⁠Education: PhD Statistics

•	⁠Prior Experience: 2.5 yrs at another tech

•	⁠Stock and/or recurring bonuses: $124k annual RSU

•	⁠Total comp: $375k",,SF Bay Area,United States,San Francisco,2.5 yrs at another tech,,,,,,[Official] 2025 End of Year Salary Sharing thread,https://www.reddit.com/r/datascience/comments/1q0vtzx/official_2025_end_of_year_salary_sharing_thread/
True,,,1.5 yr,93000.0,,Defense contractor,BSc in DS,,,,,,https://www.reddit.com/r/datascience/comments/1q0vtzx/official_2025_end_of_year_salary_sharing_thread/nx2doi6/,,datarespecter,,3,"1.5 yr
Remote
93k
Defense contractor
BSc in DS
2 yrs prev exp",True,Remote,,,2 yrs previous experience,,,,,,[Official] 2025 End of Year Salary Sharing thread,https://www.reddit.com/r/datascience/comments/1q0vtzx/official_2025_end_of_year_salary_sharing_thread/
True,Data Scientist,Junior,Since September,32000.0,EUR,Major perfume brand,Current: Bachelor in Data Science; preparing a Master's in Data Science since September. Prior: Technical degree in Chemistry; Bachelor in Organic Chemistry; Bachelor in Sensory Sciences.,,Stock/equity: 5000; Bonus: 8000,45000.0,Working in data governance. Remote 4 days a month. First job in data.,,https://www.reddit.com/r/datascience/comments/1q0vtzx/official_2025_end_of_year_salary_sharing_thread/nx1sp53/,,Icy-Tradition-7646,,4,"Data scientist, junior, in data governance. First job in data.
Since September at a major perfume brand in Paris
Remote 4 days a month
Prior experience : different experiences in quality control labs. 
Current education :bachelor in data science and I am preparing a masters in data science since September. 
Prior education :I got a technical degree in chemistry, a bachelor in organic chemistry and a bachelor in sensory sciences.
Salary : 32k
Stock :5k
Bonus: 8k
Total: 45k",True,Paris,France,Paris,Different experiences in quality control labs.,,,,,,[Official] 2025 End of Year Salary Sharing thread,https://www.reddit.com/r/datascience/comments/1q0vtzx/official_2025_end_of_year_salary_sharing_thread/
True,Senior Data Scientist,Senior,3.5 years,170000.0,USD,Tech,MS Econ,300000.0,Signing grant: $300K in RSUs. Ongoing stock varies between $75K–$150K per year depending on the year. Annual bonus: 10%.,,"Up for Staff this spring. Remote from a US MCOL Midwest city. Benefits include 100% company-paid healthcare for self and family, lifestyle spending stipend, and remote work stipend, together valued around $40K. Reported total compensation ranges between $270K and $350K.",,https://www.reddit.com/r/datascience/comments/1q0vtzx/official_2025_end_of_year_salary_sharing_thread/nx395ns/,,save_the_panda_bears,,5,"* **Title:** Senior Data Scientist, up for Staff this spring

* **Tenure Length:** 3.5 years

* **Location:** NYC

    * **Remote:** Yes, working from a US MCOL Midwest city

* **Salary:** $170K

* **Company/Industry:** Tech

* **Education:** MS Econ

* **Prior Experience:** 4 years DS

* **Signing Bonus:** $300K RSUs

* **Stock:** Depends, anywhere between $150K to $75K depending on the year.

* **Bonus:** 10%

* **Other:** 100% company paid healthcare for myself and entire family, lifestyle spending stipend, remote work stipend, all valued around $40K

* **Total Comp:** Somewhere between $270K and $350K",True,NYC,United States,New York City,4 years DS,,,,,,[Official] 2025 End of Year Salary Sharing thread,https://www.reddit.com/r/datascience/comments/1q0vtzx/official_2025_end_of_year_salary_sharing_thread/
True,Senior Data Scientist,Senior,4 years (promoted this year),155000.0,USD,ecomm,MS Statistics,0.0,50k in RSU,,Promoted this year,,https://www.reddit.com/r/datascience/comments/1q0vtzx/official_2025_end_of_year_salary_sharing_thread/nx30ohs/,,Any-Progress-4570,,2,"title : sr data scientist  

tenure length: 4 years (promoted this year)  

location: nyc fully remote  

salary: 155k  

industry: ecomm  

education: ms statistics  

prior experience: 15 years in analytics  

signing bonus: 0  

stock: 50k in RSU",True,nyc fully remote,United States,New York City,15 years in analytics,,,,,,[Official] 2025 End of Year Salary Sharing thread,https://www.reddit.com/r/datascience/comments/1q0vtzx/official_2025_end_of_year_salary_sharing_thread/
True,Data Scientist,,3.5 years,106000.0,USD,legacy media conglomerate,"MS Statistics, BS Applied Math",,,106000.0,,,https://www.reddit.com/r/datascience/comments/1q0vtzx/official_2025_end_of_year_salary_sharing_thread/nx3n8m3/,,bananaguard4,,2,"Title: Data Scientist

Tenure length: 3.5 years

Location: Philadelphia 

Remote: True

Salary: 106k

Company/Industry: legacy media conglomerate

Education: MS Statistics, BS Applied Math

Prior Experience: Undergraduate research assistant, biostatistics

Relocation/Signing Bonus: NA

Stock and/or recurring bonuses: NA

Total comp: 106000",True,Philadelphia,United States,Philadelphia,"Undergraduate research assistant, biostatistics",,,,,,[Official] 2025 End of Year Salary Sharing thread,https://www.reddit.com/r/datascience/comments/1q0vtzx/official_2025_end_of_year_salary_sharing_thread/
True,Senior Data Scientist,Senior,,145000.0,USD,Biotech/Life Sciences,Master's level in healthcare/biostatistics,,No stocks; total compensation includes bonus to reach ~163K,163000.0,Feels underpaid; background in healthcare/biostatistics.,,https://www.reddit.com/r/datascience/comments/1q0vtzx/official_2025_end_of_year_salary_sharing_thread/nx4hjoa/,,thro0away12,,2,"Senior Data Scientist

- YOE: 8
data analyst -&gt; data scientist -&gt; data analytics role -&gt; senior data scientist 

- Location: Northeast 

- Industry: Biotech/Life Sciences, background is in healthcare/biostatistics (masters level) 

- Salary: Base $145K , total with bonus around $163K. No stocks 

I personally feel underpaid but curious to know if I’m actually more average than I think",,Northeast,United States,,8 years (YOE); career path: data analyst → data scientist → data analytics role → senior data scientist,,,,,,[Official] 2025 End of Year Salary Sharing thread,https://www.reddit.com/r/datascience/comments/1q0vtzx/official_2025_end_of_year_salary_sharing_thread/
True,Staff Data Scientist,Staff,6yr,360000.0,CAD,Tech,Bsc,,,,,,https://www.reddit.com/r/datascience/comments/1q0vtzx/official_2025_end_of_year_salary_sharing_thread/nx52e6v/,,mfilo,,2,"Title: Staff Data Scientist
    
Tenure length: 6yr
    
Location: Toronto
        
$Remote: yes
   
 Salary: $360k CAD
    
Company/Industry: Tech
   
 Education: Bsc
        
Coop: 4 months",True,Toronto,Canada,Toronto,Co-op: 4 months,,True,,,,[Official] 2025 End of Year Salary Sharing thread,https://www.reddit.com/r/datascience/comments/1q0vtzx/official_2025_end_of_year_salary_sharing_thread/
True,,,15 months,100000.0,USD,Business Consulting,PhD in Political Science,0.0,5%,105000.0,,,https://www.reddit.com/r/datascience/comments/1q0vtzx/official_2025_end_of_year_salary_sharing_thread/nx5q3kb/,,denM_chickN,,2,"Tenure length: 15 months


Location: Remote/ MO, USA 


Salary: 100,000


Company/Industry: Business Consulting


Education: PhD in Political Science 


Prior Experience: Publications, annotation jobs


Relocation/Signing Bonus: 0


Stock and/or recurring bonuses: 5%


Total comp: 105,000",True,"Remote/ MO, USA",United States,,"Publications, annotation jobs",,,,,,[Official] 2025 End of Year Salary Sharing thread,https://www.reddit.com/r/datascience/comments/1q0vtzx/official_2025_end_of_year_salary_sharing_thread/
True,Data Science Associate,,1.5 years,120000.0,USD,Finance,BS in Mathematics,10000.0,,,Total experience: 2.5 years,,https://www.reddit.com/r/datascience/comments/1q0vtzx/official_2025_end_of_year_salary_sharing_thread/nx5s3g5/,,goldendaysgirl,,2,"Title: Data Science Associate

Tenure Length: 1.5 years, 2.5 years total experience

Location: Washington, DC, Hybrid

Salary: $120k

Company/Industry: Finance

Education: BS in Mathematics

Prior Experience: ~1 year doing data analytics at tech startup, internship to full time

Signing bonus: $10k",True,"Washington, DC, Hybrid",United States,Washington DC,"~1 year doing data analytics at tech startup, internship to full time",True,,,,,[Official] 2025 End of Year Salary Sharing thread,https://www.reddit.com/r/datascience/comments/1q0vtzx/official_2025_end_of_year_salary_sharing_thread/
True,,,1.5 years,120000.0,USD,Startup Space,Computer Science Bachelor,,Stock-related bonus present but considered worth 0 due to conditions,,,,https://www.reddit.com/r/datascience/comments/1q0vtzx/official_2025_end_of_year_salary_sharing_thread/nx66111/,,SatanicSurfer,,2,"- 1.5 years tenure
- USA LCOL - Remote
- 120k USD/year salary. There’s some stock related bonus but due to the conditions I consider it as worth 0.
- Startup Space
- Computer Science Bachelor
- 4-5 years of experience",True,USA LCOL - Remote,United States,,4-5 years,,,,,,[Official] 2025 End of Year Salary Sharing thread,https://www.reddit.com/r/datascience/comments/1q0vtzx/official_2025_end_of_year_salary_sharing_thread/
True,Senior Data Scientist,Senior,,147000.0,USD,"Consulting (mid-size firm, doing modeling/analysis for a few different fortune 500 companies)","MS Data Science, BS comp sci",,No stock or recurring bonuses; total comp is just salary,147000.0,,,https://www.reddit.com/r/datascience/comments/1q0vtzx/official_2025_end_of_year_salary_sharing_thread/nx9hpf2/,,Only_Sneakers_7621,,2,"Senior Data Scientist

* 4.5 years as DS, 9 years prior as BI developer/data analyst/senior data analyst
* Mid size midwestern city (I work remote)
* $147K salary
* Consulting (mid-size firm, doing modeling/analysis for a few different fortune 500 companies)
* MS Data Science, BS comp sci
* Total comp is just my salary",True,Mid size midwestern city (I work remote),United States,,"4.5 years as DS, 9 years prior as BI developer/data analyst/senior data analyst",,,,,,[Official] 2025 End of Year Salary Sharing thread,https://www.reddit.com/r/datascience/comments/1q0vtzx/official_2025_end_of_year_salary_sharing_thread/
True,Sr. Data Scientist,Senior,8 years at this company,130000.0,USD,Sports Media,"BS Math, BA Philosophy, MA Math",,"Annual bonus based on company metrics (typically 10%); 5% 401k contribution (no matching needed); 170k phantom stock (payout if they sell the company, scales to 30% of 10-year total comp)",157000.0,Remote in the USA; company is based in Vegas. 1 YOE prior to joining current company.,,https://www.reddit.com/r/datascience/comments/1q0vtzx/official_2025_end_of_year_salary_sharing_thread/nxa3od1/,,SuntailHawk,,2,"* Title: Sr. Data Scientist
* Tenure: 8 years at this company (1 YOE prior)
* Location: Remote / USA, company is based in Vegas
* Salary: 130k
* Industry: Sports Media
* Education: BS Math, BA Philosophy, MA Math
* Prior Experience: 1 yr as business analyst at a telecom; prior titles of sr. data analyst and data scientist at current company
* Stock/bonuses: Annual bonus based on company metrics (typically 10%), 5% 401k contribution (no matching needed), 170k phantom stock (payout if they sell the company, scales to 30% of 10-year total comp)
* Total Comp: 157k last year",True,"Remote / USA, company is based in Vegas",United States,,1 year as business analyst at a telecom; prior titles at current company: senior data analyst and data scientist,,,,,,[Official] 2025 End of Year Salary Sharing thread,https://www.reddit.com/r/datascience/comments/1q0vtzx/official_2025_end_of_year_salary_sharing_thread/
True,Senior DS,Senior,~7 YOE,190000.0,USD,Tech/SaaS,MS Operations Research,,~$130k USD in stock and/or recurring bonuses,320000.0,,,https://www.reddit.com/r/datascience/comments/1q0vtzx/official_2025_end_of_year_salary_sharing_thread/nxag2nc/,,iluvbinary1011,,2,"* Title: Senior DS
* Tenure length: \~7 YOE
* Location: Seattle
* Salary: \~$190k USD
* Company/Industry: Tech/SaaS
* Education: MS Operations Research
* Stock and/or recurring bonuses: \~$130k USD
* Total comp: \~$320k USD",,Seattle,United States,Seattle,,,,,,,[Official] 2025 End of Year Salary Sharing thread,https://www.reddit.com/r/datascience/comments/1q0vtzx/official_2025_end_of_year_salary_sharing_thread/
True,Senior Data Scientist,Senior,0 just signed,200000.0,USD,Fintech,Masters in DS,0.0,$200k RSU over 4 years (50k/yr) + $20k RSU per year,280000.0,,,https://www.reddit.com/r/datascience/comments/1q0vtzx/official_2025_end_of_year_salary_sharing_thread/nxbwqpq/,,champagnesashimi,,2,"Title: Senior Data Scientist

Tenure length: 0 just signed, 1.5 years post-masters at previous company

Location: NYC/remote

Salary: $200K base

Company/Industry: Fintech

Education: Masters in DS

Relocation/Signing Bonus: None

Stock and/or recurring bonuses: $200k RSU over 4 years (50K/yr) + 20k RSU per year

Total comp: \~$280k",True,NYC/remote,United States,New York City,1.5 years post-masters at previous company,,,,,,[Official] 2025 End of Year Salary Sharing thread,https://www.reddit.com/r/datascience/comments/1q0vtzx/official_2025_end_of_year_salary_sharing_thread/
True,Senior Product Analyst,Senior,1 year 2 months,130000.0,USD,marketplace / automotive,Bachelor's in Economics,0.0,$15k stock and/or recurring bonuses,145000.0,Negotiated base 143000 starting in 2026. Company based in Texas; employee is remote in Portland. Aiming for DS/data architect; doing experimentation and regression work mostly in Python; Datarobot available but not yet used.,,https://www.reddit.com/r/datascience/comments/1q0vtzx/official_2025_end_of_year_salary_sharing_thread/nxh4v8r/,,Katieg_jitsu,,2,"Title: senior product analyst (aiming for DS someday)

•	⁠Tenure length: 1 year 2 months 
•	⁠Location: Texas  company 
	⁠•	⁠$Remote: remote located in Portland 
•	⁠Salary: base start 130k, negotiated 143k start 2026
•	⁠Company/Industry: marketplace / automotive 
•	⁠Education: bachelors in Econ 
•	⁠Prior Experience: 6 years (4 analytics, 2 operations management)
	⁠•	⁠$Internship none 
	⁠•	⁠$Coop
•	⁠Relocation/Signing Bonus: 0 
•	⁠Stock and/or recurring bonuses: $15k
•	⁠Total comp : $145k 


Starting 2026 at base $143k and working towards a data architect promotion we dont have DS roles. I have been pushing my scope to try and do more DS type stuff around experimentation and regression analysis. We have datarobot for ML but i havent spent the time in it yet. Ive done most stuff in python.  Appreciate everyone posting in the thread",True,Texas company; remote located in Portland,United States,Portland,"6 years (4 analytics, 2 operations management)",False,,,,,[Official] 2025 End of Year Salary Sharing thread,https://www.reddit.com/r/datascience/comments/1q0vtzx/official_2025_end_of_year_salary_sharing_thread/
True,Applied Scientist,Senior,8 years,184000.0,USD,E-commerce,Masters,,290k I believe.,474000.0,,,https://www.reddit.com/r/datascience/comments/1q0vtzx/official_2025_end_of_year_salary_sharing_thread/nxih093/,,Commercial_Note_210,,2,"Title: Senior applied scientist

Tenure length: 8 years

Location: Boston

$Remote: No

Salary: $184k

Company/Industry: E-commerce

Education: Masters

Stock and/or recurring bonuses: 290k I believe. 

Total comp: $474k",False,Boston,United States,Boston,,,,,,,[Official] 2025 End of Year Salary Sharing thread,https://www.reddit.com/r/datascience/comments/1q0vtzx/official_2025_end_of_year_salary_sharing_thread/
True,"Senior Director of AI, Analytics & Innovation (buzz buzz)",Senior Director,3 years (Jan 3rd),307000.0,USD,Market intelligence (Tech),PhD in Cognitive Science,,"$360,000 RSUs/yr (3 year vest quarterly, 1 year cliff) / 25% Annual Bonus",595846.0,"Remote 100%, most of the company RTO though; Total comp noted as gross comp as of Dec 15th 25'.",,https://www.reddit.com/r/datascience/comments/1q0vtzx/official_2025_end_of_year_salary_sharing_thread/nycm2bx/,,fatchad420,,2,"**Title:** Senior Director of AI, Analytics &amp; Innovation (buzz buzz)
* **Tenure length:** 3 years (Jan 3rd)
* **Location:** Greater New York, NY 
    * **Remote:** Remote 100%, most of the company RTO though
* **Salary:** $307,000
* **Company/Industry:** Market intelligence (Tech) 
* **Education:** PhD in Cognitive Science 
* **Prior Experience:** 18 years (11 in DS)
    * **Internship:** N/A
    * **Coop:** N/A
* **Relocation/Signing Bonus:** N/A
* **Stock and/or recurring bonuses:** $360,000 RSUs/yr (3 year vest quarterly, 1 year cliff) / 25% Annual Bonus
* **Total comp:** $595,846 (gross comp as of Dec 15th 25')",True,"Greater New York, NY",United States,New York City,18 years (11 in DS),,,,,,[Official] 2025 End of Year Salary Sharing thread,https://www.reddit.com/r/datascience/comments/1q0vtzx/official_2025_end_of_year_salary_sharing_thread/
True,,,,,USD,Academia (NYU and Columbia),,,,,Adjunct teaching as a side job each semester. $228.28 per hour for Spring/Fall '26 at NYU with 21 contracted hours; $214.25 per hour for Summer '25 at Columbia with 22.5 contracted hours.,,https://www.reddit.com/r/datascience/comments/1q0vtzx/official_2025_end_of_year_salary_sharing_thread/nycnm5u/,,fatchad420,,2,I also adjunct a class every semester on the side. $228.28/Hr (21 contracted hours for Spring/Fall 26' @ NYU) and $214.25/HR (22.5 contracted hours for summer 25' @ Columbia) in case anyone is curious about academia.,,NYU; Columbia,United States,New York City,,,,,,,[Official] 2025 End of Year Salary Sharing thread,https://www.reddit.com/r/datascience/comments/1q0vtzx/official_2025_end_of_year_salary_sharing_thread/
True,Applied NLP Researcher,,3yr6m,155000.0,,Healthcare,"PhD (neuroscience), MS (data science)",,Annual bonus 9000; stock is peanuts,,Rumor that HR is re-evaluating pay; awaiting potential changes in Q1.,,https://www.reddit.com/r/datascience/comments/1q0vtzx/official_2025_end_of_year_salary_sharing_thread/nzgw0l3/,,smilodon138,,2,"I'm in the exact same situation I was last year:

* **Title**: Applied NLP Researcher
* **Tenure length:** 3yr6m, \~1yr previous DS experience
* **Location:** remote
* **Salary:** 155k
* **Company/Industry:** Healthcare
* **Education:** PhD (neuroscience), MS (data science)
* **Prior Experience:** \~1yr previous ds experience at a small SaaS startup. waaaayyyyy tooo much time in academia
* **Relocation/Signing Bonus:** N/A
* **Stock and/or recurring bonuses:** stock is peanuts, bonus:9k

There was rumor that HR is re-evaluating our pay. I don't have my hopes up, but wonder what will be in store Q1...",True,remote,,,~1yr previous DS experience at a small SaaS startup; waaaayyyyy tooo much time in academia,,,,,,[Official] 2025 End of Year Salary Sharing thread,https://www.reddit.com/r/datascience/comments/1q0vtzx/official_2025_end_of_year_salary_sharing_thread/
True,Director of Data Science,Director,~10y,350000.0,,Big tech,"PhD, math",,~$150k annual bonus; ~$3M stock/equity (details not specified),3500000.0,HCOL (high cost of living) noted; specific city/country not provided. Linked last year's post for comparison.,,https://www.reddit.com/r/datascience/comments/1q0vtzx/official_2025_end_of_year_salary_sharing_thread/nzmf98j/,,internet_poster,,2,"Title: Director of Data Science

Tenure length: ~10y

Location: HCOL 

Salary: ~$350k base, ~$150k bonus

Company/Industry: Big tech

Education: PhD, math

Stock and/or recurring bonuses: ~$3M

Total comp: ~$3.5M

([last year's for comparison](https://www.reddit.com/r/datascience/comments/1ia175l/official_2024_end_of_year_salary_sharing_thread/m9pom92/))",,HCOL,,,,,,,,,[Official] 2025 End of Year Salary Sharing thread,https://www.reddit.com/r/datascience/comments/1q0vtzx/official_2025_end_of_year_salary_sharing_thread/
True,,,,,,,,,Maxed out stock grants; additional upside from stock appreciation.,1000000.0,"Stated/posted total compensation for this role/level is approximately 1,000,000. Very high performers with maxed stock grants can reach just under 2,000,000 TC; amounts above that would come from stock appreciation. Specific base salary, bonuses, title, level, company, and location were not provided.",,https://www.reddit.com/r/datascience/comments/1q0vtzx/official_2025_end_of_year_salary_sharing_thread/nzyyoea/,,internet_poster,,2,"Roughly speaking, stated comp for this role/level (eg in an external posting) is ~1M TC. Being a very high performer and getting maxed out stock grants can get you to just under ~2M. Rest is stock appreciation.",,,,,,,,,,,[Official] 2025 End of Year Salary Sharing thread,https://www.reddit.com/r/datascience/comments/1q0vtzx/official_2025_end_of_year_salary_sharing_thread/
True,,,,,,,,,RSUs currently worth about one-third of what they were when they started; equity value drop impacting compensation,,"Total compensation is the same as it was 4 years ago despite a promotion, attributed to RSU value decline",,https://www.reddit.com/r/datascience/comments/1q0vtzx/official_2025_end_of_year_salary_sharing_thread/nx1l81z/,,Greedy_Bar6676,,3,This thread makes me sad because my TC is the same it was 4 years ago despite a promotion because my RSUs are worth like 1/3 what they were when I started,,,,,,,,,,,[Official] 2025 End of Year Salary Sharing thread,https://www.reddit.com/r/datascience/comments/1q0vtzx/official_2025_end_of_year_salary_sharing_thread/
True,,,1 year,100000.0,USD,Biotech,PhD in Chemical Engineering,0.0,5-10%,,,,https://www.reddit.com/r/datascience/comments/1q0vtzx/official_2025_end_of_year_salary_sharing_thread/nx2rrqw/,,titros2tot,,1,"•	⁠Tenure length: 1 year

•	⁠Location: Western US

•	⁠Salary: $100k

•	⁠Company/Industry: Biotech 

•	⁠Education: PhD in Chemical Engineering 

•	⁠Prior Experience: None

•	⁠Relocation/Signing Bonus: N/A

•	⁠Stock and/or recurring bonuses: 5-10%",,Western US,United States,,None,,,,,,[Official] 2025 End of Year Salary Sharing thread,https://www.reddit.com/r/datascience/comments/1q0vtzx/official_2025_end_of_year_salary_sharing_thread/
True,,,"2 years at company, 6 years in total",90000.0,USD,banking,4y bachelors,,,,Tax free,,https://www.reddit.com/r/datascience/comments/1q0vtzx/official_2025_end_of_year_salary_sharing_thread/nx3d0ir/,,shakakaZululu,,1,"Tenure: 2 years at company, 6 years in total
Location. : UAE
Salary : 90k USD(Tax free)
Industry : banking
Education: 4y bachelors",,UAE,United Arab Emirates,,,,,,,,[Official] 2025 End of Year Salary Sharing thread,https://www.reddit.com/r/datascience/comments/1q0vtzx/official_2025_end_of_year_salary_sharing_thread/
True,Data Scientist,,2 years,123000.0,USD,Insurance,"Psych undergrad, MS in Analytics",15000.0,~12% of salary as yearly bonus (fluctuates YoY based on company-wide metrics),137500.0,"Feels a bit underpaid; interviewing for roles with >$150k total comp. Values non-comp benefits: good work-life balance, PTO policy, and culture. Internship: 3-month grad internship-to-hire at current company.",,https://www.reddit.com/r/datascience/comments/1q0vtzx/official_2025_end_of_year_salary_sharing_thread/nx3ydri/,,Moonlit_Sailor,,1,"* Title: Data Scientist
*     Tenure length: 2 years
*     Location: nyc remote
*     Salary: $123k
*     Company/Industry: Insurance
*     Education: Psych undergrad, MS in Analytics
*     Prior Experience: ~2 years of BI/Data Engineering experience, ~2 years in project management
*         Internship: 3 month grad internship to hire at current company
*     Signing Bonus: $15k
*     Recurring bonuses: ~12% of salary as yearly bonus (exact number fluctuates YoY based on company-wide metrics)
*     Total comp: ~137.5k

I feel like I'm currently a bit underpaid, and have had a couple of interviews for roles in the &gt;$150k total comp ballpark, though my current role has a lot of non comp related benefits (good w/l balance, good PTO policy, culture, etc.) that I also value pretty highly.",True,nyc remote,United States,New York City,"~2 years of BI/Data Engineering experience, ~2 years in project management",True,,,,,[Official] 2025 End of Year Salary Sharing thread,https://www.reddit.com/r/datascience/comments/1q0vtzx/official_2025_end_of_year_salary_sharing_thread/
True,Software Engineer,New Grad,,140000.0,USD,,,,RSUs mentioned as a factor separating upper-quartile compensation; not everyone receives RSUs.,,"Example from commenter: their company pays new grad SWEs around 140000 in NYC; if they are remote but choose to live in NYC, they receive 120000. Some companies have lower pay bands for remote employees regardless of location.",,https://www.reddit.com/r/datascience/comments/1q0vtzx/official_2025_end_of_year_salary_sharing_thread/nx5om4d/,,SwitchOrganic,,1,"You're probably a bit under for your location but not terribly so for your YOE. The main thing separating you from upper quartile comps is the lack of RSUs, but not everyone gets those despite what this thread may lead you to believe.

Being remote may also be hurting your compensation a bit. Some companies have lower bands for remote employees regardless of where they're located. For example, my company pays new grad SWEs around $140k in NYC, but if they're remote and choose to live in NYC they only get $120k.",,NYC,United States,New York City,,,,,,,[Official] 2025 End of Year Salary Sharing thread,https://www.reddit.com/r/datascience/comments/1q0vtzx/official_2025_end_of_year_salary_sharing_thread/
True,Senior Data Scientist,Senior,3.5 years,152000.0,USD,Energy,Bachelor in Physics,,,152000.0,,,https://www.reddit.com/r/datascience/comments/1q0vtzx/official_2025_end_of_year_salary_sharing_thread/nx5xx2w/,,datasci_throwaway11,,1,"Title: Senior Data Scientist

* Tenure length: 3.5 years
* Location: Remote PNW
* Salary: 152k
* Company/Industry: Energy
* Education: Bachelor in Physics
* Prior Experience: 8.5 total YOE as a data scientist in assorted startups
* Relocation/Signing Bonus: n/a
* Stock and/or recurring bonuses: n/a
* Total comp: 152k",True,Remote PNW,United States,,8.5 total YOE as a data scientist in assorted startups,,,,,,[Official] 2025 End of Year Salary Sharing thread,https://www.reddit.com/r/datascience/comments/1q0vtzx/official_2025_end_of_year_salary_sharing_thread/
True,Chief Data Architect,,2.5 years at company,230000.0,USD,Government Contractor,Master's in Data Science with emphasis on Data Engineering,,Approximately 20000 in annual bonuses; no equity mentioned,,New promotion at end of year. Plans to renegotiate the bonus structure for 2026.,,https://www.reddit.com/r/datascience/comments/1q0vtzx/official_2025_end_of_year_salary_sharing_thread/nx6tdi5/,,Zscore3,,1,"Chief Data Architect (New promotion at End of Year!)  
- 2.5 years at Company, 12 years experience in industry.  
- Govt Contractor in Washington DC.  
- $230k Salary w/ about $20k in annual bonuses. Going to renegotiate the bonus structure for 2026.   
- Master's in Data Science w/ emphasis on Data Engineering.",,Washington DC,United States,Washington DC,12 years experience in industry; 2.5 years at company,,,,,,[Official] 2025 End of Year Salary Sharing thread,https://www.reddit.com/r/datascience/comments/1q0vtzx/official_2025_end_of_year_salary_sharing_thread/
True,Lead ML Engineer,Lead,,160000.0,USD,Finance,BS/MS in Csci (ML focus in MS),,"15% target bonus (~25k this year), ~5k in stock purchase matching",190000.0,,,https://www.reddit.com/r/datascience/comments/1q0vtzx/official_2025_end_of_year_salary_sharing_thread/nx70ngk/,,The_Ozynandias,,1,"Title: Lead ML Engineer

* Location: Hybrid Midwest MCOL
* Salary: 160k
* Company/Industry: Finance
* Education: BS/MS in Csci (ML focus in MS)
* Prior Experience: 1 YOE at Company, 4 YOE total
* Relocation/Signing Bonus: N/A
* Stock/Recurring Bonuses: 15% target bonus (\~25k this year), \~5k in stock purchase matching
* Total Comp: \~190k",True,Hybrid Midwest MCOL,United States,,"1 YOE at Company, 4 YOE total",,,,,,[Official] 2025 End of Year Salary Sharing thread,https://www.reddit.com/r/datascience/comments/1q0vtzx/official_2025_end_of_year_salary_sharing_thread/
True,Senior MLOps Engineer,Senior,3.5 years with current (7 years total),155500.0,USD,Insurance,"BS in DS from SLAC, MS in CS from larger State University",15000.0,Annual bonus around 24000; no equity mentioned,191000.0,Total compensation figure includes 401(k) considerations; internship was non-DS related.,,https://www.reddit.com/r/datascience/comments/1q0vtzx/official_2025_end_of_year_salary_sharing_thread/nx7dz96/,,nullpointer1866,,1,"Senior MLOps Engineer
- LOC: Remote in the Midwest/Plains
- Tenure: 3.5 with current, 7 total
- Salary: $155,500
- Industry: Insurance
- Education: BS in DS from SLAC, MS in CS from larger State University
- Internships: 1 in undergrad, non-DS related 
- Signing: $15k
- Bonus: ~$24k in a normal year
- Total Comp: ~$191k when considering 401(k)",True,Remote in the Midwest/Plains,United States,,7 years total experience; 3.5 years with current employer,True,,,,,[Official] 2025 End of Year Salary Sharing thread,https://www.reddit.com/r/datascience/comments/1q0vtzx/official_2025_end_of_year_salary_sharing_thread/
True,Senior Director,Senior,,400000.0,USD,Consulting,PhD,,Bonus 150000,550000.0,,,https://www.reddit.com/r/datascience/comments/1q0vtzx/official_2025_end_of_year_salary_sharing_thread/nx7jitg/,,Popular_Taro8306,,1,"Sr Director 
- east coast MCOL
- 400k
- consulting 
- PhD
- total 6 YOE
- bonus 150k
- TC 550k",,east coast MCOL,United States,,total 6 YOE,,,,,,[Official] 2025 End of Year Salary Sharing thread,https://www.reddit.com/r/datascience/comments/1q0vtzx/official_2025_end_of_year_salary_sharing_thread/
True,DS,,2 years,125000.0,,Fintech,PhD in applied mathematics,5000.0,Annual bonus: 10%,,,,https://www.reddit.com/r/datascience/comments/1q0vtzx/official_2025_end_of_year_salary_sharing_thread/nx7kjsj/,,RottweilerRider,,1,"DS

⁠Tenure length: 2 years

Location: Remote 

Salary: $125k

⁠Company/Industry: Fintech

Education: PhD in applied mathematics 

⁠Prior Experience: 3 years DS experience 

Sign on Bonus: $5k

Annual bonus: 10%",True,Remote,,,3 years DS experience,,,,,,[Official] 2025 End of Year Salary Sharing thread,https://www.reddit.com/r/datascience/comments/1q0vtzx/official_2025_end_of_year_salary_sharing_thread/
True,,,3 years,121000.0,USD,Banking,MS in math and stats,0.0,$6-$10k per year merit bonus,,Total comp around $128-$132k,,https://www.reddit.com/r/datascience/comments/1q0vtzx/official_2025_end_of_year_salary_sharing_thread/nx9o26y/,,chocolatebuttcream,,1,"•	⁠Tenure length: 3 years

•	⁠Location: Utah, working remotely for Utah based company

•	⁠Salary: $121k

•	⁠Company/Industry: Banking

•	⁠Education: MS in math and stats

•	⁠Prior Experience: some unrelated experience in finance, but this was my first quantitative role

•	⁠Relocation/Signing Bonus: none

•	⁠Stock and/or recurring bonuses: $6-$10k per year merit bonus

•	⁠Total comp around $128-$132k",True,"Utah, working remotely for Utah based company",United States,,"Some unrelated experience in finance, but this was my first quantitative role",,,,,,[Official] 2025 End of Year Salary Sharing thread,https://www.reddit.com/r/datascience/comments/1q0vtzx/official_2025_end_of_year_salary_sharing_thread/
True,DS Director,Director,,242000.0,USD,Fin Tech,"MS Analytics, BS Mathematics",,"~$60,000 USD",300000.0,,,https://www.reddit.com/r/datascience/comments/1q0vtzx/official_2025_end_of_year_salary_sharing_thread/nxbqooi/,,goodyousername,,1,"•	⁠Title: DS Director

•	⁠Career length: ~9 YOE

•	⁠Location: NYC

•	⁠Salary: ~$242,000 USD

•	⁠Company/Industry: Fin Tech

•	⁠Education: MS Analytics, BS Mathematics

•	⁠Stock and/or recurring bonuses: ~$60,000 USD

•	⁠Total comp: ~$300,000 USD",,NYC,United States,New York City,~9 YOE,,,,,,[Official] 2025 End of Year Salary Sharing thread,https://www.reddit.com/r/datascience/comments/1q0vtzx/official_2025_end_of_year_salary_sharing_thread/
True,Data Scientist,,3 years,103000.0,EUR,Chemistry / Operations,PhD in Chemistry,2000.0,Recurring bonus: 10%,113000.0,Hybrid ~50/50 home-office/on-site. Comment notes total comp ~USD 130k.,,https://www.reddit.com/r/datascience/comments/1q0vtzx/official_2025_end_of_year_salary_sharing_thread/nxbsu3j/,,Massive_Arm_706,,1,"* **Title:** Data Scientist
* **Tenure length:** 3 years
* **Location:** Cologne, Germany (\~ 50/50 home-office/on-site)
* **Salary:** €103k
* **Company/Industry:** Chemistry / Operations
* **Education:** PhD in Chemistry
* **Prior Experience:** R&amp;D - 2 years of which were DS-adjacent
* **Relocation Bonus:** \~ €2000
* **Recurring bonuses:** 10%
* **Total comp:** €113k (\~USD 130k)",True,"Cologne, Germany (~ 50/50 home-office/on-site)",Germany,Cologne,R&D - 2 years of which were DS-adjacent,,,,,,[Official] 2025 End of Year Salary Sharing thread,https://www.reddit.com/r/datascience/comments/1q0vtzx/official_2025_end_of_year_salary_sharing_thread/
True,Software Engineer (web),,3.5 years,118000.0,EUR,Business Development,Bachelor's in Software Engineering,0.0,No stock; year-end premium equal to 1 month's salary,127833.33,Salary stated as gross; on-site role,,https://www.reddit.com/r/datascience/comments/1q0vtzx/official_2025_end_of_year_salary_sharing_thread/nxfthup/,,Exarillion,,1,"Software Engineer (web) 
* Tenure: 3.5 years experience 
* Location: Istanbul / On Site
* Salary: €118K (gross)
* Industry: Business Development
* Prior experience: 6 months of freelance web development 
* Education: Bachelor's in Software Engineering 
* No relocation or signing bonus
* No stock or any other bonus
* 1 months salary worth of premium at the end of the year",False,Istanbul / On Site,Turkey,Istanbul,6 months of freelance web development,,,,,,[Official] 2025 End of Year Salary Sharing thread,https://www.reddit.com/r/datascience/comments/1q0vtzx/official_2025_end_of_year_salary_sharing_thread/
True,Senior Data Scientist,Senior,2 years,171000.0,USD,Insurance,chemical engineering undergrad and Masters in Data Science,,Annual bonus: 10%,225000.0,"Relocation/Signing bonus listed as 20% (percentage, amount not specified).",,https://www.reddit.com/r/datascience/comments/1q0vtzx/official_2025_end_of_year_salary_sharing_thread/nxnpiyx/,,crazy_spider_monkey,,1,"Title: Senior Data Scientist
• Tenure length: 2 Years at current company (4 YOE)
• Location: NYC(Fully Remote)
• Salary: $171k base
• Company/Industry: Insurance
• Education: chemical engineering undergrad and Masters in Data Science
• Relocation/Signing Bonus: 20%
• Bonus: 10%
• Total comp: ~225K",True,NYC(Fully Remote),United States,New York City,4 YOE,,,,,,[Official] 2025 End of Year Salary Sharing thread,https://www.reddit.com/r/datascience/comments/1q0vtzx/official_2025_end_of_year_salary_sharing_thread/
True,Staff Data Scientist,Staff,12 years,250000.0,USD,FAANG,MS Stats,,"bonus ~20%, RSUs ~200k",500000.0,Relocation/Signing Bonus: n/a,,https://www.reddit.com/r/datascience/comments/1q0vtzx/official_2025_end_of_year_salary_sharing_thread/nxny1jc/,,Ok_Smile4745,,1,"Staff Data Scientist

* Tenure length: 12 years
* Location: Bay Area CA
* Salary: $250k
* Company/Industry: FAANG
* Education: MS Stats
* Relocation/Signing Bonus: n/a
* Stock and/or recurring bonuses: bonus \~20%, RSUs \~200k
* Total comp: \~$500k",,Bay Area CA,United States,San Francisco,,,,,,,[Official] 2025 End of Year Salary Sharing thread,https://www.reddit.com/r/datascience/comments/1q0vtzx/official_2025_end_of_year_salary_sharing_thread/
True,Senior Data Scientist,IC3,3 years,176000.0,USD,Healthtech,PhD in Physics,,"$27k cash bonus, $25k stock bonus (may be discontinued)",228000.0,Goes into the office about once a month; education field not related to current industry; expects cash and stock bonuses may go away this year.,,https://www.reddit.com/r/datascience/comments/1q0vtzx/official_2025_end_of_year_salary_sharing_thread/nxtpq7e/,,I-adore-you,,1,"**Title:** Senior Data Scientist (IC3)

* **Tenure length:** 3 years
* **Location:** NYC, though I go into the office like once a month
* **Salary:** $176k
* **Company/Industry:** Healthtech
* **Education:** Phd in Physics (not related to current industry)
* **Prior Experience:** 1 year at a pharma consulting firm after my phd
* **Stock and/or recurring bonuses:** $27k cash bonus, $25k stock bonus (though I think these will go away this year because why offer incentives when no one is leaving anyway 🥴)
* **Total comp: $228k**",True,"NYC, though I go into the office like once a month",United States,New York City,1 year at a pharma consulting firm after PhD,,,,,,[Official] 2025 End of Year Salary Sharing thread,https://www.reddit.com/r/datascience/comments/1q0vtzx/official_2025_end_of_year_salary_sharing_thread/
True,Lead Data Scientist,,3.5 years,170000.0,USD,Financial Services,PhD,,10k recurring bonus (no stock specified),180000.0,"Interesting job, great manager, great work-life balance. Company is strictly enforcing 5 days in office despite functionally remote work; 2-hour daily public transit commute; recently had first child and considering a new role.",,https://www.reddit.com/r/datascience/comments/1q0vtzx/official_2025_end_of_year_salary_sharing_thread/nxvxlf5/,,BingoTheBerserker,,1,"**Title:** Lead Data Scientist

* **Tenure length:** 3.5 years at current company
* **Location:** HCOL east coast, not NYC
   * **$Remote:**
* **Salary:** 170k
* **Company/Industry:** Financial Services 
* **Education:** PhD
* **Prior Experience:** 2 yo as an RnD scientist in pharma adjacent 
   * **$Internship**
   * **$Coop**
* **Relocation/Signing Bonus:**
* **Stock and/or recurring bonuses:** 10k
* **Total comp:** 180k

Interesting job, great manager, decent pay and great wlb. Requirement of 5 days in office is being strictly enforced even though I’m functionally a remote employee so I’ll probably be looking for  new gig. Just had my first kid and commuting for 2 hr/day even though it’s an easy commute on public transit is a drag.",False,"HCOL east coast, not NYC",United States,,2 years as an R&D scientist in pharma-adjacent,,,,,,[Official] 2025 End of Year Salary Sharing thread,https://www.reddit.com/r/datascience/comments/1q0vtzx/official_2025_end_of_year_salary_sharing_thread/
True,Data Scientist III,III,6.5 years,170000.0,,Health Technology,MS Data Science; BS Chemical Engineering,0.0,15K stock (stock performance poor); 17K cash (10%),200000.0,Compensation dropped significantly since 2021 after IPO; prior TC was 400-500K; stock performance is very poor now. Looking for new roles at Senior/Staff level.,,https://www.reddit.com/r/datascience/comments/1q0vtzx/official_2025_end_of_year_salary_sharing_thread/nz86qlo/,,thechickenownzu,,1,"Data Scientist III

* **Tenure length: 6.5 Years (4 Years DS official title, 10-12 YoE total in Data (Analytics))**
* **Location:**
   * **Hybrid/Remote Flexible**
* **Salary: 170K**
* **Company/Industry: Health Technology**
* **MS Data Science BS Chemical Engineering**
* **Prior Experience:**
   * **$Internship**
   * **$Coop**
* **Relocation/Signing Bonus: 0$**
* **Stock and/or recurring bonuses: 15K (Stock performance poor) 17K Cash (10%)** 
* **Total comp: 200K**

  
Note: Compensation has dropped significantly since 2021. Company had gone public and TC was 4-500K at one point, stock performance is very poor now. 

Looking for new roles Senior/Staff level.",True,Hybrid/Remote Flexible,,,10-12 years total in Data (Analytics); 4 years with DS official title,True,True,,,,[Official] 2025 End of Year Salary Sharing thread,https://www.reddit.com/r/datascience/comments/1q0vtzx/official_2025_end_of_year_salary_sharing_thread/
True,senior ds (analytics),Senior,8 yoe,180000.0,USD,big tech,,,,300000.0,,,https://www.reddit.com/r/datascience/comments/1q0vtzx/official_2025_end_of_year_salary_sharing_thread/o1urt9y/,,throw_tipsytechie,,1,"⁠title: senior ds (analytics)
Tenure length: 8 yoe 
•	⁠Location: Chicago 
	⁠•	⁠$Remote:
•	⁠Salary: $180k
•	⁠Company/Industry: big tech 
•	⁠Education:
•	⁠Prior Experience:
	⁠•	⁠$Internship
	⁠•	⁠$Coop
•	⁠Relocation/Signing Bonus:
•	⁠Stock and/or recurring bonuses:
•	⁠Total comp: $ ~300k",,Chicago,United States,Chicago,,,,,,,[Official] 2025 End of Year Salary Sharing thread,https://www.reddit.com/r/datascience/comments/1q0vtzx/official_2025_end_of_year_salary_sharing_thread/
True,Data Scientist,Senior,5 years with the company,130000.0,USD,Bank,Masters in CS,0.0,18%,165000.0,,,https://www.reddit.com/r/datascience/comments/1q0vtzx/official_2025_end_of_year_salary_sharing_thread/o2j42ey/,,[deleted],,1,"

**Title:** Senior Data Scientist

* **Tenure length:** 5 Years with the company
* **Location:** Atlanta
   * **$Remote:** Hybrid
* **Salary:** $130k
* **Company/Industry:** Bank
* **Education:** Masters in CS
* **Prior Experience:** 2 years in Data Analytics
* **Relocation/Signing Bonus:** None
* **Stock and/or recurring bonuses:**  18%
* **Total comp:** $165k",True,Atlanta,United States,Atlanta,2 years in Data Analytics,,,,,,[Official] 2025 End of Year Salary Sharing thread,https://www.reddit.com/r/datascience/comments/1q0vtzx/official_2025_end_of_year_salary_sharing_thread/
